id	address	size	success	function_name_b64	c_b64	error_b64
urn:ure:smg:re_FunctionVariant:rmge01-usasm:80011da0	0x80011DA0	12	true	RlVOXzgwMDExZGEw	CnZvaWQgRlVOXzgwMDExZGEwKHVuZGVmaW5lZDQgKnBhcmFtXzEsdW5kZWZpbmVkNCAqcGFyYW1fMikKCnsKICAqcGFyYW1fMSA9ICpwYXJhbV8yOwogIHJldHVybjsKfQoK	
urn:ure:smg:re_FunctionVariant:rmge01-usasm:80011dac	0x80011DAC	12	true	RlVOXzgwMDExZGFj	CnVpbnQgRlVOXzgwMDExZGFjKHVpbnQgKnBhcmFtXzEpCgp7CiAgcmV0dXJuICpwYXJhbV8xICYgMHhmOwp9Cgo=	
urn:ure:smg:re_FunctionVariant:rmge01-usasm:80011db8	0x80011DB8	12	true	RlVOXzgwMDExZGI4	CnVpbnQgRlVOXzgwMDExZGI4KHVpbnQgKnBhcmFtXzEpCgp7CiAgcmV0dXJuICpwYXJhbV8xID4+IDQgJiAweGY7Cn0KCg==	
urn:ure:smg:re_FunctionVariant:rmge01-usasm:80011dc4	0x80011DC4	12	true	RlVOXzgwMDExZGM0	CnVpbnQgRlVOXzgwMDExZGM0KHVpbnQgKnBhcmFtXzEpCgp7CiAgcmV0dXJuICpwYXJhbV8xID4+IDggJiAweGY7Cn0KCg==	
urn:ure:smg:re_FunctionVariant:rmge01-usasm:80011dd0	0x80011DD0	12	true	RlVOXzgwMDExZGQw	CnVpbnQgRlVOXzgwMDExZGQwKHVpbnQgKnBhcmFtXzEpCgp7CiAgcmV0dXJuICpwYXJhbV8xID4+IDB4MTkgJiAxOwp9Cgo=	
urn:ure:smg:re_FunctionVariant:rmge01-usasm:80011ddc	0x80011DDC	12	true	RlVOXzgwMDExZGRj	CnVpbnQgRlVOXzgwMDExZGRjKHVpbnQgKnBhcmFtXzEpCgp7CiAgcmV0dXJuICpwYXJhbV8xID4+IDB4MWIgJiAxOwp9Cgo=	
urn:ure:smg:re_FunctionVariant:rmge01-usasm:80011de8	0x80011DE8	12	true	RlVOXzgwMDExZGU4	CnVpbnQgRlVOXzgwMDExZGU4KHVpbnQgKnBhcmFtXzEpCgp7CiAgcmV0dXJuICpwYXJhbV8xID4+IDB4YyAmIDE7Cn0KCg==	
urn:ure:smg:re_FunctionVariant:rmge01-usasm:80011df4	0x80011DF4	12	true	RlVOXzgwMDExZGY0	CnVpbnQgRlVOXzgwMDExZGY0KHVpbnQgKnBhcmFtXzEpCgp7CiAgcmV0dXJuICpwYXJhbV8xID4+IDB4MTcgJiAxOwp9Cgo=	
urn:ure:smg:re_FunctionVariant:rmge01-usasm:80011e00	0x80011E00	12	true	RlVOXzgwMDExZTAw	CnVpbnQgRlVOXzgwMDExZTAwKHVpbnQgKnBhcmFtXzEpCgp7CiAgcmV0dXJuICpwYXJhbV8xID4+IDB4MTggJiAxOwp9Cgo=	
urn:ure:smg:re_FunctionVariant:rmge01-usasm:80011e0c	0x80011E0C	12	true	RlVOXzgwMDExZTBj	CnVpbnQgRlVOXzgwMDExZTBjKHVpbnQgKnBhcmFtXzEpCgp7CiAgcmV0dXJuICpwYXJhbV8xID4+IDB4ZCAmIDM7Cn0KCg==	
urn:ure:smg:re_FunctionVariant:rmge01-usasm:80011e18	0x80011E18	12	true	RlVOXzgwMDExZTE4	CnVpbnQgRlVOXzgwMDExZTE4KHVpbnQgKnBhcmFtXzEpCgp7CiAgcmV0dXJuICpwYXJhbV8xID4+IDB4ZiAmIDc7Cn0KCg==	
urn:ure:smg:re_FunctionVariant:rmge01-usasm:80011e24	0x80011E24	12	true	RlVOXzgwMDExZTI0	CnVpbnQgRlVOXzgwMDExZTI0KHVpbnQgKnBhcmFtXzEpCgp7CiAgcmV0dXJuICpwYXJhbV8xID4+IDB4MTIgJiAweDFmOwp9Cgo=	
urn:ure:smg:re_FunctionVariant:rmge01-usasm:80011e44	0x80011E44	12	true	RlVOXzgwMDExZTQ0	CmJ5dGUgRlVOXzgwMDExZTQ0KGludCBwYXJhbV8xKQoKewogIHJldHVybiAqKGJ5dGUgKikocGFyYW1fMSArIDIpICYgMzsKfQoK	
urn:ure:smg:re_FunctionVariant:rmge01-usasm:80011e50	0x80011E50	12	true	RlVOXzgwMDExZTUw	CmJ5dGUgRlVOXzgwMDExZTUwKGludCBwYXJhbV8xKQoKewogIHJldHVybiAqKGJ5dGUgKikocGFyYW1fMSArIDMpICYgMzsKfQoK	
urn:ure:smg:re_FunctionVariant:rmge01-usasm:80011f04	0x80011F04	12	true	RlVOXzgwMDExZjA0	CnZvaWQgRlVOXzgwMDExZjA0KHVuZGVmaW5lZDEgKnBhcmFtXzEsdW5kZWZpbmVkMSAqcGFyYW1fMikKCnsKICAqcGFyYW1fMSA9ICpwYXJhbV8yOwogIHJldHVybjsKfQoK	
urn:ure:smg:re_FunctionVariant:rmge01-usasm:800147bc	0x800147BC	12	true	RlVOXzgwMDE0N2Jj	CnVuZGVmaW5lZDIgRlVOXzgwMDE0N2JjKGludCBwYXJhbV8xKQoKewogIHJldHVybiAqKHVuZGVmaW5lZDIgKikoKihpbnQgKikocGFyYW1fMSArIDB4YykgKyA4KTsKfQoK	
urn:ure:smg:re_FunctionVariant:rmge01-usasm:80018d8c:100046	0x80018D8C	12	true	RlVOXzgwMDE4ZDhj	CnZvaWQgRlVOXzgwMDE4ZDhjKGludCBwYXJhbV8xLGludCBwYXJhbV8yKQoKewogICoodW5kZWZpbmVkNCAqKShwYXJhbV8xICsgMHgxNCkgPSAqKHVuZGVmaW5lZDQgKikocGFyYW1fMiArIDB4MTQpOwogIHJldHVybjsKfQoK	
urn:ure:smg:re_FunctionVariant:rmge01-usasm:8001b788:100084	0x8001B788	12	true	RlVOXzgwMDFiNzg4	CnZvaWQgRlVOXzgwMDFiNzg4KGludCBwYXJhbV8xKQoKewogIGRvdWJsZSBpbl9mMTsKICAKICAqKGZsb2F0ICopKCooaW50ICopKHBhcmFtXzEgKyAweDIwKSArIDB4YykgPSAoZmxvYXQpaW5fZjE7CiAgcmV0dXJuOwp9Cgo=	
urn:ure:smg:re_FunctionVariant:rmge01-usasm:8001e240:200036	0x8001E240	12	false			bm8gZnVuY3Rpb24gYXQgZXhhY3QgZW50cnk=
urn:ure:smg:re_FunctionVariant:rmge01-usasm:8001e24c:200037	0x8001E24C	12	true	RlVOXzgwMDFlMjRj	CnVuZGVmaW5lZDQgRlVOXzgwMDFlMjRjKGludCBwYXJhbV8xKQoKewogIHJldHVybiAqKHVuZGVmaW5lZDQgKikoKihpbnQgKikocGFyYW1fMSArIDB4YykgKyA0KTsKfQoK	
urn:ure:smg:re_FunctionVariant:rmge01-usasm:80021cd4:200087	0x80021CD4	12	true	RlVOXzgwMDIxY2Q0	CnVpbnQgRlVOXzgwMDIxY2Q0KGludCBwYXJhbV8xKQoKewogIHJldHVybiAqKHVpbnQgKikocGFyYW1fMSArIDB4MTgpICYgMHhmZmZmOwp9Cgo=	
urn:ure:smg:re_FunctionVariant:rmge01-usasm:8002a6fc	0x8002A6FC	12	true	RlVOXzgwMDJhNmZj	CnVuZGVmaW5lZDQgRlVOXzgwMDJhNmZjKHZvaWQpCgp7CiAgaW50IHVuYWZmX19yMTM7CiAgCiAgcmV0dXJuICoodW5kZWZpbmVkNCAqKSgqKGludCAqKSh1bmFmZl9fcjEzICsgLTB4Njc5MCkgKyAweDlmOCk7Cn0KCg==	
urn:ure:smg:re_FunctionVariant:rmge01-usasm:8002a708	0x8002A708	12	true	RlVOXzgwMDJhNzA4	CmludCBGVU5fODAwMmE3MDgodm9pZCkKCnsKICBpbnQgdW5hZmZfX3IxMzsKICAKICByZXR1cm4gKihpbnQgKikodW5hZmZfX3IxMyArIC0weDY3OTApICsgMHg5ZmM7Cn0KCg==	
urn:ure:smg:re_FunctionVariant:rmge01-usasm:8002a714	0x8002A714	12	true	RlVOXzgwMDJhNzE0	CnVuZGVmaW5lZDQgRlVOXzgwMDJhNzE0KHZvaWQpCgp7CiAgaW50IHVuYWZmX19yMTM7CiAgCiAgcmV0dXJuICoodW5kZWZpbmVkNCAqKSgqKGludCAqKSh1bmFmZl9fcjEzICsgLTB4Njc5MCkgKyAweDlmYyk7Cn0KCg==	
urn:ure:smg:re_FunctionVariant:rmge01-usasm:8002a720	0x8002A720	12	true	RlVOXzgwMDJhNzIw	CnVuZGVmaW5lZDQgRlVOXzgwMDJhNzIwKHZvaWQpCgp7CiAgaW50IHVuYWZmX19yMTM7CiAgCiAgcmV0dXJuICoodW5kZWZpbmVkNCAqKSgqKGludCAqKSh1bmFmZl9fcjEzICsgLTB4Njc5MCkgKyAweGEwMCk7Cn0KCg==	
urn:ure:smg:re_FunctionVariant:rmge01-usasm:8002a780	0x8002A780	12	true	RlVOXzgwMDJhNzgw	CnVuZGVmaW5lZDQgRlVOXzgwMDJhNzgwKHZvaWQpCgp7CiAgaW50IHVuYWZmX19yMTM7CiAgCiAgcmV0dXJuICoodW5kZWZpbmVkNCAqKSgqKGludCAqKSh1bmFmZl9fcjEzICsgLTB4Njc5MCkgKyAweDllYyk7Cn0KCg==	
urn:ure:smg:re_FunctionVariant:rmge01-usasm:8002a78c	0x8002A78C	12	true	RlVOXzgwMDJhNzhj	CnVuZGVmaW5lZDQgRlVOXzgwMDJhNzhjKHZvaWQpCgp7CiAgaW50IHVuYWZmX19yMTM7CiAgCiAgcmV0dXJuICoodW5kZWZpbmVkNCAqKSgqKGludCAqKSh1bmFmZl9fcjEzICsgLTB4Njc5MCkgKyAweDlmMCk7Cn0KCg==	
urn:ure:smg:re_FunctionVariant:rmge01-usasm:8002a798	0x8002A798	12	true	RlVOXzgwMDJhNzk4	CnVuZGVmaW5lZDQgRlVOXzgwMDJhNzk4KHZvaWQpCgp7CiAgaW50IHVuYWZmX19yMTM7CiAgCiAgcmV0dXJuICoodW5kZWZpbmVkNCAqKSgqKGludCAqKSh1bmFmZl9fcjEzICsgLTB4Njc5MCkgKyAweDEyZmMpOwp9Cgo=	
urn:ure:smg:re_FunctionVariant:rmge01-usasm:8002a7a4	0x8002A7A4	12	true	RlVOXzgwMDJhN2E0	CnVuZGVmaW5lZDQgRlVOXzgwMDJhN2E0KHZvaWQpCgp7CiAgaW50IHVuYWZmX19yMTM7CiAgCiAgcmV0dXJuICoodW5kZWZpbmVkNCAqKSgqKGludCAqKSh1bmFmZl9fcjEzICsgLTB4Njc5MCkgKyAweDEzMDApOwp9Cgo=	
urn:ure:smg:re_FunctionVariant:rmge01-usasm:8002a7b0	0x8002A7B0	12	true	RlVOXzgwMDJhN2Iw	CnVuZGVmaW5lZDQgRlVOXzgwMDJhN2IwKHZvaWQpCgp7CiAgaW50IHVuYWZmX19yMTM7CiAgCiAgcmV0dXJuICoodW5kZWZpbmVkNCAqKSgqKGludCAqKSh1bmFmZl9fcjEzICsgLTB4Njc5MCkgKyAweDlmNCk7Cn0KCg==	
urn:ure:smg:re_FunctionVariant:rmge01-usasm:8002a7bc	0x8002A7BC	12	true	RlVOXzgwMDJhN2Jj	CnVuZGVmaW5lZDQgRlVOXzgwMDJhN2JjKHZvaWQpCgp7CiAgaW50IHVuYWZmX19yMTM7CiAgCiAgcmV0dXJuICoodW5kZWZpbmVkNCAqKSgqKGludCAqKSh1bmFmZl9fcjEzICsgLTB4Njc5MCkgKyAweDEzMDQpOwp9Cgo=	
urn:ure:smg:re_FunctionVariant:rmge01-usasm:80031fbc	0x80031FBC	12	false			bm8gZnVuY3Rpb24gYXQgZXhhY3QgZW50cnk=
urn:ure:smg:re_FunctionVariant:rmge01-usasm:80031fc8	0x80031FC8	12	false			bm8gZnVuY3Rpb24gYXQgZXhhY3QgZW50cnk=
urn:ure:smg:re_FunctionVariant:rmge01-usasm:80032ba0	0x80032BA0	12	true	RlVOXzgwMDMyYmEw	CmNoYXIgKiBGVU5fODAwMzJiYTAodm9pZCkKCnsKICByZXR1cm4gc19fQXVkaW9SZXNfU3BrUmVzX1Nwa1Jlc19hcmNfODA1MmY4Yjg7Cn0KCg==	
urn:ure:smg:re_FunctionVariant:rmge01-usasm:8003d32c	0x8003D32C	12	true	RlVOXzgwMDNkMzJj	CnZvaWQgRlVOXzgwMDNkMzJjKGludCBwYXJhbV8xKQoKewogICoodW5kZWZpbmVkNCAqKShwYXJhbV8xICsgMHg0YykgPSAwOwogIHJldHVybjsKfQoK	
urn:ure:smg:re_FunctionVariant:rmge01-usasm:80042ce4	0x80042CE4	12	true	RlVOXzgwMDQyY2U0	CnZvaWQgRlVOXzgwMDQyY2U0KHZvaWQpCgp7CiAgRlVOXzgwMDNjYzEwKCk7CiAgcmV0dXJuOwp9Cgo=	
urn:ure:smg:re_FunctionVariant:rmge01-usasm:80047e08	0x80047E08	12	true	RlVOXzgwMDQ3ZTA4	CnZvaWQgRlVOXzgwMDQ3ZTA4KGludCBwYXJhbV8xKQoKewogICoodW5kZWZpbmVkMSAqKShwYXJhbV8xICsgMHgxOCkgPSAxOwogIHJldHVybjsKfQoK	
urn:ure:smg:re_FunctionVariant:rmge01-usasm:80047e14	0x80047E14	12	true	RlVOXzgwMDQ3ZTE0	CnZvaWQgRlVOXzgwMDQ3ZTE0KGludCBwYXJhbV8xKQoKewogICoodW5kZWZpbmVkMSAqKShwYXJhbV8xICsgMHgxOCkgPSAwOwogIHJldHVybjsKfQoK	
urn:ure:smg:re_FunctionVariant:rmge01-usasm:8004b13c	0x8004B13C	12	true	RlVOXzgwMDRiMTNj	CnZvaWQgRlVOXzgwMDRiMTNjKGludCBwYXJhbV8xKQoKewogICoodW5kZWZpbmVkNCAqKShwYXJhbV8xICsgMHgxNCkgPSAwOwogIHJldHVybjsKfQoK	
urn:ure:smg:re_FunctionVariant:rmge01-usasm:8004b148	0x8004B148	12	true	RlVOXzgwMDRiMTQ4	CnZvaWQgRlVOXzgwMDRiMTQ4KGludCBwYXJhbV8xKQoKewogICoodW5kZWZpbmVkNCAqKShwYXJhbV8xICsgMHgxNCkgPSAxOwogIHJldHVybjsKfQoK	
urn:ure:smg:re_FunctionVariant:rmge01-usasm:8004f9a8	0x8004F9A8	12	true	RlVOXzgwMDRmOWE4	CnZvaWQgRlVOXzgwMDRmOWE4KGludCBwYXJhbV8xKQoKewogIEZVTl84MDA1MGQ1YygqKHVuZGVmaW5lZDQgKikocGFyYW1fMSArIDB4MTI0KSwxKTsKICByZXR1cm47Cn0KCg==	
urn:ure:smg:re_FunctionVariant:rmge01-usasm:8005f128	0x8005F128	12	true	RlVOXzgwMDVmMTI4	CnVuZGVmaW5lZDEgRlVOXzgwMDVmMTI4KGludCBwYXJhbV8xKQoKewogIHJldHVybiAqKHVuZGVmaW5lZDEgKikoKihpbnQgKikocGFyYW1fMSArIDB4OTgpICsgMHgyMCk7Cn0KCg==	
urn:ure:smg:re_FunctionVariant:rmge01-usasm:8005f144	0x8005F144	12	true	RlVOXzgwMDVmMTQ0	CnZvaWQgRlVOXzgwMDVmMTQ0KGludCBwYXJhbV8xKQoKewogIEZVTl84MDE1YmNlOCgqKHVuZGVmaW5lZDQgKikocGFyYW1fMSArIDB4YTQpLDB4ZmZmZmZmZmYpOwogIHJldHVybjsKfQoK	
urn:ure:smg:re_FunctionVariant:rmge01-usasm:8005f158	0x8005F158	12	false			bm8gZnVuY3Rpb24gYXQgZXhhY3QgZW50cnk=
urn:ure:smg:re_FunctionVariant:rmge01-usasm:8005f26c	0x8005F26C	12	true	RlVOXzgwMDVmMjZj	CnVuZGVmaW5lZDQgRlVOXzgwMDVmMjZjKGludCBwYXJhbV8xKQoKewogIHJldHVybiAqKHVuZGVmaW5lZDQgKikoKihpbnQgKikocGFyYW1fMSArIDB4YTApICsgMHgzOCk7Cn0KCg==	
urn:ure:smg:re_FunctionVariant:rmge01-usasm:8005f278	0x8005F278	12	true	RlVOXzgwMDVmMjc4	CnVuZGVmaW5lZDQgRlVOXzgwMDVmMjc4KGludCBwYXJhbV8xKQoKewogIHJldHVybiAqKHVuZGVmaW5lZDQgKikoKihpbnQgKikocGFyYW1fMSArIDB4YTApICsgMHgzYyk7Cn0KCg==	
urn:ure:smg:re_FunctionVariant:rmge01-usasm:8005f284	0x8005F284	12	true	RlVOXzgwMDVmMjg0	CnVuZGVmaW5lZDQgRlVOXzgwMDVmMjg0KGludCBwYXJhbV8xKQoKewogIHJldHVybiAqKHVuZGVmaW5lZDQgKikoKihpbnQgKikocGFyYW1fMSArIDB4YTApICsgMHg0MCk7Cn0KCg==	
urn:ure:smg:re_FunctionVariant:rmge01-usasm:8005f2e0	0x8005F2E0	12	true	RlVOXzgwMDVmMmUw	CnVuZGVmaW5lZDQgRlVOXzgwMDVmMmUwKGludCBwYXJhbV8xKQoKewogIHJldHVybiAqKHVuZGVmaW5lZDQgKikoKihpbnQgKikocGFyYW1fMSArIDB4YTApICsgMHgxOCk7Cn0KCg==	
urn:ure:smg:re_FunctionVariant:rmge01-usasm:8005f2ec	0x8005F2EC	12	true	RlVOXzgwMDVmMmVj	CnVuZGVmaW5lZDQgRlVOXzgwMDVmMmVjKGludCBwYXJhbV8xKQoKewogIHJldHVybiAqKHVuZGVmaW5lZDQgKikoKihpbnQgKikocGFyYW1fMSArIDB4YTApICsgMHg0NCk7Cn0KCg==	
urn:ure:smg:re_FunctionVariant:rmge01-usasm:8005f2f8	0x8005F2F8	12	true	RlVOXzgwMDVmMmY4	CnVuZGVmaW5lZDQgRlVOXzgwMDVmMmY4KGludCBwYXJhbV8xKQoKewogIHJldHVybiAqKHVuZGVmaW5lZDQgKikoKihpbnQgKikocGFyYW1fMSArIDB4YTApICsgMHg0OCk7Cn0KCg==	
urn:ure:smg:re_FunctionVariant:rmge01-usasm:8005f31c	0x8005F31C	12	true	RlVOXzgwMDVmMzFj	CnVuZGVmaW5lZDQgRlVOXzgwMDVmMzFjKGludCBwYXJhbV8xKQoKewogIHJldHVybiAqKHVuZGVmaW5lZDQgKikoKihpbnQgKikocGFyYW1fMSArIDB4YTApICsgMHgxYyk7Cn0KCg==	
urn:ure:smg:re_FunctionVariant:rmge01-usasm:8005f7fc	0x8005F7FC	12	true	RlVOXzgwMDVmN2Zj	CnVuZGVmaW5lZDQgRlVOXzgwMDVmN2ZjKGludCBwYXJhbV8xKQoKewogIHJldHVybiAqKHVuZGVmaW5lZDQgKikoKihpbnQgKikocGFyYW1fMSArIDB4YTApICsgMHg1Yyk7Cn0KCg==	
urn:ure:smg:re_FunctionVariant:rmge01-usasm:8005f808	0x8005F808	12	true	RlVOXzgwMDVmODA4	CnVuZGVmaW5lZDQgRlVOXzgwMDVmODA4KGludCBwYXJhbV8xKQoKewogIHJldHVybiAqKHVuZGVmaW5lZDQgKikoKihpbnQgKikocGFyYW1fMSArIDB4YTApICsgMHg2MCk7Cn0KCg==	
urn:ure:smg:re_FunctionVariant:rmge01-usasm:8005f814	0x8005F814	12	true	RlVOXzgwMDVmODE0	CnVuZGVmaW5lZDQgRlVOXzgwMDVmODE0KGludCBwYXJhbV8xKQoKewogIHJldHVybiAqKHVuZGVmaW5lZDQgKikoKihpbnQgKikocGFyYW1fMSArIDB4YTApICsgMTAwKTsKfQoK	
urn:ure:smg:re_FunctionVariant:rmge01-usasm:8005f820	0x8005F820	12	true	RlVOXzgwMDVmODIw	CnVuZGVmaW5lZDQgRlVOXzgwMDVmODIwKGludCBwYXJhbV8xKQoKewogIHJldHVybiAqKHVuZGVmaW5lZDQgKikoKihpbnQgKikocGFyYW1fMSArIDB4YTApICsgMHg2OCk7Cn0KCg==	
urn:ure:smg:re_FunctionVariant:rmge01-usasm:8005f82c	0x8005F82C	12	true	RlVOXzgwMDVmODJj	CnVuZGVmaW5lZDQgRlVOXzgwMDVmODJjKGludCBwYXJhbV8xKQoKewogIHJldHVybiAqKHVuZGVmaW5lZDQgKikoKihpbnQgKikocGFyYW1fMSArIDB4YTApICsgMHg2Yyk7Cn0KCg==	
urn:ure:smg:re_FunctionVariant:rmge01-usasm:8005f838	0x8005F838	12	true	RlVOXzgwMDVmODM4	CnVuZGVmaW5lZDQgRlVOXzgwMDVmODM4KGludCBwYXJhbV8xKQoKewogIHJldHVybiAqKHVuZGVmaW5lZDQgKikoKihpbnQgKikocGFyYW1fMSArIDB4YTApICsgMHg3MCk7Cn0KCg==	
urn:ure:smg:re_FunctionVariant:rmge01-usasm:8005fa2c	0x8005FA2C	12	true	RlVOXzgwMDVmYTJj	CnZvaWQgRlVOXzgwMDVmYTJjKHVuZGVmaW5lZDQgcGFyYW1fMSkKCnsKICBGVU5fODAzZjk3Y2MoMSxwYXJhbV8xKTsKICByZXR1cm47Cn0KCg==	
urn:ure:smg:re_FunctionVariant:rmge01-usasm:8005fa38	0x8005FA38	12	false			bm8gZnVuY3Rpb24gYXQgZXhhY3QgZW50cnk=
urn:ure:smg:re_FunctionVariant:rmge01-usasm:8005fa44	0x8005FA44	12	true	RlVOXzgwMDVmYTQ0	CnZvaWQgRlVOXzgwMDVmYTQ0KHZvaWQpCgp7CiAgRlVOXzgwM2Y5N2NjKDMsMHgxZSk7CiAgcmV0dXJuOwp9Cgo=	
urn:ure:smg:re_FunctionVariant:rmge01-usasm:8005fa50	0x8005FA50	12	true	RlVOXzgwMDVmYTUw	CnZvaWQgRlVOXzgwMDVmYTUwKHZvaWQpCgp7CiAgRlVOXzgwM2Y5N2NjKDQsMHgxZSk7CiAgcmV0dXJuOwp9Cgo=	
urn:ure:smg:re_FunctionVariant:rmge01-usasm:80060f20	0x80060F20	12	false			bm8gZnVuY3Rpb24gYXQgZXhhY3QgZW50cnk=
urn:ure:smg:re_FunctionVariant:rmge01-usasm:80061618	0x80061618	12	true	RlVOXzgwMDYxNjE4	CnZvaWQgRlVOXzgwMDYxNjE4KGludCBwYXJhbV8xKQoKewogIEZVTl84MDNiZTYzMCgqKGludCAqKShwYXJhbV8xICsgOCksKihpbnQgKikocGFyYW1fMSArIDgpICsgMHg4Yyk7CiAgcmV0dXJuOwp9Cgo=	
urn:ure:smg:re_FunctionVariant:rmge01-usasm:8006e8a0	0x8006E8A0	12	false			bm8gZnVuY3Rpb24gYXQgZXhhY3QgZW50cnk=
urn:ure:smg:re_FunctionVariant:rmge01-usasm:8006e8ac	0x8006E8AC	12	false			bm8gZnVuY3Rpb24gYXQgZXhhY3QgZW50cnk=
urn:ure:smg:re_FunctionVariant:rmge01-usasm:8006e8b8	0x8006E8B8	12	true	RlVOXzgwMDZlOGI4	CnZvaWQgRlVOXzgwMDZlOGI4KHVuZGVmaW5lZDQgcGFyYW1fMSx1bmRlZmluZWQ0IHBhcmFtXzIpCgp7CiAgRlVOXzgwMDZlYjM4KHBhcmFtXzEscGFyYW1fMixzX0JyZWFrVGhpcmRfODA1NWIxODIpOwogIHJldHVybjsKfQoK	
urn:ure:smg:re_FunctionVariant:rmge01-usasm:80078aa8	0x80078AA8	12	true	RlVOXzgwMDc4YWE4	CnVuZGVmaW5lZDQgRlVOXzgwMDc4YWE4KGludCBwYXJhbV8xKQoKewogIHJldHVybiAqKHVuZGVmaW5lZDQgKikoKihpbnQgKikocGFyYW1fMSArIDB4MTA4KSArIDgpOwp9Cgo=	
urn:ure:smg:re_FunctionVariant:rmge01-usasm:80079798	0x80079798	12	true	RlVOXzgwMDc5Nzk4	CnVuZGVmaW5lZDQgRlVOXzgwMDc5Nzk4KGludCBwYXJhbV8xKQoKewogIHJldHVybiAqKHVuZGVmaW5lZDQgKikoKihpbnQgKikocGFyYW1fMSArIDB4MTA4KSArIDgpOwp9Cgo=	
urn:ure:smg:re_FunctionVariant:rmge01-usasm:8007b820	0x8007B820	12	true	RlVOXzgwMDdiODIw	CnVuZGVmaW5lZDEgRlVOXzgwMDdiODIwKGludCBwYXJhbV8xLGludCBwYXJhbV8yKQoKewogIHJldHVybiAqKHVuZGVmaW5lZDEgKikoKihpbnQgKikocGFyYW1fMSArIDB4OTApICsgcGFyYW1fMik7Cn0KCg==	
urn:ure:smg:re_FunctionVariant:rmge01-usasm:8007e2e0	0x8007E2E0	12	true	RlVOXzgwMDdlMmUw	CnZvaWQgRlVOXzgwMDdlMmUwKGludCBwYXJhbV8xKQoKewogICoodW5kZWZpbmVkMSAqKShwYXJhbV8xICsgMHgyMCkgPSAwOwogIHJldHVybjsKfQoK	
urn:ure:smg:re_FunctionVariant:rmge01-usasm:80082e44	0x80082E44	12	true	RlVOXzgwMDgyZTQ0	CnVuZGVmaW5lZDQgRlVOXzgwMDgyZTQ0KGludCBwYXJhbV8xKQoKewogIHJldHVybiAqKHVuZGVmaW5lZDQgKikoKihpbnQgKikocGFyYW1fMSArIDB4OTApICsgNCk7Cn0KCg==	
urn:ure:smg:re_FunctionVariant:rmge01-usasm:80082e50	0x80082E50	12	true	RlVOXzgwMDgyZTUw	CnVuZGVmaW5lZDQgRlVOXzgwMDgyZTUwKGludCBwYXJhbV8xKQoKewogIHJldHVybiAqKHVuZGVmaW5lZDQgKikoKihpbnQgKikocGFyYW1fMSArIDB4OTApICsgOCk7Cn0KCg==	
urn:ure:smg:re_FunctionVariant:rmge01-usasm:80082e5c	0x80082E5C	12	true	RlVOXzgwMDgyZTVj	CnVuZGVmaW5lZDQgRlVOXzgwMDgyZTVjKGludCBwYXJhbV8xKQoKewogIHJldHVybiAqKHVuZGVmaW5lZDQgKikoKihpbnQgKikocGFyYW1fMSArIDB4OTApICsgMHhjKTsKfQoK	
urn:ure:smg:re_FunctionVariant:rmge01-usasm:80082e68	0x80082E68	12	true	RlVOXzgwMDgyZTY4	CnVuZGVmaW5lZDQgRlVOXzgwMDgyZTY4KGludCBwYXJhbV8xKQoKewogIHJldHVybiAqKHVuZGVmaW5lZDQgKikoKihpbnQgKikocGFyYW1fMSArIDB4OTApICsgMHgxMCk7Cn0KCg==	
urn:ure:smg:re_FunctionVariant:rmge01-usasm:80082e74	0x80082E74	12	true	RlVOXzgwMDgyZTc0	CnVuZGVmaW5lZDQgRlVOXzgwMDgyZTc0KGludCBwYXJhbV8xKQoKewogIHJldHVybiAqKHVuZGVmaW5lZDQgKikoKihpbnQgKikocGFyYW1fMSArIDB4OTApICsgMHgxNCk7Cn0KCg==	
urn:ure:smg:re_FunctionVariant:rmge01-usasm:80082e80	0x80082E80	12	true	RlVOXzgwMDgyZTgw	CnVuZGVmaW5lZDQgRlVOXzgwMDgyZTgwKGludCBwYXJhbV8xKQoKewogIHJldHVybiAqKHVuZGVmaW5lZDQgKikoKihpbnQgKikocGFyYW1fMSArIDB4OTApICsgMHgxOCk7Cn0KCg==	
urn:ure:smg:re_FunctionVariant:rmge01-usasm:80082e8c	0x80082E8C	12	true	RlVOXzgwMDgyZThj	CnVuZGVmaW5lZDQgRlVOXzgwMDgyZThjKGludCBwYXJhbV8xKQoKewogIHJldHVybiAqKHVuZGVmaW5lZDQgKikoKihpbnQgKikocGFyYW1fMSArIDB4OTApICsgMHgxYyk7Cn0KCg==	
urn:ure:smg:re_FunctionVariant:rmge01-usasm:80082e98	0x80082E98	12	true	RlVOXzgwMDgyZTk4	CnVuZGVmaW5lZDQgRlVOXzgwMDgyZTk4KGludCBwYXJhbV8xKQoKewogIHJldHVybiAqKHVuZGVmaW5lZDQgKikoKihpbnQgKikocGFyYW1fMSArIDB4OTApICsgMHg0MCk7Cn0KCg==	
urn:ure:smg:re_FunctionVariant:rmge01-usasm:80082ea4	0x80082EA4	12	true	RlVOXzgwMDgyZWE0	CnVuZGVmaW5lZDQgRlVOXzgwMDgyZWE0KGludCBwYXJhbV8xKQoKewogIHJldHVybiAqKHVuZGVmaW5lZDQgKikoKihpbnQgKikocGFyYW1fMSArIDB4OTApICsgMHg0NCk7Cn0KCg==	
urn:ure:smg:re_FunctionVariant:rmge01-usasm:80082eb0	0x80082EB0	12	true	RlVOXzgwMDgyZWIw	CnVuZGVmaW5lZDQgRlVOXzgwMDgyZWIwKGludCBwYXJhbV8xKQoKewogIHJldHVybiAqKHVuZGVmaW5lZDQgKikoKihpbnQgKikocGFyYW1fMSArIDB4OTApICsgMHg0OCk7Cn0KCg==	
urn:ure:smg:re_FunctionVariant:rmge01-usasm:80082ebc	0x80082EBC	12	true	RlVOXzgwMDgyZWJj	CnVuZGVmaW5lZDQgRlVOXzgwMDgyZWJjKGludCBwYXJhbV8xKQoKewogIHJldHVybiAqKHVuZGVmaW5lZDQgKikoKihpbnQgKikocGFyYW1fMSArIDB4OTApICsgMHg0Yyk7Cn0KCg==	
urn:ure:smg:re_FunctionVariant:rmge01-usasm:80082ec8	0x80082EC8	12	true	RlVOXzgwMDgyZWM4	CnVuZGVmaW5lZDQgRlVOXzgwMDgyZWM4KGludCBwYXJhbV8xKQoKewogIHJldHVybiAqKHVuZGVmaW5lZDQgKikoKihpbnQgKikocGFyYW1fMSArIDB4OTApICsgMHg1MCk7Cn0KCg==	
urn:ure:smg:re_FunctionVariant:rmge01-usasm:80082ed4	0x80082ED4	12	true	RlVOXzgwMDgyZWQ0	CnVuZGVmaW5lZDQgRlVOXzgwMDgyZWQ0KGludCBwYXJhbV8xKQoKewogIHJldHVybiAqKHVuZGVmaW5lZDQgKikoKihpbnQgKikocGFyYW1fMSArIDB4OTApICsgMHg1NCk7Cn0KCg==	
urn:ure:smg:re_FunctionVariant:rmge01-usasm:80082ee0	0x80082EE0	12	true	RlVOXzgwMDgyZWUw	CnVuZGVmaW5lZDQgRlVOXzgwMDgyZWUwKGludCBwYXJhbV8xKQoKewogIHJldHVybiAqKHVuZGVmaW5lZDQgKikoKihpbnQgKikocGFyYW1fMSArIDB4OTApICsgMHg1OCk7Cn0KCg==	
urn:ure:smg:re_FunctionVariant:rmge01-usasm:80082f30	0x80082F30	12	true	RlVOXzgwMDgyZjMw	CnZvaWQgRlVOXzgwMDgyZjMwKGludCBwYXJhbV8xKQoKewogIEZVTl84MDA3ZjllOCgqKHVuZGVmaW5lZDQgKikoKihpbnQgKikocGFyYW1fMSArIDB4OTApICsgMHgyMCkpOwogIHJldHVybjsKfQoK	
urn:ure:smg:re_FunctionVariant:rmge01-usasm:80083600	0x80083600	12	true	RlVOXzgwMDgzNjAw	CnVuZGVmaW5lZDQgRlVOXzgwMDgzNjAwKGludCBwYXJhbV8xKQoKewogIHJldHVybiAqKHVuZGVmaW5lZDQgKikoKihpbnQgKikocGFyYW1fMSArIDB4OTQpICsgNCk7Cn0KCg==	
urn:ure:smg:re_FunctionVariant:rmge01-usasm:8008360c	0x8008360C	12	true	RlVOXzgwMDgzNjBj	CnVuZGVmaW5lZDQgRlVOXzgwMDgzNjBjKGludCBwYXJhbV8xKQoKewogIHJldHVybiAqKHVuZGVmaW5lZDQgKikoKihpbnQgKikocGFyYW1fMSArIDB4OTQpICsgOCk7Cn0KCg==	
urn:ure:smg:re_FunctionVariant:rmge01-usasm:800854d4	0x800854D4	12	true	RlVOXzgwMDg1NGQ0	CnZvaWQgRlVOXzgwMDg1NGQ0KGZsb2F0ICpwYXJhbV8xKQoKewogIGRvdWJsZSBpbl9mMTsKICBkb3VibGUgaW5fZjI7CiAgCiAgKnBhcmFtXzEgPSAoZmxvYXQpaW5fZjE7CiAgcGFyYW1fMVsxXSA9IChmbG9hdClpbl9mMjsKICByZXR1cm47Cn0KCg==	
urn:ure:smg:re_FunctionVariant:rmge01-usasm:80089410	0x80089410	12	false			bm8gZnVuY3Rpb24gYXQgZXhhY3QgZW50cnk=
urn:ure:smg:re_FunctionVariant:rmge01-usasm:80091854	0x80091854	12	true	RlVOXzgwMDkxODU0	CnZvaWQgRlVOXzgwMDkxODU0KGludCBwYXJhbV8xKQoKewogICoodW5kZWZpbmVkNCAqKShwYXJhbV8xICsgMHg4MCkgPSAwOwogIHJldHVybjsKfQoK	
urn:ure:smg:re_FunctionVariant:rmge01-usasm:80091e74	0x80091E74	12	false			bm8gZnVuY3Rpb24gYXQgZXhhY3QgZW50cnk=
urn:ure:smg:re_FunctionVariant:rmge01-usasm:80097374	0x80097374	12	true	RlVOXzgwMDk3Mzc0	CnZvaWQgRlVOXzgwMDk3Mzc0KGludCBwYXJhbV8xKQoKewogIGRvdWJsZSBpbl9mMTsKICBkb3VibGUgaW5fZjI7CiAgCiAgKihmbG9hdCAqKShwYXJhbV8xICsgMHhiYykgPSAoZmxvYXQpaW5fZjE7CiAgKihmbG9hdCAqKShwYXJhbV8xICsgMHhjMCkgPSAoZmxvYXQpaW5fZjI7CiAgRlVOXzgwMDk3MzgwKCk7CiAgcmV0dXJuOwp9Cgo=	
urn:ure:smg:re_FunctionVariant:rmge01-usasm:80099d10	0x80099D10	12	true	RlVOXzgwMDk5ZDEw	CnZvaWQgRlVOXzgwMDk5ZDEwKGludCBwYXJhbV8xKQoKewogICoodW5kZWZpbmVkMSAqKShwYXJhbV8xICsgMHgxYjApID0gMTsKICByZXR1cm47Cn0KCg==	
urn:ure:smg:re_FunctionVariant:rmge01-usasm:80099eac	0x80099EAC	12	true	RlVOXzgwMDk5ZWFj	CnVuZGVmaW5lZDEgRlVOXzgwMDk5ZWFjKGludCBwYXJhbV8xKQoKewogIHJldHVybiAqKHVuZGVmaW5lZDEgKikoKihpbnQgKikocGFyYW1fMSArIDB4NDQpICsgMHgzMCk7Cn0KCg==	
urn:ure:smg:re_FunctionVariant:rmge01-usasm:8009a0f4	0x8009A0F4	12	true	RlVOXzgwMDlhMGY0	CnVuZGVmaW5lZDEgRlVOXzgwMDlhMGY0KGludCBwYXJhbV8xKQoKewogIHJldHVybiAqKHVuZGVmaW5lZDEgKikoKihpbnQgKikocGFyYW1fMSArIDB4M2MpICsgOSk7Cn0KCg==	
urn:ure:smg:re_FunctionVariant:rmge01-usasm:800a2648	0x800A2648	12	true	RlVOXzgwMGEyNjQ4	CmludCBGVU5fODAwYTI2NDgoaW50IHBhcmFtXzEpCgp7CiAgcmV0dXJuICooaW50ICopKHBhcmFtXzEgKyAweDEwKSArIDB4YzsKfQoK	
urn:ure:smg:re_FunctionVariant:rmge01-usasm:800a2654	0x800A2654	12	true	RlVOXzgwMGEyNjU0	CmludCBGVU5fODAwYTI2NTQoaW50IHBhcmFtXzEpCgp7CiAgcmV0dXJuICooaW50ICopKHBhcmFtXzEgKyAweDEwKSArIDB4MjQ7Cn0KCg==	
urn:ure:smg:re_FunctionVariant:rmge01-usasm:800a2660	0x800A2660	12	true	RlVOXzgwMGEyNjYw	CmludCBGVU5fODAwYTI2NjAoaW50IHBhcmFtXzEpCgp7CiAgcmV0dXJuICooaW50ICopKHBhcmFtXzEgKyAweDEwKSArIDB4MTg7Cn0KCg==	
urn:ure:smg:re_FunctionVariant:rmge01-usasm:800a2674	0x800A2674	12	true	RlVOXzgwMGEyNjc0	CnZvaWQgRlVOXzgwMGEyNjc0KHZvaWQpCgp7CiAgcmV0dXJuOwp9Cgo=	
urn:ure:smg:re_FunctionVariant:rmge01-usasm:800a2680	0x800A2680	12	false			bm8gZnVuY3Rpb24gYXQgZXhhY3QgZW50cnk=
urn:ure:smg:re_FunctionVariant:rmge01-usasm:800a268c	0x800A268C	12	true	RlVOXzgwMGEyNjhj	CmludCBGVU5fODAwYTI2OGMoaW50IHBhcmFtXzEpCgp7CiAgcmV0dXJuICooaW50ICopKHBhcmFtXzEgKyAweDEwKSArIDB4NDA7Cn0KCg==	
urn:ure:smg:re_FunctionVariant:rmge01-usasm:800a2698	0x800A2698	12	false			bm8gZnVuY3Rpb24gYXQgZXhhY3QgZW50cnk=
urn:ure:smg:re_FunctionVariant:rmge01-usasm:800a26a4	0x800A26A4	12	true	RlVOXzgwMGEyNmE0	CnZvaWQgRlVOXzgwMGEyNmE0KGludCBwYXJhbV8xKQoKewogICAgICAgICAgICAgICAgICAgIC8qIFdBUk5JTkc6IFN1YnJvdXRpbmUgZG9lcyBub3QgcmV0dXJuICovCiAgRlVOXzgwMDFjZjY0KCooaW50ICopKHBhcmFtXzEgKyAweDEwKSArIDB4Yyk7Cn0KCg==	
urn:ure:smg:re_FunctionVariant:rmge01-usasm:800a26b0	0x800A26B0	12	true	RlVOXzgwMGEyNmIw	CnZvaWQgRlVOXzgwMGEyNmIwKGludCBwYXJhbV8xKQoKewogICAgICAgICAgICAgICAgICAgIC8qIFdBUk5JTkc6IFN1YnJvdXRpbmUgZG9lcyBub3QgcmV0dXJuICovCiAgRlVOXzgwMDFjZjY0KCooaW50ICopKHBhcmFtXzEgKyAweDEwKSArIDB4MjQpOwp9Cgo=	
urn:ure:smg:re_FunctionVariant:rmge01-usasm:800a26bc	0x800A26BC	12	true	RlVOXzgwMGEyNmJj	CnZvaWQgRlVOXzgwMGEyNmJjKGludCBwYXJhbV8xKQoKewogICAgICAgICAgICAgICAgICAgIC8qIFdBUk5JTkc6IFN1YnJvdXRpbmUgZG9lcyBub3QgcmV0dXJuICovCiAgRlVOXzgwMDFjZjY0KCooaW50ICopKHBhcmFtXzEgKyAweDEwKSArIDB4MTgpOwp9Cgo=	
urn:ure:smg:re_FunctionVariant:rmge01-usasm:800a26d0	0x800A26D0	12	true	RlVOXzgwMGEyNmQw	CnZvaWQgRlVOXzgwMGEyNmQwKGludCBwYXJhbV8xKQoKewogIGRvdWJsZSBpbl9mMTsKICAKICAqKGZsb2F0ICopKCooaW50ICopKHBhcmFtXzEgKyAweDEwKSArIDB4MzApID0gKGZsb2F0KWluX2YxOwogIHJldHVybjsKfQoK	
urn:ure:smg:re_FunctionVariant:rmge01-usasm:800a26dc	0x800A26DC	12	false			bm8gZnVuY3Rpb24gYXQgZXhhY3QgZW50cnk=
urn:ure:smg:re_FunctionVariant:rmge01-usasm:800a26e8	0x800A26E8	12	false			bm8gZnVuY3Rpb24gYXQgZXhhY3QgZW50cnk=
urn:ure:smg:re_FunctionVariant:rmge01-usasm:800a26f4	0x800A26F4	12	false			bm8gZnVuY3Rpb24gYXQgZXhhY3QgZW50cnk=
urn:ure:smg:re_FunctionVariant:rmge01-usasm:800a2700	0x800A2700	12	false			bm8gZnVuY3Rpb24gYXQgZXhhY3QgZW50cnk=
urn:ure:smg:re_FunctionVariant:rmge01-usasm:800a270c	0x800A270C	12	true	RlVOXzgwMGEyNzBj	CnZvaWQgRlVOXzgwMGEyNzBjKGludCBwYXJhbV8xKQoKewogIGRvdWJsZSBpbl9mMTsKICAKICAqKGZsb2F0ICopKCooaW50ICopKHBhcmFtXzEgKyAweDEwKSArIDB4NTQpID0gKGZsb2F0KWluX2YxOwogIHJldHVybjsKfQoK	
urn:ure:smg:re_FunctionVariant:rmge01-usasm:800a27e0	0x800A27E0	12	true	RlVOXzgwMGEyN2Uw	CnZvaWQgRlVOXzgwMGEyN2UwKGludCBwYXJhbV8xLHVuZGVmaW5lZDQgcGFyYW1fMikKCnsKICAqKHVuZGVmaW5lZDQgKikoKihpbnQgKikocGFyYW1fMSArIDB4YykgKyAweGMpID0gcGFyYW1fMjsKICByZXR1cm47Cn0KCg==	
urn:ure:smg:re_FunctionVariant:rmge01-usasm:800a27ec	0x800A27EC	12	true	RlVOXzgwMGEyN2Vj	CnZvaWQgRlVOXzgwMGEyN2VjKGludCBwYXJhbV8xKQoKewogIEZVTl84MDA5OTI5YygqKHVuZGVmaW5lZDQgKikoKihpbnQgKikocGFyYW1fMSArIDB4YykgKyAweGMpKTsKICByZXR1cm47Cn0KCg==	
urn:ure:smg:re_FunctionVariant:rmge01-usasm:800a27f8	0x800A27F8	12	true	RlVOXzgwMGEyN2Y4	CmludCBGVU5fODAwYTI3ZjgoaW50IHBhcmFtXzEpCgp7CiAgcmV0dXJuICooaW50ICopKHBhcmFtXzEgKyAweDEwKSArIDB4YzsKfQoK	
urn:ure:smg:re_FunctionVariant:rmge01-usasm:800a2804	0x800A2804	12	true	RlVOXzgwMGEyODA0	CmludCBGVU5fODAwYTI4MDQoaW50IHBhcmFtXzEpCgp7CiAgcmV0dXJuICooaW50ICopKHBhcmFtXzEgKyAweDEwKSArIDB4MjQ7Cn0KCg==	
urn:ure:smg:re_FunctionVariant:rmge01-usasm:800a2810	0x800A2810	12	false			bm8gZnVuY3Rpb24gYXQgZXhhY3QgZW50cnk=
urn:ure:smg:re_FunctionVariant:rmge01-usasm:800a2824	0x800A2824	12	false			bm8gZnVuY3Rpb24gYXQgZXhhY3QgZW50cnk=
urn:ure:smg:re_FunctionVariant:rmge01-usasm:800a2830	0x800A2830	12	false			bm8gZnVuY3Rpb24gYXQgZXhhY3QgZW50cnk=
urn:ure:smg:re_FunctionVariant:rmge01-usasm:800a283c	0x800A283C	12	false			bm8gZnVuY3Rpb24gYXQgZXhhY3QgZW50cnk=
urn:ure:smg:re_FunctionVariant:rmge01-usasm:800a2848	0x800A2848	12	true	RlVOXzgwMGEyODQ4	CnZvaWQgRlVOXzgwMGEyODQ4KHZvaWQpCgp7CiAgcmV0dXJuOwp9Cgo=	
urn:ure:smg:re_FunctionVariant:rmge01-usasm:800a2854	0x800A2854	12	true	RlVOXzgwMGEyODU0	CnZvaWQgRlVOXzgwMGEyODU0KGludCBwYXJhbV8xKQoKewogICAgICAgICAgICAgICAgICAgIC8qIFdBUk5JTkc6IFN1YnJvdXRpbmUgZG9lcyBub3QgcmV0dXJuICovCiAgRlVOXzgwMDFjZjY0KCooaW50ICopKHBhcmFtXzEgKyAweDEwKSArIDB4Yyk7Cn0KCg==	
urn:ure:smg:re_FunctionVariant:rmge01-usasm:800a2860	0x800A2860	12	true	RlVOXzgwMGEyODYw	CnZvaWQgRlVOXzgwMGEyODYwKGludCBwYXJhbV8xKQoKewogICAgICAgICAgICAgICAgICAgIC8qIFdBUk5JTkc6IFN1YnJvdXRpbmUgZG9lcyBub3QgcmV0dXJuICovCiAgRlVOXzgwMDFjZjY0KCooaW50ICopKHBhcmFtXzEgKyAweDEwKSArIDB4MjQpOwp9Cgo=	
urn:ure:smg:re_FunctionVariant:rmge01-usasm:800a286c	0x800A286C	12	true	RlVOXzgwMGEyODZj	CnZvaWQgRlVOXzgwMGEyODZjKGludCBwYXJhbV8xKQoKewogICAgICAgICAgICAgICAgICAgIC8qIFdBUk5JTkc6IFN1YnJvdXRpbmUgZG9lcyBub3QgcmV0dXJuICovCiAgRlVOXzgwMDFjZjY0KCooaW50ICopKHBhcmFtXzEgKyAweDEwKSArIDB4MTgpOwp9Cgo=	
urn:ure:smg:re_FunctionVariant:rmge01-usasm:800a28c8	0x800A28C8	12	true	RlVOXzgwMGEyOGM4	CnZvaWQgRlVOXzgwMGEyOGM4KGludCBwYXJhbV8xKQoKewogIGRvdWJsZSBpbl9mMTsKICAKICAqKGZsb2F0ICopKCooaW50ICopKHBhcmFtXzEgKyAweDEwKSArIDB4MzApID0gKGZsb2F0KWluX2YxOwogIHJldHVybjsKfQoK	
urn:ure:smg:re_FunctionVariant:rmge01-usasm:800a28d4	0x800A28D4	12	true	RlVOXzgwMGEyOGQ0	CnZvaWQgRlVOXzgwMGEyOGQ0KGludCBwYXJhbV8xKQoKewogICAgICAgICAgICAgICAgICAgIC8qIFdBUk5JTkc6IFN1YnJvdXRpbmUgZG9lcyBub3QgcmV0dXJuICovCiAgRlVOXzgwMDFjZjY0KCooaW50ICopKHBhcmFtXzEgKyAweDEwKSArIDB4MzQpOwp9Cgo=	
urn:ure:smg:re_FunctionVariant:rmge01-usasm:800a28e0	0x800A28E0	12	true	RlVOXzgwMGEyOGUw	CnZvaWQgRlVOXzgwMGEyOGUwKGludCBwYXJhbV8xKQoKewogICAgICAgICAgICAgICAgICAgIC8qIFdBUk5JTkc6IFN1YnJvdXRpbmUgZG9lcyBub3QgcmV0dXJuICovCiAgRlVOXzgwMDFjZjY0KCooaW50ICopKHBhcmFtXzEgKyAweDEwKSArIDB4NDApOwp9Cgo=	
urn:ure:smg:re_FunctionVariant:rmge01-usasm:800a28ec	0x800A28EC	12	false			bm8gZnVuY3Rpb24gYXQgZXhhY3QgZW50cnk=
urn:ure:smg:re_FunctionVariant:rmge01-usasm:800a28f8	0x800A28F8	12	false			bm8gZnVuY3Rpb24gYXQgZXhhY3QgZW50cnk=
urn:ure:smg:re_FunctionVariant:rmge01-usasm:800a2904	0x800A2904	12	true	RlVOXzgwMGEyOTA0	CnZvaWQgRlVOXzgwMGEyOTA0KGludCBwYXJhbV8xKQoKewogIGRvdWJsZSBpbl9mMTsKICAKICAqKGZsb2F0ICopKCooaW50ICopKHBhcmFtXzEgKyAweDEwKSArIDB4NTQpID0gKGZsb2F0KWluX2YxOwogIHJldHVybjsKfQoK	
urn:ure:smg:re_FunctionVariant:rmge01-usasm:800a3858	0x800A3858	12	true	RlVOXzgwMGEzODU4	CnZvaWQgRlVOXzgwMGEzODU4KGludCBwYXJhbV8xKQoKewogICoodW5kZWZpbmVkNCAqKShwYXJhbV8xICsgMHhjKSA9IDA7CiAgcmV0dXJuOwp9Cgo=	
urn:ure:smg:re_FunctionVariant:rmge01-usasm:800a9480	0x800A9480	12	false			bm8gZnVuY3Rpb24gYXQgZXhhY3QgZW50cnk=
urn:ure:smg:re_FunctionVariant:rmge01-usasm:800a948c	0x800A948C	12	false			bm8gZnVuY3Rpb24gYXQgZXhhY3QgZW50cnk=
urn:ure:smg:re_FunctionVariant:rmge01-usasm:800a9498	0x800A9498	12	false			bm8gZnVuY3Rpb24gYXQgZXhhY3QgZW50cnk=
urn:ure:smg:re_FunctionVariant:rmge01-usasm:800a94a4	0x800A94A4	12	true	RlVOXzgwMGE5NGE0	CnVzaG9ydCBGVU5fODAwYTk0YTQoaW50IHBhcmFtXzEpCgp7CiAgcmV0dXJuICoodXNob3J0ICopKHBhcmFtXzEgKyAweDJjKSA+PiAzICYgMTsKfQoK	
urn:ure:smg:re_FunctionVariant:rmge01-usasm:800a94b0	0x800A94B0	12	true	RlVOXzgwMGE5NGIw	CnVzaG9ydCBGVU5fODAwYTk0YjAoaW50IHBhcmFtXzEpCgp7CiAgcmV0dXJuICoodXNob3J0ICopKHBhcmFtXzEgKyAweDJjKSA+PiA0ICYgMTsKfQoK	
urn:ure:smg:re_FunctionVariant:rmge01-usasm:800a94bc	0x800A94BC	12	true	RlVOXzgwMGE5NGJj	CnVzaG9ydCBGVU5fODAwYTk0YmMoaW50IHBhcmFtXzEpCgp7CiAgcmV0dXJuICoodXNob3J0ICopKHBhcmFtXzEgKyAweDJjKSA+PiA1ICYgMTsKfQoK	
urn:ure:smg:re_FunctionVariant:rmge01-usasm:800ab03c	0x800AB03C	12	true	RlVOXzgwMGFiMDNj	CnZvaWQgRlVOXzgwMGFiMDNjKHVuZGVmaW5lZDQgKnBhcmFtXzEpCgp7CiAgKnBhcmFtXzEgPSAwOwogIHJldHVybjsKfQoK	
urn:ure:smg:re_FunctionVariant:rmge01-usasm:800ad568	0x800AD568	12	true	RlVOXzgwMGFkNTY4	CnZvaWQgRlVOXzgwMGFkNTY4KGludCBwYXJhbV8xKQoKewogICoodW5kZWZpbmVkMSAqKShwYXJhbV8xICsgNCkgPSAxOwogIHJldHVybjsKfQoK	
urn:ure:smg:re_FunctionVariant:rmge01-usasm:800afb20	0x800AFB20	12	true	RlVOXzgwMGFmYjIw	CnZvaWQgRlVOXzgwMGFmYjIwKGludCBwYXJhbV8xKQoKewogICoodW5kZWZpbmVkMSAqKShwYXJhbV8xICsgMHg4OCkgPSAxOwogIHJldHVybjsKfQoK	
urn:ure:smg:re_FunctionVariant:rmge01-usasm:800b92e8	0x800B92E8	12	false			bm8gZnVuY3Rpb24gYXQgZXhhY3QgZW50cnk=
urn:ure:smg:re_FunctionVariant:rmge01-usasm:800b9fa4	0x800B9FA4	12	true	RlVOXzgwMGI5ZmE0	CnVpbnQgRlVOXzgwMGI5ZmE0KGludCBwYXJhbV8xKQoKewogIHJldHVybiAqKHVpbnQgKikocGFyYW1fMSArIDB4YykgPj4gMHgxZjsKfQoK	
urn:ure:smg:re_FunctionVariant:rmge01-usasm:800bb704	0x800BB704	12	true	RlVOXzgwMGJiNzA0	CnVuZGVmaW5lZDEgRlVOXzgwMGJiNzA0KGludCBwYXJhbV8xKQoKewogIHJldHVybiAqKHVuZGVmaW5lZDEgKikoKihpbnQgKikocGFyYW1fMSArIDB4MTgpICsgMHgxYyk7Cn0KCg==	
urn:ure:smg:re_FunctionVariant:rmge01-usasm:800bced0	0x800BCED0	12	true	RlVOXzgwMGJjZWQw	CnVuZGVmaW5lZCAqIEZVTl84MDBiY2VkMCh2b2lkKQoKewogIHJldHVybiAmREFUXzgwNTYyZjhlOwp9Cgo=	
urn:ure:smg:re_FunctionVariant:rmge01-usasm:800bd1a4	0x800BD1A4	12	false			bm8gZnVuY3Rpb24gYXQgZXhhY3QgZW50cnk=
urn:ure:smg:re_FunctionVariant:rmge01-usasm:800bfaa8	0x800BFAA8	12	true	RlVOXzgwMGJmYWE4	CnVuZGVmaW5lZDEgRlVOXzgwMGJmYWE4KGludCBwYXJhbV8xKQoKewogIHJldHVybiAqKHVuZGVmaW5lZDEgKikoKihpbnQgKikocGFyYW1fMSArIDgpICsgOCk7Cn0KCg==	
urn:ure:smg:re_FunctionVariant:rmge01-usasm:800c4628:100322	0x800C4628	12	true	RlVOXzgwMGM0NjI4	CnZvaWQgRlVOXzgwMGM0NjI4KGludCBwYXJhbV8xKQoKewogICoodW5kZWZpbmVkNCAqKShwYXJhbV8xICsgMHg0MDApID0gMDsKICByZXR1cm47Cn0KCg==	
urn:ure:smg:re_FunctionVariant:rmge01-usasm:800c5df0:100373	0x800C5DF0	12	true	RlVOXzgwMGM1ZGYw	CnZvaWQgRlVOXzgwMGM1ZGYwKGludCAqcGFyYW1fMSx1bmRlZmluZWQ0IHBhcmFtXzIpCgp7CiAgKih1bmRlZmluZWQ0ICopKCpwYXJhbV8xICsgMHhjMCkgPSBwYXJhbV8yOwogIHJldHVybjsKfQoK	
urn:ure:smg:re_FunctionVariant:rmge01-usasm:800c6b64:100406	0x800C6B64	12	true	RlVOXzgwMGM2YjY0	CnZvaWQgRlVOXzgwMGM2YjY0KGludCBwYXJhbV8xKQoKewogIGRvdWJsZSBpbl9mMTsKICAKICAqKGZsb2F0ICopKCooaW50ICopKHBhcmFtXzEgKyAweDI0KSArIDB4MTApID0gKGZsb2F0KWluX2YxOwogIHJldHVybjsKfQoK	
urn:ure:smg:re_FunctionVariant:rmge01-usasm:800c6b78:100408	0x800C6B78	12	true	RlVOXzgwMGM2Yjc4	CnZvaWQgRlVOXzgwMGM2Yjc4KGludCBwYXJhbV8xLHVuZGVmaW5lZDEgcGFyYW1fMikKCnsKICAqKHVuZGVmaW5lZDEgKikoKihpbnQgKikocGFyYW1fMSArIDB4MjQpICsgMHgxNCkgPSBwYXJhbV8yOwogIHJldHVybjsKfQoK	
urn:ure:smg:re_FunctionVariant:rmge01-usasm:800c7d1c:100440	0x800C7D1C	12	true	RlVOXzgwMGM3ZDFj	CnZvaWQgRlVOXzgwMGM3ZDFjKGZsb2F0ICpwYXJhbV8xKQoKewogIGRvdWJsZSBpbl9mMTsKICBkb3VibGUgaW5fZjI7CiAgCiAgKnBhcmFtXzEgPSAoZmxvYXQpaW5fZjE7CiAgcGFyYW1fMVsxXSA9IChmbG9hdClpbl9mMjsKICByZXR1cm47Cn0KCg==	
urn:ure:smg:re_FunctionVariant:rmge01-usasm:800c9b58:100475	0x800C9B58	12	true	RlVOXzgwMGM5YjU4	CnZvaWQgRlVOXzgwMGM5YjU4KHVuZGVmaW5lZDQgKnBhcmFtXzEpCgp7CiAgKnBhcmFtXzEgPSAwOwogIHJldHVybjsKfQoK	
urn:ure:smg:re_FunctionVariant:rmge01-usasm:800d9b2c	0x800D9B2C	12	true	RlVOXzgwMGQ5YjJj	CnZvaWQgRlVOXzgwMGQ5YjJjKHVuZGVmaW5lZDQgcGFyYW1fMSkKCnsKICBGVU5fODAzZTgwYTQocGFyYW1fMSxzX0hvcEVuZF84MDU2NWVjMyk7CiAgcmV0dXJuOwp9Cgo=	
urn:ure:smg:re_FunctionVariant:rmge01-usasm:800fb030	0x800FB030	12	false			bm8gZnVuY3Rpb24gYXQgZXhhY3QgZW50cnk=
urn:ure:smg:re_FunctionVariant:rmge01-usasm:80118aec	0x80118AEC	12	false			bm8gZnVuY3Rpb24gYXQgZXhhY3QgZW50cnk=
urn:ure:smg:re_FunctionVariant:rmge01-usasm:8015638c:148	0x8015638C	12	false			bm8gZnVuY3Rpb24gYXQgZXhhY3QgZW50cnk=
urn:ure:smg:re_FunctionVariant:rmge01-usasm:80156398:149	0x80156398	12	true	RlVOXzgwMTU2Mzk4	CnZvaWQgRlVOXzgwMTU2Mzk4KHVuZGVmaW5lZDQgKnBhcmFtXzEpCgp7CiAgKnBhcmFtXzEgPSAwOwogIHJldHVybjsKfQoK	
urn:ure:smg:re_FunctionVariant:rmge01-usasm:80159ef0:419	0x80159EF0	12	false			bm8gZnVuY3Rpb24gYXQgZXhhY3QgZW50cnk=
urn:ure:smg:re_FunctionVariant:rmge01-usasm:8015bc20	0x8015BC20	12	true	RlVOXzgwMTViYzIw	CnZvaWQgRlVOXzgwMTViYzIwKHVuZGVmaW5lZDQgKnBhcmFtXzEsdW5kZWZpbmVkNCBwYXJhbV8yLHVuZGVmaW5lZDQgcGFyYW1fMykKCnsKICAqcGFyYW1fMSA9IHBhcmFtXzI7CiAgcGFyYW1fMVsxXSA9IHBhcmFtXzM7CiAgcmV0dXJuOwp9Cgo=	
urn:ure:smg:re_FunctionVariant:rmge01-usasm:80160828	0x80160828	12	true	RlVOXzgwMTYwODI4	CnZvaWQgRlVOXzgwMTYwODI4KGludCBwYXJhbV8xLHVuZGVmaW5lZDQgcGFyYW1fMikKCnsKICBpbnQgdW5hZmZfX3IxMzsKICAKICBGVU5fODAwMTg1YzQoKih1bmRlZmluZWQ0ICopKHBhcmFtXzEgKyAweDEwKSxwYXJhbV8yLHVuYWZmX19yMTMgKyAtMHg3YWU4KTsKICByZXR1cm47Cn0KCg==	
urn:ure:smg:re_FunctionVariant:rmge01-usasm:80160834	0x80160834	12	true	RlVOXzgwMTYwODM0	CnZvaWQgRlVOXzgwMTYwODM0KGludCBwYXJhbV8xLHVuZGVmaW5lZDQgcGFyYW1fMikKCnsKICBpbnQgdW5hZmZfX3IxMzsKICAKICBGVU5fODAwMTg1ZDgoKih1bmRlZmluZWQ0ICopKHBhcmFtXzEgKyAweDEwKSxwYXJhbV8yLHVuYWZmX19yMTMgKyAtMHg3YWU4KTsKICByZXR1cm47Cn0KCg==	
urn:ure:smg:re_FunctionVariant:rmge01-usasm:80160840	0x80160840	12	true	RlVOXzgwMTYwODQw	CnZvaWQgRlVOXzgwMTYwODQwKGludCBwYXJhbV8xLHVuZGVmaW5lZDQgcGFyYW1fMikKCnsKICBpbnQgdW5hZmZfX3IxMzsKICAKICBGVU5fODAwMTg2NTAoKih1bmRlZmluZWQ0ICopKHBhcmFtXzEgKyAweDEwKSxwYXJhbV8yLHVuYWZmX19yMTMgKyAtMHg3YWU4KTsKICByZXR1cm47Cn0KCg==	
urn:ure:smg:re_FunctionVariant:rmge01-usasm:8016084c	0x8016084C	12	true	RlVOXzgwMTYwODRj	CnZvaWQgRlVOXzgwMTYwODRjKGludCBwYXJhbV8xLHVuZGVmaW5lZDQgcGFyYW1fMikKCnsKICBpbnQgdW5hZmZfX3IxMzsKICAKICBGVU5fODAwMTg2NjQoKih1bmRlZmluZWQ0ICopKHBhcmFtXzEgKyAweDEwKSxwYXJhbV8yLHVuYWZmX19yMTMgKyAtMHg3YWU4KTsKICByZXR1cm47Cn0KCg==	
urn:ure:smg:re_FunctionVariant:rmge01-usasm:80160858	0x80160858	12	true	RlVOXzgwMTYwODU4	CnZvaWQgRlVOXzgwMTYwODU4KGludCBwYXJhbV8xLHVuZGVmaW5lZDQgcGFyYW1fMikKCnsKICBpbnQgdW5hZmZfX3IxMzsKICAKICBGVU5fODAwMTg2ZTgoKih1bmRlZmluZWQ0ICopKHBhcmFtXzEgKyAweDEwKSxwYXJhbV8yLHVuYWZmX19yMTMgKyAtMHg3YWU4KTsKICByZXR1cm47Cn0KCg==	
urn:ure:smg:re_FunctionVariant:rmge01-usasm:80160864	0x80160864	12	true	RlVOXzgwMTYwODY0	CnZvaWQgRlVOXzgwMTYwODY0KGludCBwYXJhbV8xLHVuZGVmaW5lZDQgcGFyYW1fMikKCnsKICBpbnQgdW5hZmZfX3IxMzsKICAKICBGVU5fODAwMTg2ZmMoKih1bmRlZmluZWQ0ICopKHBhcmFtXzEgKyAweDEwKSxwYXJhbV8yLHVuYWZmX19yMTMgKyAtMHg3YWU4KTsKICByZXR1cm47Cn0KCg==	
urn:ure:smg:re_FunctionVariant:rmge01-usasm:80160870	0x80160870	12	true	RlVOXzgwMTYwODcw	CnZvaWQgRlVOXzgwMTYwODcwKGludCBwYXJhbV8xLHVuZGVmaW5lZDQgcGFyYW1fMikKCnsKICBpbnQgdW5hZmZfX3IxMzsKICAKICBGVU5fODAwMTg3MDgoKih1bmRlZmluZWQ0ICopKHBhcmFtXzEgKyAweDEwKSxwYXJhbV8yLHVuYWZmX19yMTMgKyAtMHg3YWU4KTsKICByZXR1cm47Cn0KCg==	
urn:ure:smg:re_FunctionVariant:rmge01-usasm:80160b38	0x80160B38	12	true	RlVOXzgwMTYwYjM4	CnZvaWQgRlVOXzgwMTYwYjM4KGludCBwYXJhbV8xLHVuZGVmaW5lZDQgcGFyYW1fMikKCnsKICBpbnQgdW5hZmZfX3IxMzsKICAKICBGVU5fODAwMTg1NGMoKih1bmRlZmluZWQ0ICopKHBhcmFtXzEgKyAweDEwKSxwYXJhbV8yLHVuYWZmX19yMTMgKyAtMHg3YWU4KTsKICByZXR1cm47Cn0KCg==	
urn:ure:smg:re_FunctionVariant:rmge01-usasm:80165868	0x80165868	12	true	RlVOXzgwMTY1ODY4	CnVuZGVmaW5lZDQgRlVOXzgwMTY1ODY4KGludCBwYXJhbV8xKQoKewogIHJldHVybiAqKHVuZGVmaW5lZDQgKikoKihpbnQgKikocGFyYW1fMSArIDB4NTApICsgMHhjKTsKfQoK	
urn:ure:smg:re_FunctionVariant:rmge01-usasm:80166c94	0x80166C94	12	true	RlVOXzgwMTY2Yzk0	CnZvaWQgRlVOXzgwMTY2Yzk0KGZsb2F0ICpwYXJhbV8xKQoKewogIGRvdWJsZSBpbl9mMTsKICBkb3VibGUgaW5fZjI7CiAgCiAgKnBhcmFtXzEgPSAoZmxvYXQpaW5fZjE7CiAgcGFyYW1fMVsxXSA9IChmbG9hdClpbl9mMjsKICByZXR1cm47Cn0KCg==	
urn:ure:smg:re_FunctionVariant:rmge01-usasm:80166d34	0x80166D34	12	false			bm8gZnVuY3Rpb24gYXQgZXhhY3QgZW50cnk=
urn:ure:smg:re_FunctionVariant:rmge01-usasm:80169574	0x80169574	12	true	RlVOXzgwMTY5NTc0	CnVuZGVmaW5lZDQgRlVOXzgwMTY5NTc0KGludCBwYXJhbV8xKQoKewogIHJldHVybiAqKHVuZGVmaW5lZDQgKikoKihpbnQgKikocGFyYW1fMSArIDB4MTgpICsgMHgyMCk7Cn0KCg==	
urn:ure:smg:re_FunctionVariant:rmge01-usasm:80169580	0x80169580	12	true	RlVOXzgwMTY5NTgw	CmludCBGVU5fODAxNjk1ODAoaW50ICpwYXJhbV8xKQoKewogIHJldHVybiAqcGFyYW1fMSArIDB4YzsKfQoK	
urn:ure:smg:re_FunctionVariant:rmge01-usasm:8016958c	0x8016958C	12	true	RlVOXzgwMTY5NThj	CmludCBGVU5fODAxNjk1OGMoaW50IHBhcmFtXzEpCgp7CiAgcmV0dXJuICooaW50ICopKHBhcmFtXzEgKyA0KSArIDB4YzsKfQoK	
urn:ure:smg:re_FunctionVariant:rmge01-usasm:80169598	0x80169598	12	true	RlVOXzgwMTY5NTk4	CmludCBGVU5fODAxNjk1OTgoaW50IHBhcmFtXzEpCgp7CiAgcmV0dXJuICooaW50ICopKHBhcmFtXzEgKyA4KSArIDB4YzsKfQoK	
urn:ure:smg:re_FunctionVariant:rmge01-usasm:801695a4	0x801695A4	12	true	RlVOXzgwMTY5NWE0	CmludCBGVU5fODAxNjk1YTQoaW50IHBhcmFtXzEpCgp7CiAgcmV0dXJuICooaW50ICopKHBhcmFtXzEgKyAweGMpICsgMHhjOwp9Cgo=	
urn:ure:smg:re_FunctionVariant:rmge01-usasm:801695b0	0x801695B0	12	true	RlVOXzgwMTY5NWIw	CmludCBGVU5fODAxNjk1YjAoaW50IHBhcmFtXzEpCgp7CiAgcmV0dXJuICooaW50ICopKHBhcmFtXzEgKyAweDEwKSArIDB4YzsKfQoK	
urn:ure:smg:re_FunctionVariant:rmge01-usasm:8016a924	0x8016A924	12	true	RlVOXzgwMTZhOTI0	CnVuZGVmaW5lZDEgRlVOXzgwMTZhOTI0KHVuZGVmaW5lZDQgKnBhcmFtXzEpCgp7CiAgcmV0dXJuICoodW5kZWZpbmVkMSAqKSpwYXJhbV8xOwp9Cgo=	
urn:ure:smg:re_FunctionVariant:rmge01-usasm:8016abc8	0x8016ABC8	12	true	RlVOXzgwMTZhYmM4	CnVuZGVmaW5lZDQgRlVOXzgwMTZhYmM4KGludCAqcGFyYW1fMSkKCnsKICByZXR1cm4gKih1bmRlZmluZWQ0ICopKCpwYXJhbV8xICsgNCk7Cn0KCg==	
urn:ure:smg:re_FunctionVariant:rmge01-usasm:8016c4dc	0x8016C4DC	12	true	RlVOXzgwMTZjNGRj	CnZvaWQgRlVOXzgwMTZjNGRjKGludCBwYXJhbV8xKQoKewogICoodW5kZWZpbmVkMSAqKShwYXJhbV8xICsgMHg2MikgPSAwOwogIHJldHVybjsKfQoK	
urn:ure:smg:re_FunctionVariant:rmge01-usasm:8016c4e8	0x8016C4E8	12	false			bm8gZnVuY3Rpb24gYXQgZXhhY3QgZW50cnk=
urn:ure:smg:re_FunctionVariant:rmge01-usasm:8016c54c	0x8016C54C	12	true	RlVOXzgwMTZjNTRj	CnZvaWQgRlVOXzgwMTZjNTRjKGludCBwYXJhbV8xKQoKewogICoodW5kZWZpbmVkMSAqKShwYXJhbV8xICsgMHg2MCkgPSAxOwogIHJldHVybjsKfQoK	
urn:ure:smg:re_FunctionVariant:rmge01-usasm:8016c558	0x8016C558	12	true	RlVOXzgwMTZjNTU4	CnZvaWQgRlVOXzgwMTZjNTU4KGludCBwYXJhbV8xKQoKewogICoodW5kZWZpbmVkMSAqKShwYXJhbV8xICsgMHg2MCkgPSAwOwogIHJldHVybjsKfQoK	
urn:ure:smg:re_FunctionVariant:rmge01-usasm:8016c62c	0x8016C62C	12	true	RlVOXzgwMTZjNjJj	CnZvaWQgRlVOXzgwMTZjNjJjKGludCBwYXJhbV8xKQoKewogICoodW5kZWZpbmVkMSAqKShwYXJhbV8xICsgMHg2MSkgPSAwOwogIHJldHVybjsKfQoK	
urn:ure:smg:re_FunctionVariant:rmge01-usasm:8016c6ec	0x8016C6EC	12	true	RlVOXzgwMTZjNmVj	CnZvaWQgRlVOXzgwMTZjNmVjKGludCBwYXJhbV8xKQoKewogICoodW5kZWZpbmVkMSAqKShwYXJhbV8xICsgMHg2MSkgPSAzOwogIHJldHVybjsKfQoK	
urn:ure:smg:re_FunctionVariant:rmge01-usasm:8016c700	0x8016C700	12	true	RlVOXzgwMTZjNzAw	CnZvaWQgRlVOXzgwMTZjNzAwKGludCBwYXJhbV8xKQoKewogICoodW5kZWZpbmVkMSAqKShwYXJhbV8xICsgMHg3MCkgPSAxOwogIHJldHVybjsKfQoK	
urn:ure:smg:re_FunctionVariant:rmge01-usasm:8016c70c	0x8016C70C	12	true	RlVOXzgwMTZjNzBj	CnZvaWQgRlVOXzgwMTZjNzBjKGludCBwYXJhbV8xKQoKewogICoodW5kZWZpbmVkMSAqKShwYXJhbV8xICsgMHg3MCkgPSAwOwogIHJldHVybjsKfQoK	
urn:ure:smg:re_FunctionVariant:rmge01-usasm:8016c728	0x8016C728	12	true	RlVOXzgwMTZjNzI4	CnZvaWQgRlVOXzgwMTZjNzI4KGludCBwYXJhbV8xKQoKewogICoodW5kZWZpbmVkMSAqKShwYXJhbV8xICsgMHg3MikgPSAxOwogIHJldHVybjsKfQoK	
urn:ure:smg:re_FunctionVariant:rmge01-usasm:8016c734	0x8016C734	12	true	RlVOXzgwMTZjNzM0	CnZvaWQgRlVOXzgwMTZjNzM0KGludCBwYXJhbV8xKQoKewogICoodW5kZWZpbmVkMSAqKShwYXJhbV8xICsgMHg3MikgPSAwOwogIHJldHVybjsKfQoK	
urn:ure:smg:re_FunctionVariant:rmge01-usasm:8016c740	0x8016C740	12	true	RlVOXzgwMTZjNzQw	CnZvaWQgRlVOXzgwMTZjNzQwKGludCBwYXJhbV8xKQoKewogICoodW5kZWZpbmVkMSAqKShwYXJhbV8xICsgMHg3MSkgPSAxOwogIHJldHVybjsKfQoK	
urn:ure:smg:re_FunctionVariant:rmge01-usasm:8016c74c	0x8016C74C	12	true	RlVOXzgwMTZjNzRj	CnZvaWQgRlVOXzgwMTZjNzRjKGludCBwYXJhbV8xKQoKewogICoodW5kZWZpbmVkMSAqKShwYXJhbV8xICsgMHg3MSkgPSAwOwogIHJldHVybjsKfQoK	
urn:ure:smg:re_FunctionVariant:rmge01-usasm:8016e2cc	0x8016E2CC	12	true	RlVOXzgwMTZlMmNj	CnZvaWQgRlVOXzgwMTZlMmNjKGludCBwYXJhbV8xKQoKewogICoodW5kZWZpbmVkMSAqKShwYXJhbV8xICsgMHgxOCkgPSAxOwogIHJldHVybjsKfQoK	
urn:ure:smg:re_FunctionVariant:rmge01-usasm:8016e2d8	0x8016E2D8	12	false			bm8gZnVuY3Rpb24gYXQgZXhhY3QgZW50cnk=
urn:ure:smg:re_FunctionVariant:rmge01-usasm:80175d30	0x80175D30	12	true	RlVOXzgwMTc1ZDMw	CnZvaWQgRlVOXzgwMTc1ZDMwKHVuZGVmaW5lZDQgKnBhcmFtXzEpCgp7CiAgRlVOXzgwMDNjZDNjKHBhcmFtXzEgKyAxLCpwYXJhbV8xKTsKICByZXR1cm47Cn0KCg==	
urn:ure:smg:re_FunctionVariant:rmge01-usasm:801785ac	0x801785AC	12	true	RlVOXzgwMTc4NWFj	CnZvaWQgRlVOXzgwMTc4NWFjKGludCBwYXJhbV8xKQoKewogICoodW5kZWZpbmVkMSAqKShwYXJhbV8xICsgMHgxNDUpID0gMDsKICByZXR1cm47Cn0KCg==	
urn:ure:smg:re_FunctionVariant:rmge01-usasm:801786bc	0x801786BC	12	true	RlVOXzgwMTc4NmJj	CnZvaWQgRlVOXzgwMTc4NmJjKGludCBwYXJhbV8xKQoKewogICoodW5kZWZpbmVkMSAqKShwYXJhbV8xICsgMHgxNjQpID0gMDsKICByZXR1cm47Cn0KCg==	
urn:ure:smg:re_FunctionVariant:rmge01-usasm:8017a50c	0x8017A50C	12	false			bm8gZnVuY3Rpb24gYXQgZXhhY3QgZW50cnk=
urn:ure:smg:re_FunctionVariant:rmge01-usasm:8017a518	0x8017A518	12	false			bm8gZnVuY3Rpb24gYXQgZXhhY3QgZW50cnk=
urn:ure:smg:re_FunctionVariant:rmge01-usasm:8017a524	0x8017A524	12	false			bm8gZnVuY3Rpb24gYXQgZXhhY3QgZW50cnk=
urn:ure:smg:re_FunctionVariant:rmge01-usasm:8017a530	0x8017A530	12	false			bm8gZnVuY3Rpb24gYXQgZXhhY3QgZW50cnk=
urn:ure:smg:re_FunctionVariant:rmge01-usasm:801829ac	0x801829AC	12	true	RlVOXzgwMTgyOWFj	CmludCBGVU5fODAxODI5YWMoaW50ICpwYXJhbV8xKQoKewogIHJldHVybiAqcGFyYW1fMSArIDB4MzQ7Cn0KCg==	
urn:ure:smg:re_FunctionVariant:rmge01-usasm:801829b8	0x801829B8	12	true	RlVOXzgwMTgyOWI4	CmludCBGVU5fODAxODI5YjgoaW50ICpwYXJhbV8xKQoKewogIHJldHVybiAqcGFyYW1fMSArIDEwMDsKfQoK	
urn:ure:smg:re_FunctionVariant:rmge01-usasm:801829c4	0x801829C4	12	true	RlVOXzgwMTgyOWM0	CmludCBGVU5fODAxODI5YzQoaW50ICpwYXJhbV8xKQoKewogIHJldHVybiAqcGFyYW1fMSArIDB4OTQ7Cn0KCg==	
urn:ure:smg:re_FunctionVariant:rmge01-usasm:80182e24	0x80182E24	12	true	RlVOXzgwMTgyZTI0	CnVpbnQgRlVOXzgwMTgyZTI0KHVpbnQgKnBhcmFtXzEpCgp7CiAgcmV0dXJuICpwYXJhbV8xID4+IDB4MWY7Cn0KCg==	
urn:ure:smg:re_FunctionVariant:rmge01-usasm:801892c8	0x801892C8	12	true	RlVOXzgwMTg5MmM4	CnZvaWQgRlVOXzgwMTg5MmM4KGludCBwYXJhbV8xKQoKewogIEZVTl84MDE4OTFjMCgqKHVuZGVmaW5lZDQgKikocGFyYW1fMSArIDQpLDB4ZmZmZmZmZmYpOwogIHJldHVybjsKfQoK	
urn:ure:smg:re_FunctionVariant:rmge01-usasm:80196344	0x80196344	12	true	RlVOXzgwMTk2MzQ0	CnZvaWQgRlVOXzgwMTk2MzQ0KHVuZGVmaW5lZDQgcGFyYW1fMSkKCnsKICBGVU5fODAzZDY2YjgocGFyYW1fMSxzX1JlY29yZF84MDU3NzcxMSk7CiAgcmV0dXJuOwp9Cgo=	
urn:ure:smg:re_FunctionVariant:rmge01-usasm:80196350	0x80196350	12	true	RlVOXzgwMTk2MzUw	CnZvaWQgRlVOXzgwMTk2MzUwKHVuZGVmaW5lZDQgcGFyYW1fMSkKCnsKICBGVU5fODAzZDY2YjgocGFyYW1fMSxzX0Jlc3RSZWNvcmRfODA1Nzc2ZjYpOwogIHJldHVybjsKfQoK	
urn:ure:smg:re_FunctionVariant:rmge01-usasm:80198e88	0x80198E88	12	true	RlVOXzgwMTk4ZTg4	CnZvaWQgRlVOXzgwMTk4ZTg4KGludCBwYXJhbV8xKQoKewogICoodW5kZWZpbmVkNCAqKShwYXJhbV8xICsgOCkgPSAqKHVuZGVmaW5lZDQgKikocGFyYW1fMSArIDB4Yyk7CiAgcmV0dXJuOwp9Cgo=	
urn:ure:smg:re_FunctionVariant:rmge01-usasm:8019f074	0x8019F074	12	false			bm8gZnVuY3Rpb24gYXQgZXhhY3QgZW50cnk=
urn:ure:smg:re_FunctionVariant:rmge01-usasm:8019f080	0x8019F080	12	false			bm8gZnVuY3Rpb24gYXQgZXhhY3QgZW50cnk=
urn:ure:smg:re_FunctionVariant:rmge01-usasm:8019f08c	0x8019F08C	12	true	RlVOXzgwMTlmMDhj	CnZvaWQgRlVOXzgwMTlmMDhjKHVuZGVmaW5lZDQgcGFyYW1fMSx1bmRlZmluZWQ0IHBhcmFtXzIsdW5kZWZpbmVkNCBwYXJhbV8zKQoKewogIEZVTl84MDE5ZjExMChwYXJhbV8xLHBhcmFtXzIsNCxwYXJhbV8zKTsKICByZXR1cm47Cn0KCg==	
urn:ure:smg:re_FunctionVariant:rmge01-usasm:801f79d8	0x801F79D8	12	true	RlVOXzgwMWY3OWQ4	CnZvaWQgRlVOXzgwMWY3OWQ4KHZvaWQpCgp7CiAgcmV0dXJuOwp9Cgo=	
urn:ure:smg:re_FunctionVariant:rmge01-usasm:801f79e4	0x801F79E4	12	true	RlVOXzgwMWY3OWU0	CnZvaWQgRlVOXzgwMWY3OWU0KGludCBwYXJhbV8xKQoKewogIGRvdWJsZSBpbl9mMTsKICAKICAqKGZsb2F0ICopKCooaW50ICopKHBhcmFtXzEgKyAweGE0KSArIDB4NmMpID0gKGZsb2F0KWluX2YxOwogIHJldHVybjsKfQoK	
urn:ure:smg:re_FunctionVariant:rmge01-usasm:801f7ee8	0x801F7EE8	12	true	RlVOXzgwMWY3ZWU4	CnZvaWQgRlVOXzgwMWY3ZWU4KHVuZGVmaW5lZDEgKnBhcmFtXzEpCgp7CiAgKnBhcmFtXzEgPSAxOwogIHJldHVybjsKfQoK	
urn:ure:smg:re_FunctionVariant:rmge01-usasm:801f7efc	0x801F7EFC	12	true	RlVOXzgwMWY3ZWZj	CnZvaWQgRlVOXzgwMWY3ZWZjKGludCBwYXJhbV8xKQoKewogICoodW5kZWZpbmVkMSAqKShwYXJhbV8xICsgMSkgPSAxOwogIHJldHVybjsKfQoK	
urn:ure:smg:re_FunctionVariant:rmge01-usasm:801f7f3c	0x801F7F3C	12	true	RlVOXzgwMWY3ZjNj	CnZvaWQgRlVOXzgwMWY3ZjNjKGludCBwYXJhbV8xKQoKewogICoodW5kZWZpbmVkMSAqKShwYXJhbV8xICsgMHg2OCkgPSAwOwogIHJldHVybjsKfQoK	
urn:ure:smg:re_FunctionVariant:rmge01-usasm:801f7f48	0x801F7F48	12	true	RlVOXzgwMWY3ZjQ4	CnZvaWQgRlVOXzgwMWY3ZjQ4KGludCBwYXJhbV8xKQoKewogICoodW5kZWZpbmVkMSAqKShwYXJhbV8xICsgNCkgPSAxOwogIHJldHVybjsKfQoK	
urn:ure:smg:re_FunctionVariant:rmge01-usasm:801f7fc8	0x801F7FC8	12	true	RlVOXzgwMWY3ZmM4	CnZvaWQgRlVOXzgwMWY3ZmM4KGludCBwYXJhbV8xKQoKewogICoodW5kZWZpbmVkMSAqKShwYXJhbV8xICsgOSkgPSAxOwogIHJldHVybjsKfQoK	
urn:ure:smg:re_FunctionVariant:rmge01-usasm:801f8000	0x801F8000	12	true	RlVOXzgwMWY4MDAw	CnZvaWQgRlVOXzgwMWY4MDAwKGludCBwYXJhbV8xKQoKewogICoodW5kZWZpbmVkMSAqKShwYXJhbV8xICsgMHhlKSA9IDE7CiAgcmV0dXJuOwp9Cgo=	
urn:ure:smg:re_FunctionVariant:rmge01-usasm:801f800c	0x801F800C	12	true	RlVOXzgwMWY4MDBj	CnZvaWQgRlVOXzgwMWY4MDBjKGludCBwYXJhbV8xKQoKewogICoodW5kZWZpbmVkMSAqKShwYXJhbV8xICsgMHhmKSA9IDE7CiAgcmV0dXJuOwp9Cgo=	
urn:ure:smg:re_FunctionVariant:rmge01-usasm:801f8018	0x801F8018	12	true	RlVOXzgwMWY4MDE4	CnZvaWQgRlVOXzgwMWY4MDE4KGludCBwYXJhbV8xKQoKewogICoodW5kZWZpbmVkMSAqKShwYXJhbV8xICsgMHgxMCkgPSAxOwogIHJldHVybjsKfQoK	
urn:ure:smg:re_FunctionVariant:rmge01-usasm:801f8024	0x801F8024	12	true	RlVOXzgwMWY4MDI0	CnZvaWQgRlVOXzgwMWY4MDI0KGludCBwYXJhbV8xKQoKewogICoodW5kZWZpbmVkMSAqKShwYXJhbV8xICsgMHg2OCkgPSAxOwogIHJldHVybjsKfQoK	
urn:ure:smg:re_FunctionVariant:rmge01-usasm:801f8048	0x801F8048	12	false			bm8gZnVuY3Rpb24gYXQgZXhhY3QgZW50cnk=
urn:ure:smg:re_FunctionVariant:rmge01-usasm:8020effc	0x8020EFFC	12	true	RlVOXzgwMjBlZmZj	CnZvaWQgRlVOXzgwMjBlZmZjKGludCBwYXJhbV8xKQoKewogICoodW5kZWZpbmVkMSAqKShwYXJhbV8xICsgMHg5MCkgPSAwOwogIHJldHVybjsKfQoK	
urn:ure:smg:re_FunctionVariant:rmge01-usasm:802343e8	0x802343E8	12	true	RlVOXzgwMjM0M2U4	CnZvaWQgRlVOXzgwMjM0M2U4KHZvaWQpCgp7CiAgRlVOXzgwM2UyYTVjKDB4M2MsMHg3OCk7CiAgcmV0dXJuOwp9Cgo=	
urn:ure:smg:re_FunctionVariant:rmge01-usasm:80237ee0	0x80237EE0	12	true	RlVOXzgwMjM3ZWUw	CnZvaWQgRlVOXzgwMjM3ZWUwKGludCBwYXJhbV8xKQoKewogICoodW5kZWZpbmVkNCAqKShwYXJhbV8xICsgMHhiNCkgPSAweGZmZmZmZmZmOwogIHJldHVybjsKfQoK	
urn:ure:smg:re_FunctionVariant:rmge01-usasm:80237eec	0x80237EEC	12	true	RlVOXzgwMjM3ZWVj	CnZvaWQgRlVOXzgwMjM3ZWVjKGludCBwYXJhbV8xKQoKewogICoodW5kZWZpbmVkNCAqKShwYXJhbV8xICsgMHhiNCkgPSAwOwogIHJldHVybjsKfQoK	
urn:ure:smg:re_FunctionVariant:rmge01-usasm:80237ef8	0x80237EF8	12	true	RlVOXzgwMjM3ZWY4	CnZvaWQgRlVOXzgwMjM3ZWY4KGludCBwYXJhbV8xKQoKewogICoodW5kZWZpbmVkNCAqKShwYXJhbV8xICsgMHhiNCkgPSAxOwogIHJldHVybjsKfQoK	
urn:ure:smg:re_FunctionVariant:rmge01-usasm:80256b30	0x80256B30	12	true	RlVOXzgwMjU2YjMw	CnVuZGVmaW5lZDQgRlVOXzgwMjU2YjMwKHZvaWQpCgp7CiAgcmV0dXJuIDB4MzI7Cn0KCg==	
urn:ure:smg:re_FunctionVariant:rmge01-usasm:8025b920	0x8025B920	12	true	RlVOXzgwMjViOTIw	CnVuZGVmaW5lZDQgRlVOXzgwMjViOTIwKGludCBwYXJhbV8xKQoKewogIHJldHVybiAqKHVuZGVmaW5lZDQgKikoKihpbnQgKikocGFyYW1fMSArIDB4YykgKyAweGMpOwp9Cgo=	
urn:ure:smg:re_FunctionVariant:rmge01-usasm:80261580:200696	0x80261580	12	true	RlVOXzgwMjYxNTgw	CnZvaWQgRlVOXzgwMjYxNTgwKGludCBwYXJhbV8xKQoKewogICoodW5kZWZpbmVkNCAqKShwYXJhbV8xICsgMHg4MDApID0gMDsKICByZXR1cm47Cn0KCg==	
urn:ure:smg:re_FunctionVariant:rmge01-usasm:802615d4:200698	0x802615D4	12	true	RlVOXzgwMjYxNWQ0	CmludCBGVU5fODAyNjE1ZDQoaW50IHBhcmFtXzEsaW50IHBhcmFtXzIpCgp7CiAgcmV0dXJuIHBhcmFtXzEgKyBwYXJhbV8yICogMHg0MDsKfQoK	
urn:ure:smg:re_FunctionVariant:rmge01-usasm:8026c0b0:200806	0x8026C0B0	12	true	RlVOXzgwMjZjMGIw	CnZvaWQgRlVOXzgwMjZjMGIwKGludCBwYXJhbV8xKQoKewogIEZVTl84MDM5NzBlYygqKHVuZGVmaW5lZDQgKikocGFyYW1fMSArIDQpLDEpOwogIHJldHVybjsKfQoK	
urn:ure:smg:re_FunctionVariant:rmge01-usasm:8026c0bc:200807	0x8026C0BC	12	true	RlVOXzgwMjZjMGJj	CnZvaWQgRlVOXzgwMjZjMGJjKGludCBwYXJhbV8xKQoKewogIEZVTl84MDM5NzBlYygqKHVuZGVmaW5lZDQgKikocGFyYW1fMSArIDQpLDApOwogIHJldHVybjsKfQoK	
urn:ure:smg:re_FunctionVariant:rmge01-usasm:8026c0c8:200808	0x8026C0C8	12	true	RlVOXzgwMjZjMGM4	CnZvaWQgRlVOXzgwMjZjMGM4KGludCBwYXJhbV8xKQoKewogIEZVTl84MDM5NzBlYygqKHVuZGVmaW5lZDQgKikocGFyYW1fMSArIDQpLDIpOwogIHJldHVybjsKfQoK	
urn:ure:smg:re_FunctionVariant:rmge01-usasm:8026c10c:200814	0x8026C10C	12	true	RlVOXzgwMjZjMTBj	CnZvaWQgRlVOXzgwMjZjMTBjKHVuZGVmaW5lZDQgKnBhcmFtXzEpCgp7CiAgKnBhcmFtXzEgPSAwOwogIHJldHVybjsKfQoK	
urn:ure:smg:re_FunctionVariant:rmge01-usasm:802776a0	0x802776A0	12	true	RlVOXzgwMjc3NmEw	CnZvaWQgRlVOXzgwMjc3NmEwKGludCBwYXJhbV8xKQoKewogICoodW5kZWZpbmVkMSAqKShwYXJhbV8xICsgMHgyNCkgPSAxOwogIHJldHVybjsKfQoK	
urn:ure:smg:re_FunctionVariant:rmge01-usasm:80278fe0	0x80278FE0	12	true	RlVOXzgwMjc4ZmUw	CnZvaWQgRlVOXzgwMjc4ZmUwKHVuZGVmaW5lZDQgKnBhcmFtXzEpCgp7CiAgRlVOXzgwM2JkNTQ0KCpwYXJhbV8xKTsKICByZXR1cm47Cn0KCg==	
urn:ure:smg:re_FunctionVariant:rmge01-usasm:8028519c	0x8028519C	12	false			bm8gZnVuY3Rpb24gYXQgZXhhY3QgZW50cnk=
urn:ure:smg:re_FunctionVariant:rmge01-usasm:8028dad0	0x8028DAD0	12	false			bm8gZnVuY3Rpb24gYXQgZXhhY3QgZW50cnk=
urn:ure:smg:re_FunctionVariant:rmge01-usasm:8029a488	0x8029A488	12	false			bm8gZnVuY3Rpb24gYXQgZXhhY3QgZW50cnk=
urn:ure:smg:re_FunctionVariant:rmge01-usasm:8029cdac	0x8029CDAC	12	true	RlVOXzgwMjljZGFj	CnZvaWQgRlVOXzgwMjljZGFjKHVuZGVmaW5lZDEgKnBhcmFtXzEpCgp7CiAgKnBhcmFtXzEgPSAwOwogIHJldHVybjsKfQoK	
