name	address	body_size	decompile_completed
CG_GetLightingOrigin	00442750	135	false
CG_ClientFlagResetAll	004489b0	57	false
CG_ClientFlagSet	004489f0	131	false
CG_ClientFlagClear	00448a80	133	false
CG_ClientFlagIsActive	00448b10	121	false
CG_ClientFlagIsSet	00448b90	121	false
CG_ClientFlagCallback	0044bfd0	265	false
CScrCmd_OverrideLightingOrigin	004a5d50	171	false
CG_UpdateClientFlags	004b1bf0	194	false
GScr_SetSpawnClientFlag	00628260	119	false
GScr_SetClientFlag	0062b560	106	false
GScr_GetClientFlag	0062b5f0	138	false
GScr_ClearClientFlag	0062b680	110	false
SpawnSystem_SetSpawnClientFlag	006396a0	66	false
