type	length	offset	field	field_type	field_length
centity_t	896	0	pose	cpose_t	352
centity_t	896	352	prevState	LerpEntityState	124
centity_t	896	476	nextState	entityState_s	248
centity_t	896	724	previousEventSequence	short	2
centity_t	896	728	miscTime	int	4
centity_t	896	732	lastMuzzleFlash	int	4
centity_t	896	736	numShotsFiredLast	int	4
centity_t	896	740	attachModelNames	ushort[2]	4
centity_t	896	744	attachTagNames	ushort[2]	4
centity_t	896	748	tree	XAnimTree_s *	4
centity_t	896	752	destructible	Destructible *	4
centity_t	896	756	nitrousVeh	NitrousVehicle *	4
centity_t	896	760	linkInfo	cLinkInfo_s *	4
centity_t	896	764	vehicle	cgVehicle_t *	4
centity_t	896	768	clientTagCache	ClientTagCache *	4
centity_t	896	772	aimTargetInfo	AimTargetCache *	4
centity_t	896	776	cScriptMover	cgScriptMover_s *	4
centity_t	896	780	scripted	canimscripted_t *	4
centity_t	896	784	zbarrier	cgZBarrier_s *	4
centity_t	896	788	droppedWeaponDobjInfo	DroppedWeaponDobjInfo *	4
centity_t	896	792	nextSlideFX	int	4
centity_t	896	796	flagIndex	ushort	2
centity_t	896	798	flagState	ushort	2
centity_t	896	800	compassMaterial	Material *	4
centity_t	896	804	lastTrailTime	int	4
centity_t	896	808	fxTrailHandle	uint	4
centity_t	896	812	fxProjExplosion	uint	4
centity_t	896	816	fxHeartbeat	uint	4
centity_t	896	820	fxLaserSight	uint	4
centity_t	896	824	oldLinkOrigin	vec3_t	12
centity_t	896	836	originError	vec3_t	12
centity_t	896	848	anglesError	vec3_t	12
centity_t	896	860	tracerDrawRateCounter	uchar	1
centity_t	896	864	updateDelayedNext	centity_t *	4
centity_t	896	868	classname	ushort	2
centity_t	896	872	stepSound	uint	4
centity_t	896	876	footstepSurfaceOverride	uchar	1
centity_t	896	877	deployedRiotshieldHits	uchar[8]	8
centity_t	896	888		centity_t_u_888	8
centity_t_u_888	8	0	packed_bits	ulong[2]	8
centity_t_u_888	8	0	_s_1	centity_t_u_888_s_1	8
cpose_t	352	0	lightingHandle	ushort	2
cpose_t	352	2	eType	uchar	1
cpose_t	352	3	eTypeUnion	uchar	1
cpose_t	352	4	localClientNum	uchar	1
cpose_t	352	5	isRagdoll	uchar	1
cpose_t	352	8	ragdollHandle	int	4
cpose_t	352	12	physObjId	int	4
cpose_t	352	16	physUserBody	int	4
cpose_t	352	20	killcamRagdollHandle	int	4
cpose_t	352	24	physUserBodyProneFeet	int	4
cpose_t	352	28	destructiblePose	uchar	1
cpose_t	352	32	startBurnTime	int	4
cpose_t	352	36	wetness	float	4
cpose_t	352	40	cullIn	int	4
cpose_t	352	44	origin	vec3_t	12
cpose_t	352	56	angles	vec3_t	12
cpose_t	352	68	absmin	vec3_t	12
cpose_t	352	80	absmax	vec3_t	12
cpose_t	352	92	skinCacheEntry	GfxSkinCacheEntry	12
cpose_t	352	104		cpose_t_u_104	128
cpose_t	352	232	constantSet	ShaderConstantSet	120
