callee_entry	callee_name	callsite	caller_entry	caller_name
00a60540	Image_Create2DTexture_PC	00aa8c53	00aa8b90	Image_Setup
00a60540	Image_Create2DTexture_PC	00a612ea	00a60f10	Load_Texture
00a60810	Image_Create3DTexture_PC	00aa8c34	00aa8b90	Image_Setup
00a60810	Image_Create3DTexture_PC	00a612b2	00a60f10	Load_Texture
00a60c30	Image_SetupRenderTarget	00a87730	00a87630	R_InitRenderTargetImage
00a9b440	Image_SetupFromFile	00a9b927	00a9b640	Image_LoadBitmap
00a9b440	Image_SetupFromFile	00a9bbfd	00a9b940	Image_LoadDxtc
00aa8b90	Image_Setup	00aa8cd7	00aa8cb0	Image_SetupAndLoad
00aa8b90	Image_Setup	00a9c28e	00a9c240	Image_Generate2D
00aa8b90	Image_Setup	00a9c3b2	00a9c2e0	Image_GenerateCube
00aa8b90	Image_Setup	00a9b4ff	00a9b440	Image_SetupFromFile
00aa8cb0	Image_SetupAndLoad	00a60d1e	00a60c30	Image_SetupRenderTarget
00aa8cb0	Image_SetupAndLoad	00a60d78	00a60c30	Image_SetupRenderTarget
00aa8cb0	Image_SetupAndLoad	00a60da2	00a60c30	Image_SetupRenderTarget
