target	from_address	function_entry	function_name	reference_type
084f6e88	00a7b7fc	00a7b7b0	R_SetupDynamicModelLighting	READ
084f6e88	00a7b96f	00a7b890	R_InitModelLightingGlobals	WRITE
084f6e88	00a7b45a	00a7b3d0	R_SetStaticModelLightingConsts	READ
084f6e88	00a7b30a	00a7b270	R_SetModelLightingConsts	READ
084f6e88	00a7c398	00a7c230	R_AllocModelLighting	DATA
084f6e88	00a7c39d	00a7c230	R_AllocModelLighting	DATA
084f6e8c	00a7b96a	00a7b890	R_InitModelLightingGlobals	WRITE
084f6e8c	00a7c344	00a7c230	R_AllocModelLighting	READ
084f6e8c	00a7c47c	00a7c230	R_AllocModelLighting	READ
084f6e8c	00a7bf0d	00a7bec0	R_CalcModelLighting	READ
084f6e8c	00a7b2fd	00a7b270	R_SetModelLightingConsts	READ
084f6e90	00a7bb6e	00a7ba50	R_ResetModelLighting	READ
084f6e90	00a7bba5	00a7ba50	R_ResetModelLighting	READ
084f6e90	00a7bd77	00a7bcd0	R_AllocStaticModelLighting	READ
084f6e90	00a7bd7f	00a7bcd0	R_AllocStaticModelLighting	READ
084f6e90	00a7b220	00a7b220	R_ModelLightingIndexFromHandle	READ
084f6e90	00a7c038	00a7bf90	R_SetStaticModelLighting	READ
084f6e90	00a7b93c	00a7b890	R_InitModelLightingGlobals	WRITE
084f6e90	00a7b3f1	00a7b3d0	R_SetStaticModelLightingConsts	READ
084f6e90	00a7b280	00a7b270	R_SetModelLightingConsts	READ
084f6e94	00a7b933	00a7b890	R_InitModelLightingGlobals	WRITE
084f6e98	00a7b94f	00a7b890	R_InitModelLightingGlobals	WRITE
084f6ea0	00a7b600	00a7b600	R_ToggleModelLightingFrame	READ
084f6ea0	00a7b615	00a7b600	R_ToggleModelLightingFrame	WRITE
084f6ea4	00a7b7c5	00a7b7b0	R_SetupDynamicModelLighting	READ
084f6ea8	00a7ba84	00a7ba50	R_ResetModelLighting	READ
084f6ea8	00a7baba	00a7ba50	R_ResetModelLighting	READ
084f6ea8	00a7b896	00a7b890	R_InitModelLightingGlobals	WRITE
084f6ea8	00a7b8a0	00a7b890	R_InitModelLightingGlobals	READ
084f6ea8	00a7b8b1	00a7b890	R_InitModelLightingGlobals	READ
084f6ea8	00a7b921	00a7b890	R_InitModelLightingGlobals	READ
084f6ea8	00a7b95f	00a7b890	R_InitModelLightingGlobals	READ
084f6ea8	00a7b99b	00a7b890	R_InitModelLightingGlobals	READ
084f6ea8	00a7ba04	00a7b890	R_InitModelLightingGlobals	READ
084f6ea8	00a7ba1f	00a7b890	R_InitModelLightingGlobals	READ
084f6ea8	00a7c3a9	00a7c230	R_AllocModelLighting	READ
084f6ea8	00a7befe	00a7bec0	R_CalcModelLighting	READ
084f6ea8	00a7b305	00a7b270	R_SetModelLightingConsts	READ
084f6eac	00a7ba1a	00a7b890	R_InitModelLightingGlobals	WRITE
084f6eac	00a7c439	00a7c230	R_AllocModelLighting	READ
084f6eac	00a7c4c4	00a7c230	R_AllocModelLighting	READ
084f6eac	00a7c4e2	00a7c230	R_AllocModelLighting	READ
084f6eac	00a7c4fc	00a7c230	R_AllocModelLighting	READ
084f6eb0	00a7baa0	00a7ba50	R_ResetModelLighting	READ
084f6eb0	00a7b9cd	00a7b890	R_InitModelLightingGlobals	WRITE
084f6eb0	00a7c34a	00a7c230	R_AllocModelLighting	READ
084f6eb0	00a7c48c	00a7c230	R_AllocModelLighting	READ
084f6eb4	00a7ba38	00a7b890	R_InitModelLightingGlobals	WRITE
084f6eb4	00a7c4d2	00a7c230	R_AllocModelLighting	READ
084f6eb4	00a7bf48	00a7bec0	R_CalcModelLighting	READ
084f6eb4	00a7b342	00a7b270	R_SetModelLightingConsts	READ
084f6eb8	00a7b61a	00a7b600	R_ToggleModelLightingFrame	WRITE
084f6eb8	00a7c3da	00a7c230	R_AllocModelLighting	READ
084f6ebc	00a7b624	00a7b600	R_ToggleModelLightingFrame	DATA
084f6ebc	00a7b637	00a7b600	R_ToggleModelLightingFrame	DATA
084f6ebc	00a7b64e	00a7b600	R_ToggleModelLightingFrame	DATA
084f6ebc	00a7b9f3	00a7b890	R_InitModelLightingGlobals	DATA
084f6ebc	00a7ba65	00a7ba50	R_ResetModelLighting	DATA
084f6ecc	00a7b631	00a7b600	R_ToggleModelLightingFrame	WRITE
084f6ed0	00a7b648	00a7b600	R_ToggleModelLightingFrame	WRITE
084f6ed4	00a7b65b	00a7b600	R_ToggleModelLightingFrame	WRITE
084f6ed4	00a7c455	00a7c230	R_AllocModelLighting	READ
084f6ed8	00a7b63e	00a7b600	R_ToggleModelLightingFrame	READ
084f6ed8	00a7ba60	00a7ba50	R_ResetModelLighting	READ
084f6ed8	00a7b9a6	00a7b890	R_InitModelLightingGlobals	WRITE
084f6ed8	00a7b9e0	00a7b890	R_InitModelLightingGlobals	READ
084f6edc	00a7b9bf	00a7b890	R_InitModelLightingGlobals	WRITE
084f6f08	00a1ba9c	00a1ae70	R_GenerateSortedDrawSurfs	READ
084f6f08	00a1bed8	00a1ae70	R_GenerateSortedDrawSurfs	READ
084f6f08	00a1bffc	00a1ae70	R_GenerateSortedDrawSurfs	READ
084f6f08	00a1c29c	00a1ae70	R_GenerateSortedDrawSurfs	READ
084f6f08	00a2815f	00a28130	RB_Draw3DInternal	READ
084f6f08	00a255a9	00a25550	R_SetAndClearSceneTarget	READ
084f6f08	00a255d3	00a25550	R_SetAndClearSceneTarget	READ
084f6f08	00a27a8c	00a27a60	RB_Draw3DCommon	READ
084f6f08	00a5c6a0	00a5c680	R_SetWindShaderConstants	READ
084f6f08	00a7c792	00a7c770	R_InitDrawMethod	WRITE
084f6f08	00a7c7d1	00a7c770	R_InitDrawMethod	WRITE
084f6f08	00a7c809	00a7c770	R_InitDrawMethod	WRITE
084f6f08	00a7c81d	00a7c770	R_InitDrawMethod	WRITE
084f6f08	00a05106	00a04ff0	R_AddSceneEntSurfs_SceneModels	READ
084f6f0c	00a1a48e	00a1a3f0	R_SetupDrawSurfListInfos	READ
084f6f0c	00a1a4a3	00a1a3f0	R_SetupDrawSurfListInfos	READ
084f6f0c	00a7c79c	00a7c770	R_InitDrawMethod	WRITE
084f6f0c	00a7c7db	00a7c770	R_InitDrawMethod	WRITE
084f6f0c	00a7c7fc	00a7c770	R_InitDrawMethod	WRITE
084f6f14	00a7c586	00a7c560	R_SetDefaultLitTechTypes	WRITE
084f6f18	00a7c599	00a7c560	R_SetDefaultLitTechTypes	WRITE
084f6f1c	00a7c5a3	00a7c560	R_SetDefaultLitTechTypes	WRITE
