string_address	value	from_address	function_entry	function_name
00bab378	setmixerlightmodels	00ddf944		
00bab378	setmixerlightmodels	00bacfa0		
00bb0a70	Light model '%s' not precached\n	0049d498	0049d330	CScr_SetMixerLightModels
00bb0a70	Light model '%s' not precached\n	0049d503	0049d330	CScr_SetMixerLightModels
00c0c1e0	entity %i is not a script_brushmodel, script_model, script_origin, or light	00632170	006320e0	ScriptEntCmd_MoveTo
00c0c1e0	entity %i is not a script_brushmodel, script_model, script_origin, or light	00632290	00632200	ScriptEntCmd_GravityMove
00c0c1e0	entity %i is not a script_brushmodel, script_model, script_origin, or light	00632420	00632390	ScriptEntCmd_MoveSlide
00c0c1e0	entity %i is not a script_brushmodel, script_model, script_origin, or light	0063261e	006325a0	ScriptEntCmd_StopMoveSlide
00c0c1e0	entity %i is not a script_brushmodel, script_model, script_origin, or light	00632704	00632670	ScriptEnt_MoveAxis
00c0c1e0	entity %i is not a script_brushmodel, script_model, script_origin, or light	006328b2	00632820	ScriptEntCmd_RotateTo
00c0c1e0	entity %i is not a script_brushmodel, script_model, script_origin, or light	00632ae3	00632a20	ScriptEnt_DevAddRotate
00c0c1e0	entity %i is not a script_brushmodel, script_model, script_origin, or light	00632d75	00632ce0	ScriptEnt_RotateAxis
00c0c1e0	entity %i is not a script_brushmodel, script_model, script_origin, or light	00632f51	00632ec0	ScriptEntCmd_Vibrate
00c0c1e0	entity %i is not a script_brushmodel, script_model, script_origin, or light	006331c2	00633130	ScriptEntCmd_RotateVelocity
00c0c1e0	entity %i is not a script_brushmodel, script_model, script_origin, or light	00633490	00633400	ScriptEntCmd_PhysicsLaunch
00c59510	wait r_add_smodels_dlight	007700f0	0076fd30	R_WaitFrontendWorkerCmds
00c63f90	r_cacheModelLighting	0077c77d	00778890	Dvar_Init
00c63fa8	Speed up model lighting by caching previous results	0077c72d	00778890	Dvar_Init
00d07994	wait & assist r_add_smodels_dlight	00a1c39f	00a1ae70	R_GenerateSortedDrawSurfs
00d08ffc	r_lightmapOnlySModelSurfs	00a24057	00a1f600	R_RegisterDvars
00d09018	Enable lightmap_only_surfs tech for static model draw surfaces	00a2404b	00a1f600	R_RegisterDvars
00d0bffc	r_spotLightSModelShadows	00a20944	00a1f600	R_RegisterDvars
00d0c018	Enable static model shadows for spot lights.	00a20938	00a1f600	R_RegisterDvars
00d0cac0	Show lighting origins for models	00a201d6	00a1f600	R_RegisterDvars
00d0e394	LIGHT_MAP_STATIC_MODEL_POST_RESOLVE	010c0844		
00d0e394	LIGHT_MAP_STATIC_MODEL_POST_RESOLVE	00a27df5	00a27ae0	RB_StandardDrawCommands
00d0e464	LIGHT_MAP_STATIC_MODEL	010c0838		
00d0e464	LIGHT_MAP_STATIC_MODEL	00a27c6d	00a27ae0	RB_StandardDrawCommands
00d12694	Static model %s with id %i failed to find it's lighting data\n	00a35e4b	00a35dc0	R_LoadStaticModelData
00d126d8	No static model lighting data found. Static models will have no lighting\n	00a35dee	00a35dc0	R_LoadStaticModelData
00d128f0	ERROR: Vertex baked lighting doesn't match the xmodel mesh (%s). Lighting will be set to black. Please recompile the BSP to fix.\n	00a363ff	00a36240	R_SetStaticModelsLightmapData
00d12974	R_SetStaticModelsLightmapData	00a36315	00a36240	R_SetStaticModelsLightmapData
00d13bb0	GFX: s_world.models[0].surfaceCount %i, s_world.shadowGeom[s_world.sunPrimaryLightIndex].surfaceCount %i\n	00a3adc7	00a3acb0	R_InitShadowGeometryArrays
00d13c20	GFX: s_world.dpvs.smodelCount %i, s_world.shadowGeom[s_world.sunPrimaryLightIndex].smodelCount %i\n	00a3ad75	00a3acb0	R_InitShadowGeometryArrays
00d13c88	(unsigned)(smodelDrawInst->primaryLightIndex) < (unsigned)(s_world.primaryLightCount)	00a3ad0d	00a3acb0	R_InitShadowGeometryArrays
00d13c88	(unsigned)(smodelDrawInst->primaryLightIndex) < (unsigned)(s_world.primaryLightCount)	00a3ae9e	00a3acb0	R_InitShadowGeometryArrays
00d13ce0	smodelDrawInst->primaryLightIndex doesn't index s_world.primaryLightCount\n\t%i not in [0, %i)	00a3ad08	00a3acb0	R_InitShadowGeometryArrays
00d13ce0	smodelDrawInst->primaryLightIndex doesn't index s_world.primaryLightCount\n\t%i not in [0, %i)	00a3ae99	00a3acb0	R_InitShadowGeometryArrays
00d1412c	static model lightmap data	00a3e1a0	00a3dcf0	R_LoadWorldInternal
00d17138	modelLightingSampler	00d183d0		
00d1f560	$model_lighting	010bf814		
00d2162c	model lighting handle alloc failed - not drawing model\n	010bf954		
00d21664	model light cache alloc failed - not drawing model\n	010bf950		
00d224ec	r_add_smodels_dlight	010bff18		
00d224ec	r_add_smodels_dlight	00a67d93	00a67d90	r_add_smodels_dlightCallback_Implementation
00d224ec	r_add_smodels_dlight	00a684b9	00a684b0	r_add_smodels_dlightCallback
00d23ba4	c:\t6\code\src\gfx_d3d\r_model_lighting.cpp	00a7b250	00a7b220	R_ModelLightingIndexFromHandle
00d23ba4	c:\t6\code\src\gfx_d3d\r_model_lighting.cpp	00a7b2a8	00a7b270	R_SetModelLightingConsts
00d23ba4	c:\t6\code\src\gfx_d3d\r_model_lighting.cpp	00a7b32a	00a7b270	R_SetModelLightingConsts
00d23ba4	c:\t6\code\src\gfx_d3d\r_model_lighting.cpp	00a7b418	00a7b3d0	R_SetStaticModelLightingConsts
00d23ba4	c:\t6\code\src\gfx_d3d\r_model_lighting.cpp	00a7b73a	00a7b720	R_BeginAllStaticModelLighting
00d23ba4	c:\t6\code\src\gfx_d3d\r_model_lighting.cpp	00a7b78c	00a7b720	R_BeginAllStaticModelLighting
00d23ba4	c:\t6\code\src\gfx_d3d\r_model_lighting.cpp	00a7b90a	00a7b890	R_InitModelLightingGlobals
00d23ba4	c:\t6\code\src\gfx_d3d\r_model_lighting.cpp	00a7b989	00a7b890	R_InitModelLightingGlobals
00d23ba4	c:\t6\code\src\gfx_d3d\r_model_lighting.cpp	00a7bae6	00a7ba50	R_ResetModelLighting
00d23ba4	c:\t6\code\src\gfx_d3d\r_model_lighting.cpp	00a7bb3b	00a7ba50	R_ResetModelLighting
00d23ba4	c:\t6\code\src\gfx_d3d\r_model_lighting.cpp	00a7bb93	00a7ba50	R_ResetModelLighting
00d23ba4	c:\t6\code\src\gfx_d3d\r_model_lighting.cpp	00a7bbe8	00a7ba50	R_ResetModelLighting
00d23ba4	c:\t6\code\src\gfx_d3d\r_model_lighting.cpp	00a7bc0e	00a7ba50	R_ResetModelLighting
00d23ba4	c:\t6\code\src\gfx_d3d\r_model_lighting.cpp	00a7bced	00a7bcd0	R_AllocStaticModelLighting
00d23ba4	c:\t6\code\src\gfx_d3d\r_model_lighting.cpp	00a7bd9b	00a7bcd0	R_AllocStaticModelLighting
00d23ba4	c:\t6\code\src\gfx_d3d\r_model_lighting.cpp	00a7bdf5	00a7bcd0	R_AllocStaticModelLighting
00d23ba4	c:\t6\code\src\gfx_d3d\r_model_lighting.cpp	00a7be69	00a7bcd0	R_AllocStaticModelLighting
00d23ba4	c:\t6\code\src\gfx_d3d\r_model_lighting.cpp	00a7bf30	00a7bec0	R_CalcModelLighting
00d23ba4	c:\t6\code\src\gfx_d3d\r_model_lighting.cpp	00a7bfd5	00a7bf90	R_SetStaticModelLighting
00d23ba4	c:\t6\code\src\gfx_d3d\r_model_lighting.cpp	00a7c01a	00a7bf90	R_SetStaticModelLighting
00d23ba4	c:\t6\code\src\gfx_d3d\r_model_lighting.cpp	00a7c05d	00a7bf90	R_SetStaticModelLighting
00d23ba4	c:\t6\code\src\gfx_d3d\r_model_lighting.cpp	00a7c170	00a7c110	R_SetAllStaticModelLighting
00d23ba4	c:\t6\code\src\gfx_d3d\r_model_lighting.cpp	00a7c1e3	00a7c110	R_SetAllStaticModelLighting
00d23ba4	c:\t6\code\src\gfx_d3d\r_model_lighting.cpp	00a7c2ea	00a7c230	R_AllocModelLighting
00d23ba4	c:\t6\code\src\gfx_d3d\r_model_lighting.cpp	00a7c310	00a7c230	R_AllocModelLighting
00d23ba4	c:\t6\code\src\gfx_d3d\r_model_lighting.cpp	00a7c3c8	00a7c230	R_AllocModelLighting
00d23ba4	c:\t6\code\src\gfx_d3d\r_model_lighting.cpp	00a7c52c	00a7c230	R_AllocModelLighting
00d23bd0	(1) <= (handle) && (handle) <= (modelLightGlob.totalEntryLimit)	00a7b244	00a7b220	R_ModelLightingIndexFromHandle
00d23bd0	(1) <= (handle) && (handle) <= (modelLightGlob.totalEntryLimit)	00a7b29c	00a7b270	R_SetModelLightingConsts
00d23bd0	(1) <= (handle) && (handle) <= (modelLightGlob.totalEntryLimit)	00a7b40c	00a7b3d0	R_SetStaticModelLightingConsts
00d23bd0	(1) <= (handle) && (handle) <= (modelLightGlob.totalEntryLimit)	00a7bb87	00a7ba50	R_ResetModelLighting
00d23bd0	(1) <= (handle) && (handle) <= (modelLightGlob.totalEntryLimit)	00a7bbdc	00a7ba50	R_ResetModelLighting
00d23bd0	(1) <= (handle) && (handle) <= (modelLightGlob.totalEntryLimit)	00a7bd8f	00a7bcd0	R_AllocStaticModelLighting
00d23bd0	(1) <= (handle) && (handle) <= (modelLightGlob.totalEntryLimit)	00a7c051	00a7bf90	R_SetStaticModelLighting
00d23c10	handle not in [1, modelLightGlob.totalEntryLimit]\n\t%i not in [%i, %i]	00a7b23f	00a7b220	R_ModelLightingIndexFromHandle
00d23c10	handle not in [1, modelLightGlob.totalEntryLimit]\n\t%i not in [%i, %i]	00a7b297	00a7b270	R_SetModelLightingConsts
00d23c10	handle not in [1, modelLightGlob.totalEntryLimit]\n\t%i not in [%i, %i]	00a7b407	00a7b3d0	R_SetStaticModelLightingConsts
00d23c10	handle not in [1, modelLightGlob.totalEntryLimit]\n\t%i not in [%i, %i]	00a7bb82	00a7ba50	R_ResetModelLighting
00d23c10	handle not in [1, modelLightGlob.totalEntryLimit]\n\t%i not in [%i, %i]	00a7bbd7	00a7ba50	R_ResetModelLighting
00d23c10	handle not in [1, modelLightGlob.totalEntryLimit]\n\t%i not in [%i, %i]	00a7bd8a	00a7bcd0	R_AllocStaticModelLighting
00d23c10	handle not in [1, modelLightGlob.totalEntryLimit]\n\t%i not in [%i, %i]	00a7c04c	00a7bf90	R_SetStaticModelLighting
00d23c58	(unsigned)(usedIndex) < (unsigned)(modelLightGlob.xmodelEntryLimit)	00a7b31e	00a7b270	R_SetModelLightingConsts
00d23c58	(unsigned)(usedIndex) < (unsigned)(modelLightGlob.xmodelEntryLimit)	00a7bf24	00a7bec0	R_CalcModelLighting
00d23ca0	usedIndex doesn't index modelLightGlob.xmodelEntryLimit\n\t%i not in [0, %i)	00a7b319	00a7b270	R_SetModelLightingConsts
00d23ca0	usedIndex doesn't index modelLightGlob.xmodelEntryLimit\n\t%i not in [0, %i)	00a7bf1f	00a7bec0	R_CalcModelLighting
00d23cec	(size <= sizeof( smodelLightGlob.lightingBits ))	00a7b780	00a7b720	R_BeginAllStaticModelLighting
00d23d44	(!smodelLightGlob.local.anyNewLighting)	00a7b72e	00a7b720	R_BeginAllStaticModelLighting
00d23d70	R_AllocModelLightingGlobal	00a7b9b9	00a7b890	R_InitModelLightingGlobals
00d23d70	R_AllocModelLightingGlobal	00a7b9e8	00a7b890	R_InitModelLightingGlobals
00d23d70	R_AllocModelLightingGlobal	00a7ba0f	00a7b890	R_InitModelLightingGlobals
00d23d70	R_AllocModelLightingGlobal	00a7ba29	00a7b890	R_InitModelLightingGlobals
00d23d8c	((!(modelLightGlob.xmodelEntryLimit & 31)))	00a7b97d	00a7b890	R_InitModelLightingGlobals
00d23db8	(modelLightGlob.xmodelEntryLimit) = %i	00a7b978	00a7b890	R_InitModelLightingGlobals
00d23de0	((smodelLightGlob.local.entryLimit <= 7680))	00a7b8fe	00a7b890	R_InitModelLightingGlobals
00d23e10	(smodelLightGlob.local.entryLimit) = %i	00a7b8f9	00a7b890	R_InitModelLightingGlobals
00d23e38	(entryIndex) == (R_ModelLightingIndexFromHandle( rgp.world->dpvs.smodelDrawInsts[smodelIndex].lightingHandle ))	00a7bc02	00a7ba50	R_ResetModelLighting
00d23ea8	entryIndex == R_ModelLightingIndexFromHandle( rgp.world->dpvs.smodelDrawInsts[smodelIndex].lightingHandle )\n\t%i, %i	00a7bbfd	00a7ba50	R_ResetModelLighting
00d23f1c	(smodelLightGlob.local.assignedCount == 0 || rgp.world != 0)	00a7badb	00a7ba50	R_ResetModelLighting
00d23f60	(unsigned)(smodelIndex >> 5) < (unsigned)((sizeof( smodelLightGlob.lightingBits ) / (sizeof( smodelLightGlob.lightingBits[0] ) * (sizeof( smodelLightGlob.lightingBits ) != 4 || sizeof( smodelLightGlob.lightingBits[0] ) <= 4))))	00a7be5d	00a7bcd0	R_AllocStaticModelLighting
00d24048	smodelIndex >> 5 doesn't index ARRAY_COUNT( smodelLightGlob.lightingBits )\n\t%i not in [0, %i)	00a7be58	00a7bcd0	R_AllocStaticModelLighting
00d240a8	model lighting	00a7bec3	00a7bec0	R_CalcModelLighting
00d240b8	(unsigned)(smodelDrawInst->primaryLightIndex) < (unsigned)(rgp.world->primaryLightCount)	00a7c00e	00a7bf90	R_SetStaticModelLighting
00d24118	smodelDrawInst->primaryLightIndex doesn't index rgp.world->primaryLightCount\n\t%i not in [0, %i)	00a7c009	00a7bf90	R_SetStaticModelLighting
00d24178	static model lighting	00a7bfa2	00a7bf90	R_SetStaticModelLighting
00d24190	(wordCount < sizeof( smodelLightGlob.lightingBits ))	00a7c164	00a7c110	R_SetAllStaticModelLighting
00d241c8	R_SetAllStaticModelLighting	00a7c116	00a7c110	R_SetAllStaticModelLighting
00d242d0	(unsigned)(usedIndex) < (unsigned)(lightGlob->xmodelEntryLimit)	00a7c3bc	00a7c230	R_AllocModelLighting
00d24310	usedIndex doesn't index lightGlob->xmodelEntryLimit\n\t%i not in [0, %i)	00a7c3b7	00a7c230	R_AllocModelLighting
00d24384	smodelLightGlob	00b8a672	00b8a670	`dynamic_initializer_for_'TRACKINST_smodelLightGlob''
00d28f28	DRAWLIST_LIGHT_MAP_STATIC_MODEL	010c0b84		
00d2c8b0	((drawStream->precompiledIndex == VERTEX_SHADER_MODEL_LIT_LIGHTMAP_VC))	00aa4435	00aa43e0	R_DrawStaticModelLitLightmapVCNoPrepass
