address	bytes	u32_le	primary_symbol
010bf780	70 f4 b8 00	0x00b8f470	
010bf784	60 f4 b8 00	0x00b8f460	
010bf788	73 74 61 74	0x74617473	g_dumpStaticModelFilePath
010bf78c	69 63 4d 6f	0x6f4d6369	
010bf790	64 65 6c 49	0x496c6564	
010bf794	6e 66 6f 2e	0x2e6f666e	
010bf798	63 73 76 00	0x00767363	
010bf79c	00 00 00 00	0x00000000	
010bf7a0	94 f4 b8 00	0x00b8f494	difficulty_strings
010bf7a4	80 f4 b8 00	0x00b8f480	
010bf7a8	70 f4 b8 00	0x00b8f470	
010bf7ac	60 f4 b8 00	0x00b8f460	
010bf7b0	a8 f6 d1 00	0x00d1f6a8	g_imageProgNames
010bf7b4	98 f6 d1 00	0x00d1f698	
010bf7b8	90 f6 d1 00	0x00d1f690	
010bf7bc	7c f6 d1 00	0x00d1f67c	
010bf7c0	6c f6 d1 00	0x00d1f66c	
010bf7c4	5c f6 d1 00	0x00d1f65c	
010bf7c8	50 f6 d1 00	0x00d1f650	
010bf7cc	44 f6 d1 00	0x00d1f644	
010bf7d0	34 f6 d1 00	0x00d1f634	
010bf7d4	2c f6 d1 00	0x00d1f62c	
010bf7d8	1c f6 d1 00	0x00d1f61c	
010bf7dc	0c f6 d1 00	0x00d1f60c	
010bf7e0	04 f6 d1 00	0x00d1f604	
010bf7e4	f8 f5 d1 00	0x00d1f5f8	
010bf7e8	ec f5 d1 00	0x00d1f5ec	
010bf7ec	e0 f5 d1 00	0x00d1f5e0	
010bf7f0	d4 f5 d1 00	0x00d1f5d4	
010bf7f4	c8 f5 d1 00	0x00d1f5c8	
010bf7f8	bc f5 d1 00	0x00d1f5bc	
010bf7fc	b0 f5 d1 00	0x00d1f5b0	
010bf800	a8 f5 d1 00	0x00d1f5a8	
010bf804	a0 f5 d1 00	0x00d1f5a0	
010bf808	90 f5 d1 00	0x00d1f590	
010bf80c	84 f5 d1 00	0x00d1f584	
010bf810	70 f5 d1 00	0x00d1f570	
010bf814	60 f5 d1 00	0x00d1f560	
010bf818	58 f5 d1 00	0x00d1f558	
010bf81c	50 f5 d1 00	0x00d1f550	
010bf820	40 f5 d1 00	0x00d1f540	
010bf824	34 f5 d1 00	0x00d1f534	
010bf828	20 f5 d1 00	0x00d1f520	
010bf82c	0c f5 d1 00	0x00d1f50c	
010bf830	f8 f4 d1 00	0x00d1f4f8	
010bf834	e4 f4 d1 00	0x00d1f4e4	
010bf838	d0 f4 d1 00	0x00d1f4d0	
010bf83c	c8 f4 d1 00	0x00d1f4c8	
010bf840	bc f4 d1 00	0x00d1f4bc	
010bf844	ac f4 d1 00	0x00d1f4ac	
010bf848	a0 f4 d1 00	0x00d1f4a0	
010bf84c	88 f4 d1 00	0x00d1f488	
010bf850	70 f4 d1 00	0x00d1f470	
010bf854	60 f4 d1 00	0x00d1f460	
010bf858	4c f4 d1 00	0x00d1f44c	
010bf85c	38 f4 d1 00	0x00d1f438	
010bf860	24 f4 d1 00	0x00d1f424	
010bf864	10 f4 d1 00	0x00d1f410	
010bf868	fc f3 d1 00	0x00d1f3fc	
010bf86c	e8 f3 d1 00	0x00d1f3e8	
010bf870	d4 f3 d1 00	0x00d1f3d4	
010bf874	c0 f3 d1 00	0x00d1f3c0	
010bf878	ac f3 d1 00	0x00d1f3ac	
010bf87c	98 f3 d1 00	0x00d1f398	
010bf880	84 f3 d1 00	0x00d1f384	
010bf884	84 f3 d1 00	0x00d1f384	
010bf888	70 f3 d1 00	0x00d1f370	
010bf88c	5c f3 d1 00	0x00d1f35c	
010bf890	48 f3 d1 00	0x00d1f348	
010bf894	38 f3 d1 00	0x00d1f338	
010bf898	30 f3 d1 00	0x00d1f330	
010bf89c	28 f3 d1 00	0x00d1f328	imageTypeName
010bf8a0	20 f3 d1 00	0x00d1f320	
010bf8a4	18 f3 d1 00	0x00d1f318	
010bf8a8	10 f3 d1 00	0x00d1f310	
010bf8ac	08 f3 d1 00	0x00d1f308	
010bf8b0	00 f3 d1 00	0x00d1f300	
010bf8b4	f8 f2 d1 00	0x00d1f2f8	
010bf8b8	f0 f2 d1 00	0x00d1f2f0	
010bf8bc	e8 f2 d1 00	0x00d1f2e8	
010bf8c0	e0 f2 d1 00	0x00d1f2e0	
010bf8c4	a4 8d c1 00	0x00c18da4	g_platform_name
010bf8c8	d8 f2 d1 00	0x00d1f2d8	
010bf8cc	94 f4 b8 00	0x00b8f494	difficulty_strings
010bf8d0	80 f4 b8 00	0x00b8f480	
010bf8d4	70 f4 b8 00	0x00b8f470	
010bf8d8	60 f4 b8 00	0x00b8f460	
010bf8dc	94 f4 b8 00	0x00b8f494	difficulty_strings
010bf8e0	80 f4 b8 00	0x00b8f480	
010bf8e4	70 f4 b8 00	0x00b8f470	
010bf8e8	60 f4 b8 00	0x00b8f460	
010bf8ec	94 f4 b8 00	0x00b8f494	difficulty_strings
010bf8f0	80 f4 b8 00	0x00b8f480	
010bf8f4	70 f4 b8 00	0x00b8f470	
010bf8f8	60 f4 b8 00	0x00b8f460	
010bf8fc	94 f4 b8 00	0x00b8f494	difficulty_strings
