004e5944	MOVSS dword ptr [ESI + 0x44],XMM0
004e5956	MOVSS dword ptr [ESI + 0x48],XMM0
004e5968	MOVSS dword ptr [ESI + 0x4c],XMM0
004e597a	MOVSS dword ptr [ESI + 0x50],XMM0
004e598c	MOVSS dword ptr [ESI + 0x54],XMM0
004e599e	MOVSS dword ptr [ESI + 0x58],XMM0
004e59c7	MOVSS dword ptr [ESI + 0x44],XMM0
004e59d9	MOVSS dword ptr [ESI + 0x48],XMM0
004e59eb	MOVSS dword ptr [ESI + 0x4c],XMM0
004e59fd	MOVSS dword ptr [ESI + 0x50],XMM0
004e5a0f	MOVSS dword ptr [ESI + 0x54],XMM0
004e5a21	MOVSS dword ptr [ESI + 0x58],XMM0
004e5c11	MOVSS dword ptr [ESI + 0x44],XMM0
004e5c1d	MOVSS dword ptr [ESI + 0x48],XMM2
004e5c26	MOVSS dword ptr [ESI + 0x4c],XMM0
004e5c2b	MOVSS dword ptr [ESI + 0x50],XMM1
004e5c37	MOVSS dword ptr [ESI + 0x54],XMM0
004e5c41	MOVSS dword ptr [ESI + 0x58],XMM1
