callsite	caller_entry	caller_name	reference_type
004e0a35	004e0540	CG_AddPlayerWeapon	UNCONDITIONAL_CALL
00417240	00416f70	CG_Actor	UNCONDITIONAL_CALL
00417442	00417280	CG_ActorCorpse	UNCONDITIONAL_CALL
00448dd6	00448cf0	CG_General	UNCONDITIONAL_CALL
0044905a	00448df0	CG_Item	UNCONDITIONAL_CALL
00449b9a	00449780	CG_Missile	UNCONDITIONAL_CALL
0044aa2c	0044a820	CG_ScriptMover	UNCONDITIONAL_CALL
0044b4ef	0044b2d0	CG_Vehicle	UNCONDITIONAL_CALL
0044cbba	0044c810	CG_Turret	UNCONDITIONAL_CALL
0047fd30	0047f520	CG_Player	UNCONDITIONAL_CALL
0048014a	0047fdd0	CG_Corpse	UNCONDITIONAL_CALL
