vertex_decl_type	source	stream	offset	type
0	0	0	0	2
0	1	0	16	28
0	2	0	20	16
0	3	0	28	24
0	4	255	0	0
0	5	255	0	0
0	6	255	0	0
0	7	255	0	0
0	8	255	0	0
0	9	255	0	0
0	10	255	0	0
1	0	0	0	2
1	1	0	16	28
1	2	0	20	34
1	3	0	24	24
1	4	0	28	24
1	5	255	0	0
1	6	255	0	0
1	7	255	0	0
1	8	255	0	0
1	9	255	0	0
1	10	255	0	0
2	0	0	0	2
2	1	0	16	28
2	2	0	20	34
2	3	0	24	24
2	4	0	28	24
2	5	2	0	28
2	6	255	0	0
2	7	255	0	0
2	8	255	0	0
2	9	255	0	0
2	10	255	0	0
3	0	0	0	2
3	1	0	16	28
3	2	0	20	16
3	3	0	28	24
3	4	0	32	24
3	5	0	36	16
3	6	255	0	0
3	7	255	0	0
3	8	255	0	0
3	9	255	0	0
3	10	255	0	0
4	0	0	0	2
4	1	0	16	28
4	2	0	20	34
4	3	0	24	24
4	4	0	28	24
4	5	0	32	35
4	6	255	0	0
4	7	255	0	0
4	8	255	0	0
4	9	255	0	0
4	10	255	0	0
5	0	0	0	2
5	1	0	16	28
5	2	0	20	34
5	3	0	24	24
5	4	0	28	24
5	5	0	32	35
5	6	1	0	34
5	7	255	0	0
5	8	255	0	0
5	9	255	0	0
5	10	255	0	0
6	0	0	0	2
6	1	0	16	28
6	2	0	20	34
6	3	0	24	24
6	4	0	28	24
6	5	0	32	35
6	6	1	0	34
6	7	255	0	0
6	8	1	4	28
6	9	255	0	0
6	10	255	0	0
7	0	0	0	2
7	1	0	16	28
7	2	0	20	34
7	3	0	24	24
7	4	0	28	24
7	5	0	32	35
7	6	1	0	10
7	7	255	0	0
7	8	255	0	0
7	9	255	0	0
7	10	255	0	0
8	0	0	0	2
8	1	0	16	28
8	2	0	20	34
8	3	0	24	24
8	4	0	28	24
8	5	0	32	35
8	6	1	0	10
8	7	255	0	0
8	8	1	8	28
8	9	255	0	0
8	10	255	0	0
9	0	0	0	2
9	1	0	16	28
9	2	0	20	34
9	3	0	24	24
9	4	0	28	24
9	5	0	32	35
9	6	1	0	10
9	7	255	0	0
9	8	1	8	28
9	9	1	12	28
9	10	255	0	0
10	0	0	0	2
10	1	0	16	28
10	2	0	20	34
10	3	0	24	24
10	4	0	28	24
10	5	0	32	35
10	6	1	0	10
10	7	1	8	34
10	8	255	0	0
10	9	255	0	0
10	10	255	0	0
11	0	0	0	2
11	1	0	16	28
11	2	0	20	34
11	3	0	24	24
11	4	0	28	24
11	5	0	32	35
11	6	1	0	10
11	7	1	8	34
11	8	1	12	28
11	9	255	0	0
11	10	255	0	0
12	0	0	0	2
12	1	0	16	28
12	2	0	20	34
12	3	0	24	24
12	4	0	28	24
12	5	0	32	35
12	6	1	0	10
12	7	1	8	34
12	8	1	12	28
12	9	1	16	28
12	10	255	0	0
13	0	0	0	2
13	1	0	16	28
13	2	0	20	34
13	3	0	24	24
13	4	0	28	24
13	5	0	32	35
13	6	1	0	10
13	7	1	8	10
13	8	255	0	0
13	9	255	0	0
13	10	255	0	0
14	0	0	0	2
14	1	0	16	28
14	2	0	20	34
14	3	0	24	24
14	4	0	28	24
14	5	0	32	35
14	6	1	0	10
14	7	1	8	10
14	8	1	16	28
14	9	255	0	0
14	10	255	0	0
15	0	0	0	2
15	1	0	16	28
15	2	0	20	34
15	3	0	24	24
15	4	0	28	24
15	5	0	32	35
15	6	1	0	10
15	7	1	8	10
15	8	1	16	28
15	9	1	20	28
15	10	255	0	0
16	0	0	0	2
16	1	255	0	0
16	2	0	12	16
16	3	255	0	0
16	4	255	0	0
16	5	255	0	0
16	6	255	0	0
16	7	255	0	0
16	8	255	0	0
16	9	255	0	0
16	10	255	0	0
17	0	0	0	13
17	1	255	0	0
17	2	255	0	0
17	3	255	0	0
17	4	255	0	0
17	5	255	0	0
17	6	255	0	0
17	7	255	0	0
17	8	255	0	0
17	9	255	0	0
17	10	255	0	0
18	0	0	0	6
18	1	0	12	28
18	2	255	0	0
18	3	255	0	0
18	4	255	0	0
18	5	255	0	0
18	6	255	0	0
18	7	255	0	0
18	8	255	0	0
18	9	255	0	0
18	10	255	0	0
19	0	0	0	6
19	1	255	0	0
19	2	0	12	34
19	3	255	0	0
19	4	255	0	0
19	5	255	0	0
19	6	255	0	0
19	7	255	0	0
19	8	255	0	0
19	9	255	0	0
19	10	255	0	0
