name	address	ghidra_name	body_size	instructions	decompile_completed
R_SetModelLightingConsts_internal	00A7B270	R_SetModelLightingConsts	342	109	true
R_SetStaticModelLightingConsts_internal	00A7B3D0	R_SetStaticModelLightingConsts	365	103	true
R_SetLightGridColorsFromIndex	00A6FAE0	R_SetLightGridColorsFromIndex	595	146	true
R_GetLightingAtPoint	00A714B0	R_GetLightingAtPoint	673	221	true
R_SetStaticModelLightingForSource	00A7B6C0	R_SetStaticModelLightingForSource	96	29	true
R_SetupDynamicModelLighting	00A7B7B0	R_SetupDynamicModelLighting	216	58	true
R_ResetModelLighting	00A7BA50	R_ResetModelLighting	489	146	true
R_SetModelLightingForSource	00A7BC70	R_SetModelLightingForSource	83	24	true
R_SetReflectionProbe	00A8D770	R_SetReflectionProbe	349	109	true
R_SetCodeConstant	00A24EC0	R_SetCodeConstant	171	50	true
R_SetCodeConstantFromVec4	00A3F600	R_SetCodeConstantFromVec4	157	51	true
R_SetVertexDeclTypeWorldSurface	00A9F200	R_SetVertexDeclTypeWorldSurface	56	17	true
R_SetVertexDeclTypeModel	00A9F270	R_SetVertexDeclTypeModel	27	9	true
R_UpdateVertexDecl	00AA39E0	R_UpdateVertexDecl	340	114	true
R_SetVertexData	00AA3C40	R_SetVertexData	373	125	true
