asset_type	handler_address	function_name	constant_return_size
0	0x005356B0	CCallback<LiveSteamServer,GSClientKick_t,1>::GetCallbackSizeBytes	12
1	0x00535610	DB_SizeofXAsset<PhysPreset>	84
2	0x00535620	DB_SizeofXAsset<PhysConstraints>	2696
3	0x009CD5C0	CCallback<CSteamAchievements,UserStatsReceived_t,0>::GetCallbackSizeBytes	24
4	0x009CE910	DB_SizeofXAsset<XAnimParts>	104
5	0x00535630	DB_SizeofXAsset<XModel>	248
6	0x009CFB30	DB_SizeofXAsset<Material>	112
7	0x00535640	CCallback<CSteamAchievements,UserAchievementStored_t,0>::GetCallbackSizeBytes	152
8	0x00535650	DB_SizeofXAsset<GfxImage>	80
9	0x00535660	DB_SizeofXAsset<SndBank>	4756
10	0x005356B0	CCallback<LiveSteamServer,GSClientKick_t,1>::GetCallbackSizeBytes	12
11	0x00535670	DB_SizeofXAsset<clipMap_t>	332
12	0x00535670	DB_SizeofXAsset<clipMap_t>	332
13	0x008E2DB0	CCallback<CSteamAchievements,UserStatsStored_t,0>::GetCallbackSizeBytes	16
14	0x00535680	DB_SizeofXAsset<GameWorldSp>	44
15	0x00535680	DB_SizeofXAsset<GameWorldSp>	44
16	0x005356A0	DB_SizeofXAsset<MapEnts>	36
17	0x00535690	DB_SizeofXAsset<GfxWorld>	1028
18	0x008E2DB0	CCallback<CSteamAchievements,UserStatsStored_t,0>::GetCallbackSizeBytes	16
19	0x00000000		
20	0x005356A0	DB_SizeofXAsset<MapEnts>	36
21	0x00535730	DB_SizeofXAsset<FontIcon>	20
22	0x005356B0	CCallback<LiveSteamServer,GSClientKick_t,1>::GetCallbackSizeBytes	12
23	0x005356C0	DB_SizeofXAsset<menuDef_t>	400
24	0x00535720	CCallback<LiveSteamServer,GSClientApprove_t,1>::GetCallbackSizeBytes	8
25	0x005356D0	DB_SizeofXAsset<WeaponVariantDef>	716
26	0x00000000		
27	0x00000000		
28	0x00000000		
29	0x009BF0D0	DB_SizeofXAsset<WeaponAttachment>	284
30	0x005356E0	DB_SizeofXAsset<WeaponAttachmentUnique>	424
31	0x005356F0	DB_SizeofXAsset<WeaponCamo>	28
32	0x00535700	DB_SizeofXAsset<SndDriverGlobals>	68
33	0x00535710	DB_SizeofXAsset<FxEffectDef>	76
34	0x00535720	CCallback<LiveSteamServer,GSClientApprove_t,1>::GetCallbackSizeBytes	8
35	0x00000000		
36	0x00000000		
37	0x00000000		
38	0x00000000		
39	0x00000000		
40	0x00000000		
41	0x005356B0	CCallback<LiveSteamServer,GSClientKick_t,1>::GetCallbackSizeBytes	12
42	0x00535730	DB_SizeofXAsset<FontIcon>	20
43	0x005356A0	DB_SizeofXAsset<MapEnts>	36
44	0x00535740	DB_SizeofXAsset<XGlobals>	564
45	0x00535720	CCallback<LiveSteamServer,GSClientApprove_t,1>::GetCallbackSizeBytes	8
46	0x00535750	DB_SizeofXAsset<Glasses>	56
47	0x00535760	DB_SizeofXAsset<EmblemSet>	60
48	0x005356B0	CCallback<LiveSteamServer,GSClientKick_t,1>::GetCallbackSizeBytes	12
49	0x005356B0	CCallback<LiveSteamServer,GSClientKick_t,1>::GetCallbackSizeBytes	12
50	0x00535770	DB_SizeofXAsset<VehicleDef>	2604
51	0x00535730	DB_SizeofXAsset<FontIcon>	20
52	0x00535780	DB_SizeofXAsset<AddonMapEnts>	52
53	0x00535790	DB_SizeofXAsset<TracerDef>	128
54	0x00535720	CCallback<LiveSteamServer,GSClientApprove_t,1>::GetCallbackSizeBytes	8
55	0x005356B0	CCallback<LiveSteamServer,GSClientKick_t,1>::GetCallbackSizeBytes	12
56	0x005356B0	CCallback<LiveSteamServer,GSClientKick_t,1>::GetCallbackSizeBytes	12
57	0x005357A0	DB_SizeofXAsset<FootstepTableDef>	900
58	0x005357B0	DB_SizeofXAsset<FootstepFXTableDef>	132
59	0x005357C0	DB_SizeofXAsset<ZBarrierDef>	560
