function_id	requested_va	tier	ghidra_name	instruction_count	call_reference_count	body_address_count	instruction_bytes_sha256
urn:ure:t6:occ:function:current-client:00403330	0x00403330	thunk	thunk_FUN_00535f70	1	0	5	7487732cf841af70812abe076c7f797fadecd023c8609247575db72a56eb4830
urn:ure:t6:occ:function:current-client:00404ad0	0x00404ad0	thunk	thunk_FUN_00a7aa26	1	0	5	809d3f277ecfe87346216af4af4097e1d6d1c9da5d427c684034f1cad3fc8479
urn:ure:t6:occ:function:current-client:0040a070	0x0040a070	thunk	thunk_FUN_006876f0	1	0	5	519848412f9fab24b5ecfc5dea47c2988815be330b105f345597bf3a581cab6d
urn:ure:t6:occ:function:current-client:0040ed20	0x0040ed20	thunk	thunk_FUN_005d2720	1	0	5	0d085330947d353127289185fa13aa03f81837109790d6e2783ec79108b26bae
urn:ure:t6:occ:function:current-client:0041d6c0	0x0041d6c0	thunk	thunk_FUN_005cf9e0	1	0	5	ef52a591b3861aa0f75e321b4f5b2e5cdac6fd58918adca3c7b0145cb1420ef7
urn:ure:t6:occ:function:current-client:0041e450	0x0041e450	thunk	thunk_FUN_004ae0c0	1	0	5	25abe1005a3676c5fe592a0e8350c0ecaa23096349242d99f03b1369716ed990
urn:ure:t6:occ:function:current-client:00427090	0x00427090	thunk	thunk_FUN_008efab0	1	0	5	eda6ac59832d3d3507f936501357b16e7e8e65127ca318adbe62b22800065260
urn:ure:t6:occ:function:current-client:00429030	0x00429030	thunk	thunk_FUN_00578310	1	0	5	d34649b9f78a360c930f98dd0e47b97375149ea6f3dd06c73fb839ab235e1e47
urn:ure:t6:occ:function:current-client:00432470	0x00432470	thunk	thunk_FUN_0091b1d0	1	0	5	00784ad417f18224bb025e99e0b37a9906c602b86946a6992ca03a27fff18458
urn:ure:t6:occ:function:current-client:00439000	0x00439000	thunk	thunk_FUN_006a48f0	1	0	5	e89e3d3abcf8d94ba37958083ef866b0dec2fae2d6a5b8d925a3a3401e582dfe
urn:ure:t6:occ:function:current-client:0043ed40	0x0043ed40	thunk	thunk_FUN_00426a00	1	0	5	8d285e766d144eadb6d6b6e5a5c6f51720654db94a47c631999c5825bb7e483e
urn:ure:t6:occ:function:current-client:0044e980	0x0044e980	thunk	thunk_FUN_0055fd30	1	0	5	f20298393704331e6ec7e6909ccb5e46f22d465fe2c271aafc671c4d55d5ee19
urn:ure:t6:occ:function:current-client:00454400	0x00454400	thunk	thunk_FUN_005c2940	1	0	5	26bd785f837ce90b6f57e8860c007d681d2bd926cde9d910a8a0546878479f2c
urn:ure:t6:occ:function:current-client:004548a0	0x004548a0	thunk	thunk_FUN_0064e010	1	0	5	59f9e2b666f7e30789df22f2ec861314162c9f4ccf1414d402e3111f8a81e0c4
urn:ure:t6:occ:function:current-client:00456920	0x00456920	thunk	thunk_FUN_00440010	1	0	5	dad261bfa39672a2ca23e58b43de6a51649e0367600f00dc95239316e4da5a25
urn:ure:t6:occ:function:current-client:00457590	0x00457590	thunk	thunk_FUN_0041caf0	1	0	5	dd2044258bcd654eb6ab591b2357ef931c56afd6db1500f96b80ded5c89abc35
urn:ure:t6:occ:function:current-client:004575a0	0x004575a0	thunk	_fclose	1	0	5	02f87e034d89ebb364dba24e96dfe69d43cf8c7eede4b4d6328ec967d2bbe851
urn:ure:t6:occ:function:current-client:00458010	0x00458010	thunk	thunk_FUN_00699710	1	0	5	84f7d981c68fa45c59ecb07bb7c09967e29517593aa681a79828002475df0526
urn:ure:t6:occ:function:current-client:004593c0	0x004593c0	thunk	thunk_FUN_007b6f20	1	0	5	bad23920c117b056396ed2995d7ec3394601cdac12a68ee80a42d5f9d6672376
urn:ure:t6:occ:function:current-client:0045ba40	0x0045ba40	thunk	thunk_FUN_006fdfe0	1	0	5	471716a3cc7129badd9f798e5a5464b04ada71b9f1c23a58a1c7defb74bf4e9e
urn:ure:t6:occ:function:current-client:00460320	0x00460320	thunk	thunk_FUN_005eb560	1	0	5	37f44bba5ed259c9a805b43a6b10e168c0ce76fcf37c7aef3c87ad4840af4fb8
urn:ure:t6:occ:function:current-client:0046a380	0x0046a380	thunk	thunk_FUN_0058dc10	1	0	5	2629aae9904c1bf3cddacf25f43a2fe3b607df1ccc68a413ea9adee6b8fabe91
urn:ure:t6:occ:function:current-client:00474640	0x00474640	thunk	thunk_FUN_00872cb0	1	0	5	0c0d0910b475861e22bc32954da9b987775ea12abf1d3528d22d305fd7e054e1
urn:ure:t6:occ:function:current-client:00482900	0x00482900	thunk	thunk_FUN_0047e1a0	1	0	5	b3a94e4780699bf5870ace3108a6d1b68fa1c5e5ff8bbbe1f09f0ee9e6f16e06
urn:ure:t6:occ:function:current-client:00482cf0	0x00482cf0	thunk	thunk_FUN_00543f40	1	0	5	e035087936e6489dfe95f97b4149b2c2030544cc6af6fda4e05b2947942f41c0
urn:ure:t6:occ:function:current-client:00494cc0	0x00494cc0	thunk	thunk_FUN_00440cb0	1	0	5	275d2d657e759618d292bb792d6a631c2d3c099b3c2716dca600e70557379457
urn:ure:t6:occ:function:current-client:0049f520	0x0049f520	thunk	FID_conflict:_memcpy	1	0	5	9fb9dee59821baead8ee7ccd8fe5555298d98fe13deaa974dd0b7ef776800fe2
urn:ure:t6:occ:function:current-client:004a3b30	0x004a3b30	thunk	thunk_FUN_0063fa40	1	0	5	69751ff8da581ff6ace2b5c90ef02660b3d802e8bdd9ce6355ce7bd50a5df16d
urn:ure:t6:occ:function:current-client:004a9350	0x004a9350	thunk	thunk_FUN_00491870	1	0	5	cd0469004cbe795f3a3dc0dfc4b14c1e62b4af870b51158128f705dbae426aa1
urn:ure:t6:occ:function:current-client:004af880	0x004af880	thunk	thunk_FUN_006246b0	1	0	5	064b5deb024fe90bbbbddec558d9d55a86779e9a5948e4603396ee478cd4db88
urn:ure:t6:occ:function:current-client:004be8a0	0x004be8a0	thunk	thunk_FUN_00a73025	1	0	5	0b7f87d5bb5367a2ad34ec050cdca84bafbee63eb645294e4dfc3257d41ca3e1
urn:ure:t6:occ:function:current-client:004c0820	0x004c0820	thunk	thunk_FUN_005fb3b0	1	0	5	2d15eaae3575849e4a25e4c34f06aaec2c472521be0295a16fcd23ce252233bb
urn:ure:t6:occ:function:current-client:004c8690	0x004c8690	thunk	thunk_FUN_00914750	1	0	5	48b790993d6053fff4c53236ec24111aa948f7f2e73d736ae41fa3e5fa32dfd8
urn:ure:t6:occ:function:current-client:004caad0	0x004caad0	thunk	thunk_FUN_0052e1a0	1	0	5	d2698fdafaa0ec60935b2b88632137bfbf9794413854e36ffc5b423f43ead3a7
urn:ure:t6:occ:function:current-client:004d8720	0x004d8720	thunk	thunk_FUN_0056a800	1	0	5	a1edaa9045a6dd7ff07eb4cef93c2c64f6dcd741f1a9ab41d0763d0479d23c6a
urn:ure:t6:occ:function:current-client:004db800	0x004db800	thunk	thunk_FUN_004c13e0	1	0	5	88ce1fc04e3384bbc27b85534a39e5633801d1fc37c089bbe0e5cb1ac8256012
urn:ure:t6:occ:function:current-client:004df9b0	0x004df9b0	thunk	thunk_FUN_005e2110	1	0	5	121cac2970acf7e9dae9ee12188ca617a91407fcd87938f1d7404ab4bf9e8c0c
urn:ure:t6:occ:function:current-client:004e0370	0x004e0370	thunk	thunk_FUN_006d2270	1	0	5	1b28a99a12beb7564f6c4b8ed6a4caffca41da36332eaddc85c54955cd6c18a1
urn:ure:t6:occ:function:current-client:004e0380	0x004e0380	thunk	thunk_FUN_005a5a60	1	0	5	f62c6ac52fd6edac2425e5da922daf7bdb987ed92374c5d563970c43fe5839ac
urn:ure:t6:occ:function:current-client:004e3020	0x004e3020	thunk	thunk_FUN_00a75038	1	0	5	62d29cfcf943720d34b8a00c27ded89a05e5fd5c247d11735a3c3533886955b1
urn:ure:t6:occ:function:current-client:004eea20	0x004eea20	thunk	thunk_FUN_005db500	1	0	5	9da4a2082e6ed3242e070a0e403b77cd5b8da570650fd103cd02d2ae4097c177
urn:ure:t6:occ:function:current-client:004ef960	0x004ef960	thunk	thunk_FUN_00812d30	1	0	5	29b9f4b373e1bdcbe91752673f600ecc9fb6c36b40a30ddf7a2efca46762fd34
urn:ure:t6:occ:function:current-client:004f9140	0x004f9140	thunk	thunk_FUN_006206c0	1	0	5	5b66e38f70a07a6db76a92dc9143e41bd9c99634d4dfe001652df109b14b8a13
urn:ure:t6:occ:function:current-client:004ff570	0x004ff570	thunk	thunk_FUN_00733f50	1	0	5	9d254bb1a34066211409b18aa327f6881fc065c03a5cfc6c07680b00417064b2
urn:ure:t6:occ:function:current-client:00505860	0x00505860	thunk	thunk_FUN_006dc640	1	0	5	8b5f97fce19a30600d3a856c2734b57445a0439e1cec5eb911bd3726008b8e4b
urn:ure:t6:occ:function:current-client:00513e30	0x00513e30	thunk	thunk_FUN_0057fbf0	1	0	5	d67874175af47b3a3b0b539723f6b4e8c54d45cebdf99674bee9c3b57a4b3aa5
urn:ure:t6:occ:function:current-client:00519ed0	0x00519ed0	thunk	thunk_FUN_006de220	1	0	5	83ae0e612f261956894f06103e8d63ffaaaedd58af750ad9a9043c39e3e37338
urn:ure:t6:occ:function:current-client:005216e0	0x005216e0	thunk	thunk_FUN_009a17c0	1	0	5	4770a3c5cc20bce77e9b869234ed375ae73c53fba4cea8738315a38e48173cf1
urn:ure:t6:occ:function:current-client:00524cb0	0x00524cb0	thunk	thunk_FUN_005eb580	1	0	5	5ead93e304463134b313c5a223f610d42dc6c776784cbc0f3f80d3338968bfe8
urn:ure:t6:occ:function:current-client:005265d0	0x005265d0	thunk	thunk_FUN_00527150	1	0	5	37815715b0bd27b48149e3298b8c9aee97259125fb63b91674947d6f3d652d38
urn:ure:t6:occ:function:current-client:005267e0	0x005267e0	thunk	thunk_FUN_00623ba0	1	0	5	586689dfb34ba9832004abc788dd0e4c7848e8e9f469d7700683ffcb58183af6
urn:ure:t6:occ:function:current-client:00526c90	0x00526c90	thunk	thunk_FUN_0058a9d0	1	0	5	7c726f49fe7a8190abb3ac37673402203a3d4f49cad2cd5965964d24502af929
urn:ure:t6:occ:function:current-client:0052ed10	0x0052ed10	thunk	thunk_FUN_0052ede0	1	0	5	d228fa3863e1d89c8e1143c99efea41151ab00372e66725f9b659c02c5cd2014
urn:ure:t6:occ:function:current-client:00532100	0x00532100	thunk	thunk_FUN_0047d250	1	0	5	7463bac3b5ba6d8aed1d6747c5bff71a2774de853fddc29ee0ddea4691ed0060
urn:ure:t6:occ:function:current-client:00534b20	0x00534b20	thunk	thunk_FUN_00503900	1	0	5	189bb8e4f9950b1071a837954dff3e1e8a4d8d3df4adb2524b684998930d29d6
urn:ure:t6:occ:function:current-client:00538130	0x00538130	thunk	_free	1	0	5	0d4896d45e859ff4bd73865c8be595441d52b413db6340d1a62d073c176a06f8
urn:ure:t6:occ:function:current-client:00539de0	0x00539de0	thunk	thunk_FUN_006bc8f0	1	0	5	54bbf056b193f54f8ce51bdca12361da4a3045d28439c48dee1dd2934dc28c74
urn:ure:t6:occ:function:current-client:0053d1b0	0x0053d1b0	thunk	thunk_FUN_00436290	1	0	5	1217a0f9fc74e8c9926c218c24caff7f099a62c4c169f42e69204102733ccd79
urn:ure:t6:occ:function:current-client:005503f0	0x005503f0	thunk	thunk_FUN_0061dfa0	1	0	5	0ec681da0845b59923a2f36a80062ae035a4998e08fbde82487b096546de657b
urn:ure:t6:occ:function:current-client:00553490	0x00553490	thunk	thunk_FUN_0089ea10	1	0	5	4048d9eb32ff1b9647e675332ce1bec85278cab27db6dbca4a18b94efddd7b44
urn:ure:t6:occ:function:current-client:00559c80	0x00559c80	thunk	thunk_FUN_004e1e10	1	0	5	6d0bd1897856124c75dc37a75427d3b5aa671d27f15a1ff09f859db5e157b893
urn:ure:t6:occ:function:current-client:00566cf0	0x00566cf0	thunk	thunk_FUN_0079cc90	1	0	5	f8e082aa1fae04bbe633a8144fa52c1dc4f2017a270d7fbc84c3592a3edadf92
urn:ure:t6:occ:function:current-client:0057a960	0x0057a960	thunk	thunk_FUN_004c13e0	1	0	5	d453f4846df6ea2ddff569d094855ae51c867841038f98805e07d19580d261e1
urn:ure:t6:occ:function:current-client:0058df40	0x0058df40	thunk	thunk_FUN_004ddb70	1	0	5	2e799da9d421cb856c65f4f04fb200e79eb2d92bf4a58a5294eed3c7c151630a
urn:ure:t6:occ:function:current-client:0059e440	0x0059e440	thunk	thunk_FUN_00a05610	1	0	5	500114bb7dfaf8aafbc702e4932da21209b4d670c03154bfaa6220ff51be71f4
urn:ure:t6:occ:function:current-client:005ab8e0	0x005ab8e0	thunk	thunk_FUN_00633170	1	0	5	d8a6b0d20be024a15b876a5cbd39db74c92a82a35efa0d6b998a8b74f32a3859
urn:ure:t6:occ:function:current-client:005ae890	0x005ae890	thunk	thunk_FUN_006dc070	1	0	5	87b195dc322c94bfc98b057f30e24e348839631a076e44a85bd0222af24f8d33
urn:ure:t6:occ:function:current-client:005bd270	0x005bd270	thunk	thunk_FUN_008ea320	1	0	5	20d0835d91746d625f412955022a64f44cf92de7b4d72f99da89df0976065699
urn:ure:t6:occ:function:current-client:005c2c20	0x005c2c20	thunk	thunk_FUN_0053d2d0	1	0	5	7200ec8a25c6eb29401561733f40a6d9e934b50869713fc96cd21c4a218a0942
urn:ure:t6:occ:function:current-client:005d9f60	0x005d9f60	thunk	thunk_FUN_004d1750	1	0	5	22c20124db394960d84a1c4c0c122a87324944e89d3068a5419cc1ef4de6c439
urn:ure:t6:occ:function:current-client:005db870	0x005db870	thunk	thunk_FUN_005070c0	1	0	5	37bfeb52800d32f837fe8b96e471f620a358aa7e584f20ba247bf4dc9e10ed61
urn:ure:t6:occ:function:current-client:005dd2c0	0x005dd2c0	thunk	thunk_FUN_0051fbb0	1	0	5	3d50d44b7edabdbbd80211711425fe8f0fd0848753cac7f23eeb170ef27eb0ae
urn:ure:t6:occ:function:current-client:005e1a90	0x005e1a90	thunk	thunk_FUN_006653c0	1	0	5	030af1f1606dd7868c08c61fb8ebdecf20916a80c48050f05e2433659a7c1f21
urn:ure:t6:occ:function:current-client:005e1aa0	0x005e1aa0	thunk	thunk_FUN_0050b8c0	1	0	5	1fdb9b676f7dba204f9568fc979eabbf463be73f3323d69a1370b1ba3e9d340b
urn:ure:t6:occ:function:current-client:005e49f0	0x005e49f0	thunk	_memset	1	0	5	6dd883136c7d11eeeafed8266964a1fe2680e41d12a7e98a5fc76c15265a70c8
urn:ure:t6:occ:function:current-client:005eb170	0x005eb170	thunk	thunk_FUN_004dce80	1	0	5	1c9cebf2fe4780bf7a91ceeaa30045345a4e5778a5b4a2eb8b9c63ebf05b7e8e
urn:ure:t6:occ:function:current-client:005ee370	0x005ee370	thunk	thunk_FUN_00450b40	1	0	5	0619415fbef17b38a89309fb06349e6976be9348ae60a0561f23ba49e864a348
urn:ure:t6:occ:function:current-client:005f2860	0x005f2860	thunk	_free	1	0	5	0f9c7bbd37e91031f6a48fc84056f49baebf876c3d3d5fb55c91bf067c713fc5
urn:ure:t6:occ:function:current-client:005f3d90	0x005f3d90	thunk	thunk_FUN_004d3eb0	1	0	5	2cd8095b1b60aaf5ef7b5f3e6f4f288ad9897ff865c88a5920af86594a0481ae
urn:ure:t6:occ:function:current-client:0060cbe0	0x0060cbe0	thunk	thunk_FUN_0068ba80	1	0	5	99561febbe2d106320f75acc7ba98b7c2659657f7e1254f8285e364fdfce7661
urn:ure:t6:occ:function:current-client:00612b60	0x00612b60	thunk	thunk_FUN_0043e4f0	1	0	5	fae3e057fd94615bfbf1e275a17cf4d945338969a399a3250d8e6c079338b77c
urn:ure:t6:occ:function:current-client:00617910	0x00617910	thunk	thunk_FUN_008e9050	1	0	5	67b6f9432526eda7cf3ef31997adc4a1fee6f7775c61f433c41c36faac32a55d
urn:ure:t6:occ:function:current-client:00617fc0	0x00617fc0	thunk	thunk_FUN_006ea9f0	1	0	5	ca135e6e309e88248ca1313e3ac24a2ce6eb5d9025a0a48cdbf823c5d286285f
urn:ure:t6:occ:function:current-client:0061fc00	0x0061fc00	thunk	thunk_FUN_00608f80	1	0	5	06f2854d45f51023b3f618e251e91d9deb385bd30e04805c1bb5db52b551d9ae
urn:ure:t6:occ:function:current-client:0062ff70	0x0062ff70	thunk	thunk_FUN_004d9980	1	0	5	30661ab41217a65004f50dfe95c6bc302daa98c1642be22f95ef1b07908f032e
urn:ure:t6:occ:function:current-client:00632110	0x00632110	thunk	thunk_FUN_006a98a0	1	0	5	ade9430cdb1251cd9a463c92c405c0560e4e8e25cbe9917706943ea6b756e687
urn:ure:t6:occ:function:current-client:00638d50	0x00638d50	thunk	thunk_FUN_004ca200	1	0	5	dc96453230c86fcedd3c78cc046af78a2071c4e2640fc2073329cd63ec6fc8ee
urn:ure:t6:occ:function:current-client:0065d640	0x0065d640	thunk	thunk_FUN_008e4d90	1	0	5	d89c5bff7f6ce514e49d0a28a25cdd75b462ca92fde35e8acabd6795644c90e4
urn:ure:t6:occ:function:current-client:0065fda0	0x0065fda0	thunk	thunk_FUN_0047e140	1	0	5	05c35965860e2057dd0ac43e64354359a5d7cdce55060a2d37b69a8246a22737
urn:ure:t6:occ:function:current-client:00664150	0x00664150	thunk	thunk_FUN_008f3980	1	0	5	72984430e1d4dcd7461542626f50cbd4c2d21f79f2381368ae65c2551fd43aa8
urn:ure:t6:occ:function:current-client:0066de30	0x0066de30	thunk	_free	1	0	5	e8e8d647649736dfe2baaf77fee9afb7bfacfb5c6e4141af8c5e80cf6b2b7892
urn:ure:t6:occ:function:current-client:0066e780	0x0066e780	thunk	thunk_FUN_00494570	1	0	5	a796207121fdc58977f418bb33de25ad1ffceb4c8ded497bcf4f946011aa9d17
urn:ure:t6:occ:function:current-client:00670460	0x00670460	thunk	thunk_FUN_005b0f00	1	0	5	4d5bd8f728e593bbc293828d6bfc9c290e7bf4dc17b7180082444e9f45d65864
urn:ure:t6:occ:function:current-client:00672c60	0x00672c60	thunk	thunk_FUN_008892c0	1	0	5	ed2f5e6d5f7fb2a975633a5d2a24427b364856dab7f83739e8a425f31a48cad1
urn:ure:t6:occ:function:current-client:00674250	0x00674250	thunk	thunk_FUN_00531e80	1	0	5	ef462bd8b02349a083c4c9c369a50f5607d8e035c7ddd50bfe73ce5bd7e3e534
urn:ure:t6:occ:function:current-client:00680560	0x00680560	thunk	thunk_FUN_005836f0	1	0	5	04dc12f9c5a043b4cedb0f4ed01365f379072e953777a1b4b0223b1ad4b8bbfc
urn:ure:t6:occ:function:current-client:00681a40	0x00681a40	thunk	thunk_FUN_0043e4f0	1	0	5	3ce3bb4f289313c9e9d175885e64146458dde8424110c686ca9bd244f44e0ddd
urn:ure:t6:occ:function:current-client:00681c00	0x00681c00	thunk	thunk_FUN_004874b0	1	0	5	c85a93ef23ad9eadc216d7b0722edd54a0e569c1d333e9a3da17867668e63045
urn:ure:t6:occ:function:current-client:00681c80	0x00681c80	thunk	thunk_FUN_00897f70	1	0	5	1f3125f4c98d3b704d7ebd431254e70f08aa8d4840c4be485717827da0f791cf
urn:ure:t6:occ:function:current-client:00689930	0x00689930	thunk	thunk_FUN_0085b410	1	0	5	8789576a2bd794f8103a609706bd5648de2f02c289d6f532f54c114d1ec47f58
urn:ure:t6:occ:function:current-client:0068cdc0	0x0068cdc0	thunk	thunk_FUN_0094d5f0	1	0	5	82705fe2231c675f8ae4b93edef9fb0cddf5033f0ba0f7c68b32121f5a575b5f
urn:ure:t6:occ:function:current-client:00690010	0x00690010	thunk	thunk_FUN_00909da0	1	0	5	17466ad792331c90033fb1f813ba34a737df265b146e8309d09c37e3a5d99c3c
urn:ure:t6:occ:function:current-client:00692390	0x00692390	thunk	thunk_FUN_0064da90	1	0	5	3fe261c2401133890e4b9f88ff12e7f371b5b2133ce46befd7a96fc1963725a8
urn:ure:t6:occ:function:current-client:00694070	0x00694070	thunk	thunk_FUN_00889a10	1	0	5	b168061bf95154a256f79423dde9fd191dcbfa329847cc3fd9ff171399e55173
urn:ure:t6:occ:function:current-client:00699e70	0x00699e70	thunk	thunk_FUN_0055bad0	1	0	5	984a50fb8b5e3562f6cf53ba87f5625b1d5bc9f2df66784867d5e5342481e564
urn:ure:t6:occ:function:current-client:006ac390	0x006ac390	thunk	thunk_FUN_005f2eb0	1	0	5	09505311995de74def9442128a1199da1d06db0965bec0d09037387ef83ce670
urn:ure:t6:occ:function:current-client:006af520	0x006af520	thunk	thunk_FUN_0053b640	1	0	5	66ac414155b776b33a72650c94b43cb7ac59eb94162879e029452f28ef081e34
urn:ure:t6:occ:function:current-client:006b3540	0x006b3540	thunk	thunk_FUN_00408c50	1	0	5	c9d0e3de1612a587995e5c7a9959804c0982e1d6ef5eac953c9b60f88911634a
urn:ure:t6:occ:function:current-client:006b6e10	0x006b6e10	thunk	thunk_FUN_008b03b0	1	0	5	2cf80135750e11cbba35fe00360a4def44876183dd8a3db956ac9bea8d0a1cb5
urn:ure:t6:occ:function:current-client:006bd9c0	0x006bd9c0	thunk	thunk_FUN_0089bad0	1	0	5	d3dd09f8c97c18242935d624d3465f1c9bd4d2d2f43693ae8bcedb147dbe408e
urn:ure:t6:occ:function:current-client:006cada0	0x006cada0	thunk	thunk_FUN_005f0410	1	0	5	3160e4428b43ae16b25bfbdca681bab5723fa841a4b207c4e04a9447986c892f
urn:ure:t6:occ:function:current-client:006ce370	0x006ce370	thunk	thunk_FUN_0057c590	1	0	5	4fbb531cf9fd4b2791f8db45659feefad051621b68d36346c0d54121da05c298
urn:ure:t6:occ:function:current-client:006d05e0	0x006d05e0	thunk	thunk_FUN_00570e40	1	0	5	044c00044116dd286383e1753decb04f7ad6a63b8c3f73578104ccabb277414b
urn:ure:t6:occ:function:current-client:006d27d0	0x006d27d0	thunk	thunk_FUN_00617920	1	0	5	dc886769fee30b7302cede5e306556b45b12c508fc3dd3e0180bea333e90aeb0
urn:ure:t6:occ:function:current-client:006df510	0x006df510	thunk	thunk_FUN_006e06b0	1	0	5	1f70a9cbf019051f6d86b47250efe6c78a903033b8a8583b54119cf6210b1d54
urn:ure:t6:occ:function:current-client:006e15d0	0x006e15d0	thunk	thunk_FUN_004b96f0	1	0	5	86f54cbbc9d3c1ed90bc5b1bd5955a50f6a72cf29fc3f807978bc56e7305044c
urn:ure:t6:occ:function:current-client:006e3aa0	0x006e3aa0	thunk	thunk_FUN_00613480	1	0	5	47127029b83cd1c9e4c680de4cff57584163487c0152f6925738b3674fb446b4
urn:ure:t6:occ:function:current-client:006e6370	0x006e6370	thunk	thunk_FUN_005bd0d0	1	0	5	d6cb2c5e1c4a52d69b81643d371931f0b74705501011e01e5f5e4a8bfe87e03c
urn:ure:t6:occ:function:current-client:006efa30	0x006efa30	thunk	thunk_FUN_00574de0	1	0	5	f27ccf36dc4b106d2ae34ab3e3afc67a5463e7f5edae96904e6f146c5d6430c3
urn:ure:t6:occ:function:current-client:007099d0	0x007099d0	thunk	thunk_FUN_00483130	1	0	5	63427f7673da644f44229102800bca29d0b62248d0acf1185c9d73b621bceb4c
urn:ure:t6:occ:function:current-client:0070a270	0x0070a270	thunk	thunk_FUN_0070a070	1	0	5	1c7c3addaa3449ba02bd251a384dbc9d0dae4a1d07c75b01728316d42045f7e8
urn:ure:t6:occ:function:current-client:00733f70	0x00733f70	thunk	thunk_FUN_00733f50	1	0	5	1112e6f999beb333c0875ac9d54ad149a6691db37eba764d560e1c928d058b1a
urn:ure:t6:occ:function:current-client:00734cb0	0x00734cb0	thunk	thunk_FUN_00734c90	1	0	5	1112e6f999beb333c0875ac9d54ad149a6691db37eba764d560e1c928d058b1a
urn:ure:t6:occ:function:current-client:00735090	0x00735090	thunk	thunk_FUN_00698a80	1	0	5	b1e843ce4d7b1462410adc8b6be4f00053d05b47680840cae8948255ead542b6
urn:ure:t6:occ:function:current-client:00735440	0x00735440	thunk	thunk_FUN_006545c0	1	0	5	eacd069b0262e0432bb7fcd1a47379bc752000f05250b085e2d07876fb34bea7
urn:ure:t6:occ:function:current-client:00738540	0x00738540	thunk	thunk_FUN_00737a90	1	0	5	3596f991320275cb217f7fb62a50024b42105ba090eca5f0bb188e3cd10d344b
urn:ure:t6:occ:function:current-client:0073e3a0	0x0073e3a0	thunk	thunk_FUN_0073e380	1	0	5	1112e6f999beb333c0875ac9d54ad149a6691db37eba764d560e1c928d058b1a
urn:ure:t6:occ:function:current-client:0074f8a0	0x0074f8a0	thunk	thunk_FUN_0074f890	1	0	5	ae2b9c64587f92098803a093d047e66faaeea202f146e863635f9331d1eddfee
urn:ure:t6:occ:function:current-client:009be410	0x009be410	thunk	thunk_FUN_009be060	1	0	5	e5e07f40beaca22b935c27638629aef167be193852b93b83f43a7f49fb621b4d
urn:ure:t6:occ:function:current-client:00a056b0	0x00a056b0	thunk	thunk_FUN_00a0dce0	1	0	5	17eb7f4314cc078c34a96c7fda37a6027b1791de9361372965d53fa3d978f92b
urn:ure:t6:occ:function:current-client:00a47330	0x00a47330	thunk	thunk_FUN_00a47100	1	0	5	6af49b0d098e603d15a1b3515455b993e5e5405b367c1afe25b5dce88f70ed89
urn:ure:t6:occ:function:current-client:00abfb10	0x00abfb10	thunk	thunk_FUN_00abf950	1	0	5	67e334ddd2eef0ae4c291e9769b7d795272dc13a029086acb2cbf319de0fef7d
urn:ure:t6:occ:function:current-client:00ac0e30	0x00ac0e30	thunk	thunk_FUN_00ad0a30	1	0	5	e2e645f60235502ec8359a08dcffe15d931878a03b57393f57f40f741556abec
urn:ure:t6:occ:function:current-client:00ac0e40	0x00ac0e40	thunk	thunk_FUN_00ad0a10	1	0	5	38c7b8332264abc066eb26eb432e04e1f01f5ca758bf5c49040b79c83b97a476
urn:ure:t6:occ:function:current-client:00ac0e50	0x00ac0e50	thunk	thunk_FUN_00968380	1	0	5	89d3240ed86b9de68126e414f94be787ac42475d3ea6602a920186acc10bf34d
urn:ure:t6:occ:function:current-client:00ac0e60	0x00ac0e60	thunk	thunk_FUN_00ad2dd0	1	0	5	8b7fdf1115e52fe1754bea3fba6cca01220ad601a9454e9d924184fdf27cbc54
urn:ure:t6:occ:function:current-client:00ac0f00	0x00ac0f00	thunk	thunk_FUN_00ad2fd0	1	0	5	a2f13297e01b7e174302cdb4068c0f53bd5ba57b9d5513e5e2125f4952deb521
urn:ure:t6:occ:function:current-client:00ac0f10	0x00ac0f10	thunk	thunk_FUN_00ad09e0	1	0	5	b67ad9cc0e13d8d7069b9ada710ae363664d78831e68dd540d3cc141d175049d
urn:ure:t6:occ:function:current-client:00ac0f20	0x00ac0f20	thunk	thunk_FUN_00ad2da0	1	0	5	ddd79f734fde6164763d3384a7f324e590d3b8396848223a1801cdbe0b3747aa
urn:ure:t6:occ:function:current-client:00ac1490	0x00ac1490	thunk	thunk_FUN_00ad31e0	1	0	5	d75525c99d2ae065b8b3f834114505dd30051207933a6a375dd822b40ead58c2
urn:ure:t6:occ:function:current-client:00ad0a90	0x00ad0a90	thunk	thunk_FUN_00ae7ff0	1	0	5	975766bb6a1173568589698dec47fed432a658773b0eddd61074b0834b600bd0
urn:ure:t6:occ:function:current-client:00ad4b20	0x00ad4b20	thunk	thunk_FUN_00ad4aa0	1	0	5	f2caa9e32b1dce79ce64efba5806a764e131b9d00f8f88603f6b8002f83abcf3
urn:ure:t6:occ:function:current-client:00afbb20	0x00afbb20	thunk	thunk_FUN_00afd850	1	0	5	8bea7ebc80692599d6b9af6be8ce687b85c47a01d6d387692ce0e09e139ce117
urn:ure:t6:occ:function:current-client:00b166b0	0x00b166b0	thunk	thunk_FUN_00b165e0	1	0	5	21dfbb4f0ba8bb9148bfe1b1684c87a6c0f6ad938c6d76c21f1ec6247720707d
urn:ure:t6:occ:function:current-client:00b18e40	0x00b18e40	thunk	thunk_FUN_00afdb50	1	0	5	7e9d0bf315854c42a951de5fac39ac817910aff15bc9f8ccf6e6228738e0c829
urn:ure:t6:occ:function:current-client:00b18e50	0x00b18e50	thunk	thunk_FUN_00afda00	1	0	5	c95675c8604166bf9f013702438d5065cb9f5605898ab45d210576d4eb73675f
urn:ure:t6:occ:function:current-client:005439e0	0x005439e0	thunk	WINMM.DLL::timeGetTime	1	0	6	d64fc6a0a3636dd0c983bc65022708e64f10f39af987cd60a29e3205131ece28
urn:ure:t6:occ:function:current-client:006ca2d0	0x006ca2d0	thunk	STEAM_API.DLL::SteamAPI_RunCallbacks	1	0	6	f61cb960f13f45616de088ac6b70f3fc5de89d27d8a71c7e99e2ac98659cd327
urn:ure:t6:occ:function:current-client:009fdfbe	0x009fdfbe	thunk	WSOCK32.DLL::Ordinal_3	1	0	6	d7a09f73e07f7d9b1f8ac13333666f5454ed1393426020fa6975716bb625e5f5
urn:ure:t6:occ:function:current-client:009fdfd6	0x009fdfd6	thunk	WSOCK32.DLL::Ordinal_151	1	0	6	5731c61a815e00066b9ffe0ad86c6a8949a5123ec4c218b7417fd73f6b4f2b73
urn:ure:t6:occ:function:current-client:009fdfdc	0x009fdfdc	thunk	WSOCK32.DLL::Ordinal_22	1	0	6	1138fff73804e61bd28b73960ae97d4a874ff8fbd411f4cb777ee60d3467dfbb
urn:ure:t6:occ:function:current-client:009fdfe2	0x009fdfe2	thunk	FAULTREP.DLL::ReportFault	1	0	6	194042b66943032974c3b63696b88db6565320022655b815156fda7b69c21e82
urn:ure:t6:occ:function:current-client:009fdfe8	0x009fdfe8	thunk	DXGI.DLL::CreateDXGIFactory1	1	0	6	727b92ef81f69aa623b39ed4446219d0a2d95d8014d7d2bbc789b464f86c04da
urn:ure:t6:occ:function:current-client:009fdfee	0x009fdfee	thunk	DSOUND.DLL::Ordinal_11	1	0	6	7353bfe5c85b7b990df2e209bed88fa44192e14a10eb62a915d0e5bf1632dd25
urn:ure:t6:occ:function:current-client:009fdff4	0x009fdff4	thunk	DSOUND.DLL::Ordinal_6	1	0	6	8aaa501b490603195d00eccc762901ce1a4eaccdee2f7ae3ef19fe969693b15f
urn:ure:t6:occ:function:current-client:00a2ca6c	0x00a2ca6c	thunk	KERNEL32.DLL::GetFileInformationByHandleEx	1	0	6	2daa153487cc85fa497991b5690c6bf4e726a9290e6ebd2c15e77af5d2da5870
urn:ure:t6:occ:function:current-client:00a2ca72	0x00a2ca72	thunk	KERNEL32.DLL::OpenFileById	1	0	6	f287db00f1f1c45e1339d8de7c372046d037799b26002f9e3d9433485fe316b9
urn:ure:t6:occ:function:current-client:00a4f540	0x00a4f540	thunk	KERNEL32.DLL::GetTickCount	1	0	6	19c5630e313a6d93fdc21a5916dc75bd29ff25d09e82a4a70b3e5ed340e4689c
urn:ure:t6:occ:function:current-client:00a95350	0x00a95350	thunk	KERNEL32.DLL::GetCurrentProcessId	1	0	6	eecba5b05a73cd7565a860d731ab6753eb0ba011536aa6e344caef8e3e5bf745
urn:ure:t6:occ:function:current-client:00a9b5c0	0x00a9b5c0	thunk	XINPUT1_3.DLL::Ordinal_3	1	0	6	3c9b34562d403e8d409a16863afc22d56f66e91ed25984186202328006090dce
urn:ure:t6:occ:function:current-client:00a9b5c6	0x00a9b5c6	thunk	XINPUT1_3.DLL::Ordinal_4	1	0	6	2ad73c50c58507388be333f2d305b15fe39c55a3c76a6f04aed01cce8fd4a0db
urn:ure:t6:occ:function:current-client:00a9b5cc	0x00a9b5cc	thunk	XINPUT1_3.DLL::Ordinal_2	1	0	6	0644fc5b04082e5790a0f63752a6e08a21748c7b2c10889d517b55c2f82991f3
urn:ure:t6:occ:function:current-client:00a9b5d2	0x00a9b5d2	thunk	WTSAPI32.DLL::WTSUnRegisterSessionNotification	1	0	6	e2ee8dc7d18f4b606b6a47283e9716f20e25ae892b693d63d16fe3b8c8a69ab8
urn:ure:t6:occ:function:current-client:00a9b5d8	0x00a9b5d8	thunk	WTSAPI32.DLL::WTSRegisterSessionNotification	1	0	6	0705dd4eae7de6782c60d6e20def9cd81b3044fd8cb1017c91d7cf32f527aa60
urn:ure:t6:occ:function:current-client:00a9b5de	0x00a9b5de	thunk	PSAPI.DLL::GetProcessMemoryInfo	1	0	6	6e65e246c32c8536fac061e38591b132554a45bfdc7701dfe4dc570a07a1e18c
urn:ure:t6:occ:function:current-client:00abda50	0x00abda50	thunk	WSOCK32.DLL::Ordinal_116	1	0	6	173c27f9636b13cb07175798f5e904f585b29702cba4c20a56a9f7a20a9a1385
urn:ure:t6:occ:function:current-client:00ad7f3e	0x00ad7f3e	thunk	KERNEL32.DLL::RtlUnwind	1	0	6	f0dd3d46f7d9f26341433cb0b6251ab9b2bc7500fdf9a3e1e5e218e1d4c0778e
urn:ure:t6:occ:function:current-client:0096e1e0	0x0096e1e0	thunk	thunk_FUN_00909da0	1	1	5	1d47f83fd4ea0a20dd2b473e80e174350dabe1686ea8c89b4ea5c49548e337a7
urn:ure:t6:occ:function:current-client:006dc730	0x006dc730	thunk	thunk_FUN_006129f0	2	1	11	cf765c6f6231dbad89c8b2452399fadc049a5fd36473d43daf34fc005c9b450a
