id	address	size	name	subsystem	expected_sha256
urn:ure:smg:re_FunctionVariant:rmge01-usasm:80011da0	0x80011DA0	12	func_80011DA0		c12a06af9fec29231993278693b3b544c143ae2dfafbfde7fe93ddc34e0fd3ef
urn:ure:smg:re_FunctionVariant:rmge01-usasm:80011dac	0x80011DAC	12	func_80011DAC		e20f8aaf5b4e5714f8cbe68594bb0a6132312c113abbb667b5303262f69e0e36
urn:ure:smg:re_FunctionVariant:rmge01-usasm:80011db8	0x80011DB8	12	func_80011DB8		5187c7be0f159b087012dd513485dec8054326247aac2fe3be5831f351105e3c
urn:ure:smg:re_FunctionVariant:rmge01-usasm:80011dc4	0x80011DC4	12	func_80011DC4		bc42f7c687f2721c8b07b04246ca8b0654466779d0737a257ed218e278040454
urn:ure:smg:re_FunctionVariant:rmge01-usasm:80011dd0	0x80011DD0	12	func_80011DD0		347fdd0921cf37b75afb66a582555446a8d20186df60bc34dcbf7d9fcccf879a
urn:ure:smg:re_FunctionVariant:rmge01-usasm:80011ddc	0x80011DDC	12	func_80011DDC		d8209fa5a18be6a90ffeb0c1e5c0744e426d2a4ff0dd29ec823077bf8c500e8f
urn:ure:smg:re_FunctionVariant:rmge01-usasm:80011de8	0x80011DE8	12	func_80011DE8		d181cebf14c2feb661b3ff477e23bf33481ca5f3f9ac86636a42c1eb6607a76c
urn:ure:smg:re_FunctionVariant:rmge01-usasm:80011df4	0x80011DF4	12	func_80011DF4		1f1994260bdd87c3a22ef25d473b75863405101d9ec5194ade904ab2acd3835f
urn:ure:smg:re_FunctionVariant:rmge01-usasm:80011e00	0x80011E00	12	func_80011E00		d5480556841ba38ce285ac66c233ee8d3caf6a315dc35f024cbcef59aa0f392b
urn:ure:smg:re_FunctionVariant:rmge01-usasm:80011e0c	0x80011E0C	12	func_80011E0C		2aa3fe0fbc946bb8989b82f5f79193fc7996b630ebf3d2a7426cb9f4daa4f541
urn:ure:smg:re_FunctionVariant:rmge01-usasm:80011e18	0x80011E18	12	func_80011E18		751f124ca6c76f4475e31f1c2f2e93b24da65c07b8e684a8fe501f5eecf664e2
urn:ure:smg:re_FunctionVariant:rmge01-usasm:80011e24	0x80011E24	12	func_80011E24		86c53f93b23bad34af3351107965b7825dfdca8e7c9fb4a7ef0c9e18a4c61945
urn:ure:smg:re_FunctionVariant:rmge01-usasm:80011e44	0x80011E44	12	func_80011E44		0d6a028f68a37adb6b6449d7ca76196abb5415ccbaf5a3fd9d279c87eb2831c3
urn:ure:smg:re_FunctionVariant:rmge01-usasm:80011e50	0x80011E50	12	func_80011E50		56e0bf5c25588e251cfadb5b88d6c999f4c322d44d3e7cf8e8025a2fbeebd3dd
urn:ure:smg:re_FunctionVariant:rmge01-usasm:80011f04	0x80011F04	12	func_80011F04		cf82e2fa8c97b92885473bf9847cbd7065f6a0f4f110108cf692b9d400c5ea1c
urn:ure:smg:re_FunctionVariant:rmge01-usasm:800147bc	0x800147BC	12	func_800147BC		54704a50564785eff2154f2cdc2a440af406a82cc47cb29a124ca226e5ae0d13
urn:ure:smg:re_FunctionVariant:rmge01-usasm:80018d8c:100046	0x80018D8C	12	func_80018D8C	Animation	68ab400f27d6f4aa2e8ddc88f922b8aae542d8fdcdf971a1eae1be3582a11afa
urn:ure:smg:re_FunctionVariant:rmge01-usasm:8001b788:100084	0x8001B788	12	func_8001B788	Animation	d9e4b772c836c154f4987cbfa9e41babba1db1529e3e6b460930707e17db03ba
urn:ure:smg:re_FunctionVariant:rmge01-usasm:8001e240:200036	0x8001E240	12	func_8001E240	AreaObj	9e35df6a8033f7e77459d0320468156a76a571bc6023f7e942113388cfd4b508
urn:ure:smg:re_FunctionVariant:rmge01-usasm:8001e24c:200037	0x8001E24C	12	func_8001E24C	AreaObj	2d9715ce68e512c3fb6a52249d24596ce4ce816a62b1e11b753480dd8131ef34
urn:ure:smg:re_FunctionVariant:rmge01-usasm:80021cd4:200087	0x80021CD4	12	func_80021CD4	AreaObj	0c9e08db7225692850e9ece5dbafb7f3989ccd8a49918ec718cab0786c6450ce
urn:ure:smg:re_FunctionVariant:rmge01-usasm:8002a6fc	0x8002A6FC	12	func_8002A6FC		853c178022764e2a71b77c76bf6d9fba9c83f50b6fd697ac7159c4d30dfcfe65
urn:ure:smg:re_FunctionVariant:rmge01-usasm:8002a708	0x8002A708	12	func_8002A708		edf637a3b9103acf0ccc83e41be81d81256e81a63d7a4808c0df3ae3b30b4249
urn:ure:smg:re_FunctionVariant:rmge01-usasm:8002a714	0x8002A714	12	func_8002A714		3d8d6ec344c11896e8385572c0015c6b4337c6f58b5efc75d2fa89a45bb142d2
urn:ure:smg:re_FunctionVariant:rmge01-usasm:8002a720	0x8002A720	12	func_8002A720		b588ce999453d9bf52ccd677a970fb0b5b664206c09b2d36e5fb876164556b87
urn:ure:smg:re_FunctionVariant:rmge01-usasm:8002a780	0x8002A780	12	func_8002A780		616916327c6bc64f701c39e27c6323e5da8e13653d334f85da2f89e80d5cc087
urn:ure:smg:re_FunctionVariant:rmge01-usasm:8002a78c	0x8002A78C	12	func_8002A78C		d9b249fa8f44a340b877cf4dc5005a11e64648af1e5a8ac748d6adaf93afad65
urn:ure:smg:re_FunctionVariant:rmge01-usasm:8002a798	0x8002A798	12	func_8002A798		6468b08077c9905d49aa3e0d24d323ce272ae6d4e6da6a7f1a2c44447c1da055
urn:ure:smg:re_FunctionVariant:rmge01-usasm:8002a7a4	0x8002A7A4	12	func_8002A7A4		4d39b59e4389114e176d1d00166b89e2e1527fcc9cedc32481a92ce52ac72a17
urn:ure:smg:re_FunctionVariant:rmge01-usasm:8002a7b0	0x8002A7B0	12	func_8002A7B0		4690c6738e7120712cc4adfe654ae8afc36eb0d9d37e753d58a856e60a276f1d
urn:ure:smg:re_FunctionVariant:rmge01-usasm:8002a7bc	0x8002A7BC	12	func_8002A7BC		5863057a018b97377aa97ea242cef881bc4a3bacd4e83a58c60e34daef47d9bf
urn:ure:smg:re_FunctionVariant:rmge01-usasm:80031fbc	0x80031FBC	12	func_80031FBC		ef13a16138302779c8a011c9004b5db08448c0b34cdfdf2c6d0f048de5b6597b
urn:ure:smg:re_FunctionVariant:rmge01-usasm:80031fc8	0x80031FC8	12	func_80031FC8		5dc8484bef400b09161609d596b438ca9603f973088f50a02bd3ed39cad809cd
urn:ure:smg:re_FunctionVariant:rmge01-usasm:80032ba0	0x80032BA0	12	func_80032BA0		b34f12340ec84c7de57023a44bbe69acb5d303002ffb331dd914cd2516953685
urn:ure:smg:re_FunctionVariant:rmge01-usasm:8003d32c	0x8003D32C	12	func_8003D32C		879d7f2fb374a808f23732cf350424077ac3e5f95df1b376ff7dd3e98d7d0306
urn:ure:smg:re_FunctionVariant:rmge01-usasm:80042ce4	0x80042CE4	12	func_80042CE4		6dcea701604625054e47771af12fc73c385d78e6fb6fbc3f67a8089359d91dae
urn:ure:smg:re_FunctionVariant:rmge01-usasm:80047e08	0x80047E08	12	func_80047E08		f310c5da599a2c159fd9cfd0c3d3ecf724ed8bf344a115156f238fbe1511eb50
urn:ure:smg:re_FunctionVariant:rmge01-usasm:80047e14	0x80047E14	12	func_80047E14		0f0289d05bad4aaf006940d4658d2a9dddb4d864fdd3b3ed2e4e958bac027f7f
urn:ure:smg:re_FunctionVariant:rmge01-usasm:8004b13c	0x8004B13C	12	func_8004B13C		d05ce8c2406077f38fa6c01a79c4e0e8a2dc77eda997dbbb673626c0e0e6f08f
urn:ure:smg:re_FunctionVariant:rmge01-usasm:8004b148	0x8004B148	12	func_8004B148		ef13a16138302779c8a011c9004b5db08448c0b34cdfdf2c6d0f048de5b6597b
urn:ure:smg:re_FunctionVariant:rmge01-usasm:8004f9a8	0x8004F9A8	12	func_8004F9A8		6940fb4b3b362a8b6cb255b352fd7bac4120d04637fd789a4c02e0383a967d30
urn:ure:smg:re_FunctionVariant:rmge01-usasm:8005f128	0x8005F128	12	func_8005F128		5487a05b6e2e1163775607b5c3e47f49ddb32e01a0e860b288cd0df28d0feefb
urn:ure:smg:re_FunctionVariant:rmge01-usasm:8005f144	0x8005F144	12	func_8005F144		d0bddcbf7fdd480fd72d0f2ccf21722f6975ab64d940efd49b30e58374239b7e
urn:ure:smg:re_FunctionVariant:rmge01-usasm:8005f158	0x8005F158	12	func_8005F158		92e8e7294cc4b7e667aa93a0a952d4c1d1ce7d28bdc3cfe869ea76d20ca9ea7c
urn:ure:smg:re_FunctionVariant:rmge01-usasm:8005f26c	0x8005F26C	12	func_8005F26C		51251b246fcf8ebfc254a784c3d2920a2e7d21b3467b703f6a359fe0afa7cfc7
urn:ure:smg:re_FunctionVariant:rmge01-usasm:8005f278	0x8005F278	12	func_8005F278		5e180dcd06eb63f5d018d104bdb3aaf5547cc1d078378c0a21d283c144af3ee7
urn:ure:smg:re_FunctionVariant:rmge01-usasm:8005f284	0x8005F284	12	func_8005F284		6f8d169ca0fe4f633c1d9b227c461d83bd508236d6c9af57737ab1d8b39bf72e
urn:ure:smg:re_FunctionVariant:rmge01-usasm:8005f2e0	0x8005F2E0	12	func_8005F2E0		77db1df9746f358879abbc6087b4ee147324975d14ccb89b60b17697b45f669b
urn:ure:smg:re_FunctionVariant:rmge01-usasm:8005f2ec	0x8005F2EC	12	func_8005F2EC		969fa5c326af89fdf90636f0604d462ddbfd77eab99d7f1fd9a7a3af54413431
urn:ure:smg:re_FunctionVariant:rmge01-usasm:8005f2f8	0x8005F2F8	12	func_8005F2F8		70dd276f44c7866513733cbf100a92e87f428107f34f01c30ab78d069cf2119a
urn:ure:smg:re_FunctionVariant:rmge01-usasm:8005f31c	0x8005F31C	12	func_8005F31C		9d2f760b2eee9b8303d2d3db2629264f9b320296208e05a968234173976a05c4
urn:ure:smg:re_FunctionVariant:rmge01-usasm:8005f7fc	0x8005F7FC	12	func_8005F7FC		7bdff6b6460f09a50569480ef2149a131e28a3e2f9dc8d41aa9c5ff8f44bbb6b
urn:ure:smg:re_FunctionVariant:rmge01-usasm:8005f808	0x8005F808	12	func_8005F808		9c757937ffeb25697fb2a2381bce675afd987f549bc700c1489d6cfa9d52a831
urn:ure:smg:re_FunctionVariant:rmge01-usasm:8005f814	0x8005F814	12	func_8005F814		d6deab2e876894063f8e8a84563675ae862d3f4e8fca3268902444818a8b3c1c
urn:ure:smg:re_FunctionVariant:rmge01-usasm:8005f820	0x8005F820	12	func_8005F820		66e1c8211797985575b3a3c088884ffb9bba7ee87f7bf8db56070c8b342bacf8
urn:ure:smg:re_FunctionVariant:rmge01-usasm:8005f82c	0x8005F82C	12	func_8005F82C		95029db846b174d18023d0f4e921b10ef13e50b212a7ec22cf047a6f121dd1ec
urn:ure:smg:re_FunctionVariant:rmge01-usasm:8005f838	0x8005F838	12	func_8005F838		e84714261b1de162bfd004a24abc5a936efb2ae7b36bd2d4d1535e5964865a50
urn:ure:smg:re_FunctionVariant:rmge01-usasm:8005fa2c	0x8005FA2C	12	func_8005FA2C		d5e360d5b72b4a82c1ae6fa03d0ce5c56379d7fbabc773a28a4a92644d4e377e
urn:ure:smg:re_FunctionVariant:rmge01-usasm:8005fa38	0x8005FA38	12	func_8005FA38		d215b89e4055568c937677c3cd1fe7ed3f08ec1d53d2285edb0a34477e8f3f2f
urn:ure:smg:re_FunctionVariant:rmge01-usasm:8005fa44	0x8005FA44	12	func_8005FA44		21601de3afb166262ad1e2592af1833edb3ba9abc9c97ec5f5980a49edca6809
urn:ure:smg:re_FunctionVariant:rmge01-usasm:8005fa50	0x8005FA50	12	func_8005FA50		acdaf40ce4fb493614557d54a90b759ca21840d15d5daa8d7e9fa7360dc29a11
urn:ure:smg:re_FunctionVariant:rmge01-usasm:80060f20	0x80060F20	12	func_80060F20		43799b24a15cd61a3c20f63780178d4ac5ba95808e4892dbcd6ae29f9ee939b0
urn:ure:smg:re_FunctionVariant:rmge01-usasm:80061618	0x80061618	12	func_80061618		0e9843d1e15654b8fefb4c3c6235d9a278f27559c7fb37fb596e8fef744660a5
urn:ure:smg:re_FunctionVariant:rmge01-usasm:8006e8a0	0x8006E8A0	12	func_8006E8A0		42d3060e77b5b9391993c9272c56c05afafaa2417dbb2a0843fab3ea7464ecff
urn:ure:smg:re_FunctionVariant:rmge01-usasm:8006e8ac	0x8006E8AC	12	func_8006E8AC		e68b7eb0df839eea2963ba34dd308c79c1adf1e1b26636755e95087201a2d117
urn:ure:smg:re_FunctionVariant:rmge01-usasm:8006e8b8	0x8006E8B8	12	func_8006E8B8		7fd3c1aea366e02f9721c248d9228de803964c25f58652a8565090102ddc7728
urn:ure:smg:re_FunctionVariant:rmge01-usasm:80078aa8	0x80078AA8	12	func_80078AA8		b418393c8176408efae681265ae71eed804ec36e422d3b134d8f1f910f2c106b
urn:ure:smg:re_FunctionVariant:rmge01-usasm:80079798	0x80079798	12	func_80079798		b418393c8176408efae681265ae71eed804ec36e422d3b134d8f1f910f2c106b
urn:ure:smg:re_FunctionVariant:rmge01-usasm:8007b820	0x8007B820	12	func_8007B820		b507259b5f5de04955e0b05cbdec0255d2090159be3af9653ddf83a3f28ccbe1
urn:ure:smg:re_FunctionVariant:rmge01-usasm:8007e2e0	0x8007E2E0	12	func_8007E2E0		ff9ccbebc28590a440f70c73777cab7ae34d20a2a8426bae4953fab78dbc3d78
urn:ure:smg:re_FunctionVariant:rmge01-usasm:80082e44	0x80082E44	12	func_80082E44		86d9dcf5fb75938882b4fa977d31ad9960ae7ee283b424df864c1beb48025ab4
urn:ure:smg:re_FunctionVariant:rmge01-usasm:80082e50	0x80082E50	12	func_80082E50		e6d38c897dc178440d71658828f1d91ca2ade5cf5a876b761fe4b4db5544d119
urn:ure:smg:re_FunctionVariant:rmge01-usasm:80082e5c	0x80082E5C	12	func_80082E5C		bc93dbd258fb7f08ce8300a1942581e2b91e7b8efeec38fc4df253a0f6454585
urn:ure:smg:re_FunctionVariant:rmge01-usasm:80082e68	0x80082E68	12	func_80082E68		ba8bca6437d3705efa4b00c1a983f3932b92d3b813a0ddf73c8fc77151bf2e49
urn:ure:smg:re_FunctionVariant:rmge01-usasm:80082e74	0x80082E74	12	func_80082E74		5468619a3c09812cb25c7dd12e2687b1555276ee392c56ba5e1f5c9afda449de
urn:ure:smg:re_FunctionVariant:rmge01-usasm:80082e80	0x80082E80	12	func_80082E80		a0a42e087128f23184ad5a016332b50949c5bfca5ffd4fda644228b94eb2ca28
urn:ure:smg:re_FunctionVariant:rmge01-usasm:80082e8c	0x80082E8C	12	func_80082E8C		1ccb3ab8c2bb327a887b2057d374d3ae82c2676f410366b049eeb968c4cbae54
urn:ure:smg:re_FunctionVariant:rmge01-usasm:80082e98	0x80082E98	12	func_80082E98		2ba601489bd3595deeb15146cd87aaa480fae471d550d931cbaf7276747de48d
urn:ure:smg:re_FunctionVariant:rmge01-usasm:80082ea4	0x80082EA4	12	func_80082EA4		81861ef54a51a0b8cea0f9dc85561d59702871fb8b32832f64acde17f4bd7d6f
urn:ure:smg:re_FunctionVariant:rmge01-usasm:80082eb0	0x80082EB0	12	func_80082EB0		b8a8770c7d5d788310c31eadc52f620212aeedaf18dd25f59d1a90bf80901877
urn:ure:smg:re_FunctionVariant:rmge01-usasm:80082ebc	0x80082EBC	12	func_80082EBC		32a7c9a74ee5426640ab8818be99b5b758571e8c3be579733a60d2e4ab89acb4
urn:ure:smg:re_FunctionVariant:rmge01-usasm:80082ec8	0x80082EC8	12	func_80082EC8		7fe290475f7c9359e46d125234eea5b5d2d16244fbf4954f0ff351f7194c491e
urn:ure:smg:re_FunctionVariant:rmge01-usasm:80082ed4	0x80082ED4	12	func_80082ED4		7e0ff6e0162419bc8cf6d4adeaa6789267ca95ce0472a8e4bfaf2b1d0800e9f9
urn:ure:smg:re_FunctionVariant:rmge01-usasm:80082ee0	0x80082EE0	12	func_80082EE0		c15b61a13a5b1bfd84ba4880d1db2924d577ef17b3b6b40f2012176e6050d1df
urn:ure:smg:re_FunctionVariant:rmge01-usasm:80082f30	0x80082F30	12	func_80082F30		c094c35087f2b00f637409f08030286cf7efd027e3c375001a0857c91d3dce48
urn:ure:smg:re_FunctionVariant:rmge01-usasm:80083600	0x80083600	12	func_80083600		f4abf97610ffcf1f4c061bce791f02d16e71fa2d868ba9e3e39563d65e828d9f
urn:ure:smg:re_FunctionVariant:rmge01-usasm:8008360c	0x8008360C	12	func_8008360C		93964a87733ca78037b8fd2f96bb5fdb56df3fb161e11cb850c2e715af16874d
urn:ure:smg:re_FunctionVariant:rmge01-usasm:800854d4	0x800854D4	12	func_800854D4		549a6d581b66553bfd3125babb749766ee313ecf943ca00e81c95927d5f6e38c
urn:ure:smg:re_FunctionVariant:rmge01-usasm:80089410	0x80089410	12	func_80089410		29cf2542c8521490f4910c17c1155cdb0dd52504d55fdd90c8c656e18794a55c
urn:ure:smg:re_FunctionVariant:rmge01-usasm:80091854	0x80091854	12	func_80091854		11cff7444ab8d00f79caac17edf5ea1cce53a120c9b4a44e6439e776f2a115c1
urn:ure:smg:re_FunctionVariant:rmge01-usasm:80091e74	0x80091E74	12	func_80091E74		1d07a0cbd27fe409ee017931a201fc6bef604d6d87e290224325623dc3c60def
urn:ure:smg:re_FunctionVariant:rmge01-usasm:80097374	0x80097374	12	func_80097374		cd08d55b8f4daaeced1826ea2417ada54c834d03f55572bdb0b4a380576d0857
urn:ure:smg:re_FunctionVariant:rmge01-usasm:80099d10	0x80099D10	12	func_80099D10		6fa11ed8b6242bd31b2f8d774e5ef35e0e24ac070059a8f88e5f0e6e4ba0e9d1
urn:ure:smg:re_FunctionVariant:rmge01-usasm:80099eac	0x80099EAC	12	func_80099EAC		3191295217138d8cf3b12edf09c8dfc5ccb5888dfce56174b8e0fe00932be9d0
urn:ure:smg:re_FunctionVariant:rmge01-usasm:8009a0f4	0x8009A0F4	12	func_8009A0F4		7e9967b173acd2e9fc9e85157be39980695e9a092644cdd6bcb4f5d7e28575eb
urn:ure:smg:re_FunctionVariant:rmge01-usasm:800a2648	0x800A2648	12	func_800A2648		1ab8fb82c8864f58fd8a6cff731c6dd04408af9e2235881c2f06b6f89557d4d9
urn:ure:smg:re_FunctionVariant:rmge01-usasm:800a2654	0x800A2654	12	func_800A2654		8855929bb1ea8cc8645ee0caa5196ada4da45d460eb2244896a7c68a86462941
urn:ure:smg:re_FunctionVariant:rmge01-usasm:800a2660	0x800A2660	12	func_800A2660		eb88be532cafc49faa0f5db90a83ee659037d1ae440725dda3d7e6b4757aca80
urn:ure:smg:re_FunctionVariant:rmge01-usasm:800a2674	0x800A2674	12	func_800A2674		4eceab2a63cf5836419eddfe01844d53113a72aaba495d19303645b6a93e30a0
urn:ure:smg:re_FunctionVariant:rmge01-usasm:800a2680	0x800A2680	12	func_800A2680		9cedda2c98f8b8d791fead8d055c35d1d056e152d3ccbb33d6ac607688358a9a
urn:ure:smg:re_FunctionVariant:rmge01-usasm:800a268c	0x800A268C	12	func_800A268C		9ff720be949b578ff992d77e9d1ea45b2b55be82b79f519d3cf7033b7c086a84
urn:ure:smg:re_FunctionVariant:rmge01-usasm:800a2698	0x800A2698	12	func_800A2698		26b42cde5c7c94b2cdd05e920d88fe0108dc48551d31adbe4290deb06e65d362
urn:ure:smg:re_FunctionVariant:rmge01-usasm:800a26a4	0x800A26A4	12	func_800A26A4		e82c251f407c7ca4f16862d25780835aa8bc30beee58e438b9f112466f332fa2
urn:ure:smg:re_FunctionVariant:rmge01-usasm:800a26b0	0x800A26B0	12	func_800A26B0		470658a308383c460d06e8ff6b9772eb89c2b1fde98056d34f5156cad1f46e0a
urn:ure:smg:re_FunctionVariant:rmge01-usasm:800a26bc	0x800A26BC	12	func_800A26BC		6abbf70ee7e08032cae61463fad48d975543c9418469928ae5657fc69a072d7b
urn:ure:smg:re_FunctionVariant:rmge01-usasm:800a26d0	0x800A26D0	12	func_800A26D0		873733b1cd7747808fea76d955de9bd4219fccf606c00daf05891f8476c6e383
urn:ure:smg:re_FunctionVariant:rmge01-usasm:800a26dc	0x800A26DC	12	func_800A26DC		e218790a2d6aa7abffe86f7bc55750c6e2c672e9d35724fc3584d49e1146f447
urn:ure:smg:re_FunctionVariant:rmge01-usasm:800a26e8	0x800A26E8	12	func_800A26E8		5a8d945291a0d5a6d9d5fc5e258459d9d52661268c387494998ec6a2889e62dc
urn:ure:smg:re_FunctionVariant:rmge01-usasm:800a26f4	0x800A26F4	12	func_800A26F4		1b0543dbc5d14c79f176fc8c42ea0ac0a51b52e6c2dbd56691bc989b68603406
urn:ure:smg:re_FunctionVariant:rmge01-usasm:800a2700	0x800A2700	12	func_800A2700		f2d94f30bbf9da65e818b5f23b1c50897ffab0dd372530dcf407b80ddad32a2e
urn:ure:smg:re_FunctionVariant:rmge01-usasm:800a270c	0x800A270C	12	func_800A270C		4d1d37a6c3fefc77582a76348eac5e9f02351f9d24771860e1995a5b217ff754
urn:ure:smg:re_FunctionVariant:rmge01-usasm:800a27e0	0x800A27E0	12	func_800A27E0		470021ccdf917648ddc8996cc86b1fe38c030f379cdb612dd38552dbf26f51af
urn:ure:smg:re_FunctionVariant:rmge01-usasm:800a27ec	0x800A27EC	12	func_800A27EC		18a3c06d068ed597a382d98a8e16a4da769a6c394530d8a2b0937140a79e822f
urn:ure:smg:re_FunctionVariant:rmge01-usasm:800a27f8	0x800A27F8	12	func_800A27F8		1ab8fb82c8864f58fd8a6cff731c6dd04408af9e2235881c2f06b6f89557d4d9
urn:ure:smg:re_FunctionVariant:rmge01-usasm:800a2804	0x800A2804	12	func_800A2804		8855929bb1ea8cc8645ee0caa5196ada4da45d460eb2244896a7c68a86462941
urn:ure:smg:re_FunctionVariant:rmge01-usasm:800a2810	0x800A2810	12	func_800A2810		eb88be532cafc49faa0f5db90a83ee659037d1ae440725dda3d7e6b4757aca80
urn:ure:smg:re_FunctionVariant:rmge01-usasm:800a2824	0x800A2824	12	func_800A2824		4eceab2a63cf5836419eddfe01844d53113a72aaba495d19303645b6a93e30a0
urn:ure:smg:re_FunctionVariant:rmge01-usasm:800a2830	0x800A2830	12	func_800A2830		9cedda2c98f8b8d791fead8d055c35d1d056e152d3ccbb33d6ac607688358a9a
urn:ure:smg:re_FunctionVariant:rmge01-usasm:800a283c	0x800A283C	12	func_800A283C		9ff720be949b578ff992d77e9d1ea45b2b55be82b79f519d3cf7033b7c086a84
urn:ure:smg:re_FunctionVariant:rmge01-usasm:800a2848	0x800A2848	12	func_800A2848		26b42cde5c7c94b2cdd05e920d88fe0108dc48551d31adbe4290deb06e65d362
urn:ure:smg:re_FunctionVariant:rmge01-usasm:800a2854	0x800A2854	12	func_800A2854		45e2d254fd8e59cec9d0e784aee3d0e59dbb9b458c6f6763c9f7a15e86e448e0
urn:ure:smg:re_FunctionVariant:rmge01-usasm:800a2860	0x800A2860	12	func_800A2860		791a2587a21f45e2582bc3c42e8b0940f7b02ffd2c3bfaf0dba81ce256e9fba6
urn:ure:smg:re_FunctionVariant:rmge01-usasm:800a286c	0x800A286C	12	func_800A286C		fadec459aff456855be92ff4f4003beb23fb8377e86c6afa33a20cc09094d6ca
urn:ure:smg:re_FunctionVariant:rmge01-usasm:800a28c8	0x800A28C8	12	func_800A28C8		873733b1cd7747808fea76d955de9bd4219fccf606c00daf05891f8476c6e383
urn:ure:smg:re_FunctionVariant:rmge01-usasm:800a28d4	0x800A28D4	12	func_800A28D4		9f95de99b628a3b3d7fccb864543c67f6ca0c7be08cdbdbafe658328fc9f9ae6
urn:ure:smg:re_FunctionVariant:rmge01-usasm:800a28e0	0x800A28E0	12	func_800A28E0		7d0fbd2d6d9ea6db351fbeee0d6f8db3180e85f15217e929c16fc4d7c73e39c2
urn:ure:smg:re_FunctionVariant:rmge01-usasm:800a28ec	0x800A28EC	12	func_800A28EC		1b0543dbc5d14c79f176fc8c42ea0ac0a51b52e6c2dbd56691bc989b68603406
urn:ure:smg:re_FunctionVariant:rmge01-usasm:800a28f8	0x800A28F8	12	func_800A28F8		f2d94f30bbf9da65e818b5f23b1c50897ffab0dd372530dcf407b80ddad32a2e
urn:ure:smg:re_FunctionVariant:rmge01-usasm:800a2904	0x800A2904	12	func_800A2904		4d1d37a6c3fefc77582a76348eac5e9f02351f9d24771860e1995a5b217ff754
urn:ure:smg:re_FunctionVariant:rmge01-usasm:800a3858	0x800A3858	12	func_800A3858		04b759a4c8204a0aed7f266dd83c2c906549674545794d8d4e6dcb00fb35c9ff
urn:ure:smg:re_FunctionVariant:rmge01-usasm:800a9480	0x800A9480	12	func_800A9480		b8822ba2b5ca9d52b1906add44ca541b9c3b468ccb20b8e283de251e50f87b0f
urn:ure:smg:re_FunctionVariant:rmge01-usasm:800a948c	0x800A948C	12	func_800A948C		1806c90110170d4affbe9006f931bc2cf15620121d0d25ebabee91975491df7a
urn:ure:smg:re_FunctionVariant:rmge01-usasm:800a9498	0x800A9498	12	func_800A9498		780fffc0ee4a98ca22ca16eb34df3096075b68695977f6a17fd1abc05bf9cc77
urn:ure:smg:re_FunctionVariant:rmge01-usasm:800a94a4	0x800A94A4	12	func_800A94A4		60c3191d834f9b991e9cc1fcdba38b7e502f2dd99be9956333f8bb117365cf55
urn:ure:smg:re_FunctionVariant:rmge01-usasm:800a94b0	0x800A94B0	12	func_800A94B0		03f811bc4dc1a19a6fd9eeddb8f46c1161ffb822305641336379f2b681d68944
urn:ure:smg:re_FunctionVariant:rmge01-usasm:800a94bc	0x800A94BC	12	func_800A94BC		a32295a95e8d8fb5840e8940cca72ce63f134902303345fb5f0080f519dbfad9
urn:ure:smg:re_FunctionVariant:rmge01-usasm:800ab03c	0x800AB03C	12	func_800AB03C		1d07a0cbd27fe409ee017931a201fc6bef604d6d87e290224325623dc3c60def
urn:ure:smg:re_FunctionVariant:rmge01-usasm:800ad568	0x800AD568	12	func_800AD568		8172000438b8f9d723792bed9ffdc0709011af17c39f0d8da4122cbac18b535d
urn:ure:smg:re_FunctionVariant:rmge01-usasm:800afb20	0x800AFB20	12	func_800AFB20		c5bfcbe99a3b318417f0875972f9fffe02ac077685ed6bd21fd25f21e36c4ab4
urn:ure:smg:re_FunctionVariant:rmge01-usasm:800b92e8	0x800B92E8	12	func_800B92E8		04b759a4c8204a0aed7f266dd83c2c906549674545794d8d4e6dcb00fb35c9ff
urn:ure:smg:re_FunctionVariant:rmge01-usasm:800b9fa4	0x800B9FA4	12	func_800B9FA4		2bc1f45c0845271dfdf63d81698781d290ca53abd0622d0af5796a977705f80d
urn:ure:smg:re_FunctionVariant:rmge01-usasm:800bb704	0x800BB704	12	func_800BB704		7bee3184ec4d8788854e50238490d0d971236fefbb58fc0db931cac6f76d56fd
urn:ure:smg:re_FunctionVariant:rmge01-usasm:800bced0	0x800BCED0	12	func_800BCED0		3e2fbea9ae3a4b1526908932674d4ccfae9c4bb4cddd658df285c120516903af
urn:ure:smg:re_FunctionVariant:rmge01-usasm:800bd1a4	0x800BD1A4	12	func_800BD1A4		e642312c86d5e4bda837433cece5a4768ec372e7f7887af8c5b27a5fa463387b
urn:ure:smg:re_FunctionVariant:rmge01-usasm:800bfaa8	0x800BFAA8	12	func_800BFAA8		b55e5482c27adbc8038b38cfed981200a200b985d6b665a4688e7dabb8f4c4f7
urn:ure:smg:re_FunctionVariant:rmge01-usasm:800c4628:100322	0x800C4628	12	func_800C4628	Effect	bb2e059a4f26cdbdc9f62f65df82870f2babe5030bf8f0dea3855a457631b7ab
urn:ure:smg:re_FunctionVariant:rmge01-usasm:800c5df0:100373	0x800C5DF0	12	func_800C5DF0	Effect	4cd1f2e14a98c62d594a9d446ee88436ad4a84eef7e470ef0261619a76945e24
urn:ure:smg:re_FunctionVariant:rmge01-usasm:800c6b64:100406	0x800C6B64	12	func_800C6B64	Effect	5306451b35040fbf8c8aa226e456cbd0e43b7caa99b4a382571ceac2e8a3d241
urn:ure:smg:re_FunctionVariant:rmge01-usasm:800c6b78:100408	0x800C6B78	12	func_800C6B78	Effect	d18a1357fd0f61e59178c188ff0d575112a83e47d2f117e1dfae38db3c6adc69
urn:ure:smg:re_FunctionVariant:rmge01-usasm:800c7d1c:100440	0x800C7D1C	12	func_800C7D1C	Effect	549a6d581b66553bfd3125babb749766ee313ecf943ca00e81c95927d5f6e38c
urn:ure:smg:re_FunctionVariant:rmge01-usasm:800c9b58:100475	0x800C9B58	12	func_800C9B58	Effect	1d07a0cbd27fe409ee017931a201fc6bef604d6d87e290224325623dc3c60def
urn:ure:smg:re_FunctionVariant:rmge01-usasm:800d9b2c	0x800D9B2C	12	func_800D9B2C		f276021b040a074dda383f18e30df47be6b75bc43b51c5ca1efb36aceb21fc31
urn:ure:smg:re_FunctionVariant:rmge01-usasm:800fb030	0x800FB030	12	func_800FB030		35c712e369d0645e1c9c93c9ad4d05457be6573fff8df8d62b1cd048970ac8c9
urn:ure:smg:re_FunctionVariant:rmge01-usasm:80118aec	0x80118AEC	12	func_80118AEC		b304f0f472d076bbfb0f84cdb9930b6c702bda2cdce1f6c8ebfce252e8383c44
urn:ure:smg:re_FunctionVariant:rmge01-usasm:8015638c:148	0x8015638C	12	func_8015638C	GameAudio	1d07a0cbd27fe409ee017931a201fc6bef604d6d87e290224325623dc3c60def
urn:ure:smg:re_FunctionVariant:rmge01-usasm:80156398:149	0x80156398	12	func_80156398	GameAudio	1d07a0cbd27fe409ee017931a201fc6bef604d6d87e290224325623dc3c60def
urn:ure:smg:re_FunctionVariant:rmge01-usasm:80159ef0:419	0x80159EF0	12	func_80159EF0	Gravity	e9205049867a78d652414d87cb3993cb7e1363f461b1ec48ce91869d921db4f9
urn:ure:smg:re_FunctionVariant:rmge01-usasm:8015bc20	0x8015BC20	12	func_8015BC20		ee949594dbe1655bf6315dba758d4af3901f1073b0cc325f83d7c8407d6b5740
urn:ure:smg:re_FunctionVariant:rmge01-usasm:80160828	0x80160828	12	func_80160828		12c71a10239e1e33223b19efd7beb05aa67c9f42d5633a37e9b5d106d6765d09
urn:ure:smg:re_FunctionVariant:rmge01-usasm:80160834	0x80160834	12	func_80160834		a758272c2de0309399f9b3b63d9715beea4d957e052dc6b1b88ea2d9816314e9
urn:ure:smg:re_FunctionVariant:rmge01-usasm:80160840	0x80160840	12	func_80160840		127c700c2882d293f38e0ac0782af10e20df3e3fd986155a23e8927d14932883
urn:ure:smg:re_FunctionVariant:rmge01-usasm:8016084c	0x8016084C	12	func_8016084C		5860a77aefa7a73dcf6cbe6d474671eb5385a4c78c8333a4f94f528f21c87d79
urn:ure:smg:re_FunctionVariant:rmge01-usasm:80160858	0x80160858	12	func_80160858		ecb1c188b4588658d225d06d6967f56b6dcb772f2e7ca4c2e812c749bef6f028
urn:ure:smg:re_FunctionVariant:rmge01-usasm:80160864	0x80160864	12	func_80160864		fdf1b79b24b276c7fbd43907a0d5773c44c0d2ed6bad13c8f1390b7c058ab770
urn:ure:smg:re_FunctionVariant:rmge01-usasm:80160870	0x80160870	12	func_80160870		fdf1b79b24b276c7fbd43907a0d5773c44c0d2ed6bad13c8f1390b7c058ab770
urn:ure:smg:re_FunctionVariant:rmge01-usasm:80160b38	0x80160B38	12	func_80160B38		1cd97f96625f2b07d75dd9d32da9d3ab053e471b96f2b1d5a6fd93840ea79c07
urn:ure:smg:re_FunctionVariant:rmge01-usasm:80165868	0x80165868	12	func_80165868		a2b00cc7f6ee72b72b20ae968d547fdf973cc67d2933d5a85c20a72aa9035e32
urn:ure:smg:re_FunctionVariant:rmge01-usasm:80166c94	0x80166C94	12	func_80166C94		549a6d581b66553bfd3125babb749766ee313ecf943ca00e81c95927d5f6e38c
urn:ure:smg:re_FunctionVariant:rmge01-usasm:80166d34	0x80166D34	12	func_80166D34		d98519db077ba776dd0a55c8ec0318cd6f84179d5b33e7912edd3519ec046bd1
urn:ure:smg:re_FunctionVariant:rmge01-usasm:80169574	0x80169574	12	func_80169574		2e1b83ae42429759d7bd555772c8b5135f8414973876425131c7bce4685ab9ca
urn:ure:smg:re_FunctionVariant:rmge01-usasm:80169580	0x80169580	12	func_80169580		dbaa47ee1b6790de9c830efe68c5502ab056b561a9055f56f6ed733238f9e372
urn:ure:smg:re_FunctionVariant:rmge01-usasm:8016958c	0x8016958C	12	func_8016958C		8351e21878e03089214c7de0568b8b9453672ee3134d36d2d93a280fef43a1e8
urn:ure:smg:re_FunctionVariant:rmge01-usasm:80169598	0x80169598	12	func_80169598		adef727e12317c2108ec4b00a17afd2cefc5005fea2fffc7eb85ed61516b0152
urn:ure:smg:re_FunctionVariant:rmge01-usasm:801695a4	0x801695A4	12	func_801695A4		17f910809806b4197ff0af1d5f23ee13ac14b05a66a14ae9d550934ae6725bfc
urn:ure:smg:re_FunctionVariant:rmge01-usasm:801695b0	0x801695B0	12	func_801695B0		1ab8fb82c8864f58fd8a6cff731c6dd04408af9e2235881c2f06b6f89557d4d9
urn:ure:smg:re_FunctionVariant:rmge01-usasm:8016a924	0x8016A924	12	func_8016A924		94068ade73f0584227b01f9672378b95f650716fee3ccc388a0308e5bf87b0bb
urn:ure:smg:re_FunctionVariant:rmge01-usasm:8016abc8	0x8016ABC8	12	func_8016ABC8		e27aef736716c6099ad51780bffe2fd952068a13ffd12990ec2e21978ab35504
urn:ure:smg:re_FunctionVariant:rmge01-usasm:8016c4dc	0x8016C4DC	12	func_8016C4DC		8d4aae65c1fb4fe48e7c56c4604b889a4e01aaf882c0da72f0a3475c91dbf1f8
urn:ure:smg:re_FunctionVariant:rmge01-usasm:8016c4e8	0x8016C4E8	12	func_8016C4E8		38621533b360c50dc16bd30787d6b7effbfc09d76277c33e36c9fb1e87318aed
urn:ure:smg:re_FunctionVariant:rmge01-usasm:8016c54c	0x8016C54C	12	func_8016C54C		6eb1e22d72236fd519586af6a2ef4fc663a09923e6b405e7b3ef180e24e142c2
urn:ure:smg:re_FunctionVariant:rmge01-usasm:8016c558	0x8016C558	12	func_8016C558		55b4e8485f6ce49888b8c0c1a1323b71a1cc73220788a7f9666ca64e85cb5f36
urn:ure:smg:re_FunctionVariant:rmge01-usasm:8016c62c	0x8016C62C	12	func_8016C62C		398fe70096d658a6d8ff79e3b047c4ad0ad528aa4b329c16fbc92d67c4e1901c
urn:ure:smg:re_FunctionVariant:rmge01-usasm:8016c6ec	0x8016C6EC	12	func_8016C6EC		e9f15458b4bb6f19dd7c0fb8e10bb0241a16cc2b0fe911cf6d2dfc1d3f281017
urn:ure:smg:re_FunctionVariant:rmge01-usasm:8016c700	0x8016C700	12	func_8016C700		8a9e80ed8828493c55533ee863ad3ae53fe22647a2fa85587d48aef59dc8fd8c
urn:ure:smg:re_FunctionVariant:rmge01-usasm:8016c70c	0x8016C70C	12	func_8016C70C		72d4bc9dd0ff7427b0c823bfc8aec82bf9988a6c9a21620d912112dc6070280f
urn:ure:smg:re_FunctionVariant:rmge01-usasm:8016c728	0x8016C728	12	func_8016C728		b028e541eaad5f7ea54a8b623c9628484b478e2ae46aeb96965f4d8d6a91718f
urn:ure:smg:re_FunctionVariant:rmge01-usasm:8016c734	0x8016C734	12	func_8016C734		cda20e3404cb9f9a438d7fcdb078fa8138856f7130381d2a7d5bc6fc7142279f
urn:ure:smg:re_FunctionVariant:rmge01-usasm:8016c740	0x8016C740	12	func_8016C740		a166df7fd09cf2251ddeef74093d04716922306601ae2c97eab6d58403b8cfc5
urn:ure:smg:re_FunctionVariant:rmge01-usasm:8016c74c	0x8016C74C	12	func_8016C74C		5c150e80990edeb3960857ce0085cf7e507ff159a5e78e6a126fdebc7cba45f1
urn:ure:smg:re_FunctionVariant:rmge01-usasm:8016e2cc	0x8016E2CC	12	func_8016E2CC		f310c5da599a2c159fd9cfd0c3d3ecf724ed8bf344a115156f238fbe1511eb50
urn:ure:smg:re_FunctionVariant:rmge01-usasm:8016e2d8	0x8016E2D8	12	func_8016E2D8		0f0289d05bad4aaf006940d4658d2a9dddb4d864fdd3b3ed2e4e958bac027f7f
urn:ure:smg:re_FunctionVariant:rmge01-usasm:80175d30	0x80175D30	12	func_80175D30		ab318f2f74f98176754b7207e0e15a3bb17c929d05c673b87c53f312d5bfc719
urn:ure:smg:re_FunctionVariant:rmge01-usasm:801785ac	0x801785AC	12	func_801785AC		36f87be5ea630877d71e068f93d3ae8c102b29e76f5db8fd36c2b7d7b21056d0
urn:ure:smg:re_FunctionVariant:rmge01-usasm:801786bc	0x801786BC	12	func_801786BC		54b6466702d82798f63df3702198c23d12ce650c5fc35bc75b5e16265be26f45
urn:ure:smg:re_FunctionVariant:rmge01-usasm:8017a50c	0x8017A50C	12	func_8017A50C		6286da0287afe7b165fae865173654b165cd505e62a6abd06719da4e13985147
urn:ure:smg:re_FunctionVariant:rmge01-usasm:8017a518	0x8017A518	12	func_8017A518		28f89a0e479e8aa9033fbeaada0812d4f468d7930edfa4114ef49554f05571b6
urn:ure:smg:re_FunctionVariant:rmge01-usasm:8017a524	0x8017A524	12	func_8017A524		21d875498fa3db0654b9e46bcf3a9bb4fb45f9dfca338690f5f21de133e4daeb
urn:ure:smg:re_FunctionVariant:rmge01-usasm:8017a530	0x8017A530	12	func_8017A530		d9349a9b2d0e41d580dae8a5a0beeb28666dad8e4ffffc5e87e9d417452d46a3
urn:ure:smg:re_FunctionVariant:rmge01-usasm:801829ac	0x801829AC	12	func_801829AC		8596bbb45cef18046b2187d0e6b5a302f764db239dae7029700445f52add96da
urn:ure:smg:re_FunctionVariant:rmge01-usasm:801829b8	0x801829B8	12	func_801829B8		8dd12d20eff7dd66039f465512e4516705f0d7ff6f641f50412f38687a05b099
urn:ure:smg:re_FunctionVariant:rmge01-usasm:801829c4	0x801829C4	12	func_801829C4		acea47c0ff54dbe2c6256ae21c8ba2809a000b04d13f5ce4712588633165ff76
urn:ure:smg:re_FunctionVariant:rmge01-usasm:80182e24	0x80182E24	12	func_80182E24		0d2852c3b1f6420860d0df5905d3d0b48e4b0e251ff1299ebe6d556c007f225b
urn:ure:smg:re_FunctionVariant:rmge01-usasm:801892c8	0x801892C8	12	func_801892C8		78d0bf46d93317ec32f3d2d486df19d380dfb306605b0bd7feaedc59438cddd9
urn:ure:smg:re_FunctionVariant:rmge01-usasm:80196344	0x80196344	12	func_80196344		f2a43941a74cad13c86a5c88dd25138c5751f8abd340175770c0cf95949a6d89
urn:ure:smg:re_FunctionVariant:rmge01-usasm:80196350	0x80196350	12	func_80196350		4d6b5397ba3824bd9da536cb357700a67510a410b37f8e991f551c69bc448669
urn:ure:smg:re_FunctionVariant:rmge01-usasm:80198e88	0x80198E88	12	func_80198E88		84f5b8c752ca152a626503f42aaeea3bad457d641ce31a78ce14878b0ec4374d
urn:ure:smg:re_FunctionVariant:rmge01-usasm:8019f074	0x8019F074	12	func_8019F074		26b631243a2c3448e5693256430e198e8ac842174e3c3ac902a5c34c562c0bd6
urn:ure:smg:re_FunctionVariant:rmge01-usasm:8019f080	0x8019F080	12	func_8019F080		48584dbf2f373493afbc4cb8880e07ba1dc3b2ae944872c1de9b39c1a29126ed
urn:ure:smg:re_FunctionVariant:rmge01-usasm:8019f08c	0x8019F08C	12	func_8019F08C		baba3159ca40917eb888a0ae8ddf7e09f786cc38b3b1622cf9161352ababf65c
urn:ure:smg:re_FunctionVariant:rmge01-usasm:801f79d8	0x801F79D8	12	func_801F79D8		4cf8ed9d611d45a16cf9b7bcc3ed73d04533b281df88539baeb59e3be939030a
urn:ure:smg:re_FunctionVariant:rmge01-usasm:801f79e4	0x801F79E4	12	func_801F79E4		ac7ab6c5fcdcd4f0c55c791a918449daed391ca0cc012bdf793146b1fe7c62e4
urn:ure:smg:re_FunctionVariant:rmge01-usasm:801f7ee8	0x801F7EE8	12	func_801F7EE8		bd3437bbb42ddce58c296e68537d7f052097f44d4e551f77fef275ee56296e8d
urn:ure:smg:re_FunctionVariant:rmge01-usasm:801f7efc	0x801F7EFC	12	func_801F7EFC		319751e2b734d3aa954d50ed5dc9894b72c126108f7d27144899a3863682238f
urn:ure:smg:re_FunctionVariant:rmge01-usasm:801f7f3c	0x801F7F3C	12	func_801F7F3C		e0fc0081866c2500884de60ce7201e5d607fb71c61128431bb822e6c3de9c58c
urn:ure:smg:re_FunctionVariant:rmge01-usasm:801f7f48	0x801F7F48	12	func_801F7F48		8172000438b8f9d723792bed9ffdc0709011af17c39f0d8da4122cbac18b535d
urn:ure:smg:re_FunctionVariant:rmge01-usasm:801f7fc8	0x801F7FC8	12	func_801F7FC8		4f82b81749eab40417fc6469516bb07383d6d0761f44a55b30c460e4970a9f8b
urn:ure:smg:re_FunctionVariant:rmge01-usasm:801f8000	0x801F8000	12	func_801F8000		b69834464fcb26ae9d5b4f4f8ff783e917711c69bed256fcc17206bd1e790a4e
urn:ure:smg:re_FunctionVariant:rmge01-usasm:801f800c	0x801F800C	12	func_801F800C		1405dafaa41929667246795b952bf43cad4ef7b4af5e163a2b0a0900cabbdd32
urn:ure:smg:re_FunctionVariant:rmge01-usasm:801f8018	0x801F8018	12	func_801F8018		5fce63a4466cc7782d5f130c9bda46d4d39cf18e7afc2d07e2319f084d01e9f8
urn:ure:smg:re_FunctionVariant:rmge01-usasm:801f8024	0x801F8024	12	func_801F8024		4010c2ee51a0422687c2a39593594c5a8ef5f921ec210de62519968fd5c194fe
urn:ure:smg:re_FunctionVariant:rmge01-usasm:801f8048	0x801F8048	12	func_801F8048		e44e39a10d6b1d2091ce892ce30dfa9fa942f48cddfc3f38dad2eb9993563f98
urn:ure:smg:re_FunctionVariant:rmge01-usasm:8020effc	0x8020EFFC	12	func_8020EFFC		7e0e4e8b251740aa9f88b150cb0f9bb7a78663b1d5c6da79fbc2bff20e8dd213
urn:ure:smg:re_FunctionVariant:rmge01-usasm:802343e8	0x802343E8	12	func_802343E8		7584add926ee5cef0aebc4c3a9ae3ce922f02e172cbb69a72c3072bfd65c07fc
urn:ure:smg:re_FunctionVariant:rmge01-usasm:80237ee0	0x80237EE0	12	func_80237EE0		17344f702d3816755b3cfbf5b904aaebf5cfd7b56792ce921b2bebb05bc10318
urn:ure:smg:re_FunctionVariant:rmge01-usasm:80237eec	0x80237EEC	12	func_80237EEC		bc6d486de23cdc28c5e1b908dfdb9029c915c3ccb85ae9f1f0b1d4f628188792
urn:ure:smg:re_FunctionVariant:rmge01-usasm:80237ef8	0x80237EF8	12	func_80237EF8		fb85831da0be1743273bc4c75bb241be74a4cd665d0000f0b7a96f5ed9ec6da9
urn:ure:smg:re_FunctionVariant:rmge01-usasm:80256b30	0x80256B30	12	func_80256B30		c42f04fdb1ce6729e368f343bbf592e82d2908178aa87c2070e457723c341432
urn:ure:smg:re_FunctionVariant:rmge01-usasm:8025b920	0x8025B920	12	func_8025B920		bd735ab9e41d1cd913af0f45b5ea91b32e23db186d8cdff9c4bdcd1c4c03ec05
urn:ure:smg:re_FunctionVariant:rmge01-usasm:80261580:200696	0x80261580	12	func_80261580	NameObj	5a0d877db6426c3fdd73d09319ca7e3b4e6a2392f334142279ea736639cc9efb
urn:ure:smg:re_FunctionVariant:rmge01-usasm:802615d4:200698	0x802615D4	12	func_802615D4	NameObj	65f9996d77813e144d3abc291b766a4404cc7ccdf9df62e7fea328774d43a7c5
urn:ure:smg:re_FunctionVariant:rmge01-usasm:8026c0b0:200806	0x8026C0B0	12	func_8026C0B0	NameObj	d7b324fc4dd8aa180e2abbd3b7ba4c01e4ef566352ab19bb550f1e2cc7a042d0
urn:ure:smg:re_FunctionVariant:rmge01-usasm:8026c0bc:200807	0x8026C0BC	12	func_8026C0BC	NameObj	10e224a6eaab9055997d8315d250b575b044a5e4f1724f87ad368fd42639daf4
urn:ure:smg:re_FunctionVariant:rmge01-usasm:8026c0c8:200808	0x8026C0C8	12	func_8026C0C8	NameObj	df119b913ea9546ff6d998099f32c25502d911ef1dbc1c46c307021c3aea0a4c
urn:ure:smg:re_FunctionVariant:rmge01-usasm:8026c10c:200814	0x8026C10C	12	func_8026C10C	NameObj	1d07a0cbd27fe409ee017931a201fc6bef604d6d87e290224325623dc3c60def
urn:ure:smg:re_FunctionVariant:rmge01-usasm:802776a0	0x802776A0	12	func_802776A0		51ea2d7e06adc8cef5393fea0d8af5fa164c56f4f9a08ffd4ec44ddeaf2b2aad
urn:ure:smg:re_FunctionVariant:rmge01-usasm:80278fe0	0x80278FE0	12	func_80278FE0		68eb11c051709028c0360072c848567a000bb9ae9be26ca132be190572f818b4
urn:ure:smg:re_FunctionVariant:rmge01-usasm:8028519c	0x8028519C	12	func_8028519C		1a10d9cc816020ded3b7d66af41f0c8a1f20f423f4f1a09a99c8358b119d91c9
urn:ure:smg:re_FunctionVariant:rmge01-usasm:8028dad0	0x8028DAD0	12	func_8028DAD0		612abf58f99c842877681c02f33c83486f3a0511e9ae61dd581c977c8e84ba1f
urn:ure:smg:re_FunctionVariant:rmge01-usasm:8029a488	0x8029A488	12	func_8029A488		fb043739a3bb28280f0c85f3ed55e57a10dddb3302213204ba962eb691fc84b2
urn:ure:smg:re_FunctionVariant:rmge01-usasm:8029cdac	0x8029CDAC	12	func_8029CDAC		721adca8e38fcdd336bf5a7e2ccabca9e5fa5cfa3e8306e6071ae43f0f252fe2
