function_entry	from	type	target	target_function	delta_from_function
00758b20	00758b2a	READ	00bfa448		10
00758b20	00758b43	CONDITIONAL_JUMP	00758b48		35
00758b20	00758b4b	CONDITIONAL_JUMP	00758b50		43
00758b20	00758b53	CONDITIONAL_JUMP	00758b58		51
00758b20	00758b58	READ	00c6982c		56
00758b20	00758b68	READ	00c0faec		72
00758b20	00758bc5	CONDITIONAL_JUMP	00758bca		165
00758b20	00758bcd	CONDITIONAL_JUMP	00758bd2		173
00758b20	00758bd5	CONDITIONAL_JUMP	00758bda		181
00758b20	00758c38	CONDITIONAL_JUMP	00758c3d		280
00758b20	00758c40	CONDITIONAL_JUMP	00758c45		288
00758b20	00758c48	CONDITIONAL_JUMP	00758c4d		296
00758b20	00758caa	CONDITIONAL_JUMP	00758caf		394
00758b20	00758cb2	CONDITIONAL_JUMP	00758cb7		402
00758b20	00758cba	CONDITIONAL_JUMP	00758cbf		410
00758b20	00758cbf	READ	036227fc		415
00758b20	00758d25	CONDITIONAL_JUMP	00758d2a		517
00758b20	00758d2d	CONDITIONAL_JUMP	00758d32		525
00758b20	00758d35	CONDITIONAL_JUMP	00758d3a		533
00758b20	00758d97	CONDITIONAL_JUMP	00758d9c		631
00758b20	00758d9f	CONDITIONAL_JUMP	00758da4		639
00758b20	00758da7	CONDITIONAL_JUMP	00758dac		647
00758b20	00758e09	CONDITIONAL_JUMP	00758e0e		745
00758b20	00758e11	CONDITIONAL_JUMP	00758e16		753
00758b20	00758e19	CONDITIONAL_JUMP	00758e1e		761
00758b20	00758e7c	CONDITIONAL_JUMP	00758e81		860
00758b20	00758e84	CONDITIONAL_JUMP	00758e89		868
00758b20	00758e8c	CONDITIONAL_JUMP	00758e91		876
00758b20	00758efa	CONDITIONAL_JUMP	00758eff		986
00758b20	00758f02	CONDITIONAL_JUMP	00758f07		994
00758b20	00758f0a	CONDITIONAL_JUMP	00758f0f		1002
00758b20	00758f74	CONDITIONAL_JUMP	00758f79		1108
00758b20	00758f7c	CONDITIONAL_JUMP	00758f81		1116
00758b20	00758f84	CONDITIONAL_JUMP	00758f89		1124
00758b20	00758ff0	CONDITIONAL_JUMP	00758ff5		1232
00758b20	00758ff8	CONDITIONAL_JUMP	00758ffd		1240
00758b20	00759000	CONDITIONAL_JUMP	00759005		1248
00758b20	0075906c	CONDITIONAL_JUMP	00759071		1356
00758b20	00759074	CONDITIONAL_JUMP	00759079		1364
00758b20	0075907c	CONDITIONAL_JUMP	00759081		1372
00758b20	007590e9	CONDITIONAL_JUMP	007590ee		1481
00758b20	007590f1	CONDITIONAL_JUMP	007590f6		1489
00758b20	007590f9	CONDITIONAL_JUMP	007590fe		1497
00758b20	00759164	CONDITIONAL_JUMP	00759169		1604
00758b20	0075916c	CONDITIONAL_JUMP	00759171		1612
00758b20	00759174	CONDITIONAL_JUMP	00759179		1620
00758b20	007591e0	CONDITIONAL_JUMP	007591e5		1728
00758b20	007591e8	CONDITIONAL_JUMP	007591ed		1736
00758b20	007591f0	CONDITIONAL_JUMP	007591f5		1744
00758b20	0075925b	CONDITIONAL_JUMP	00759260		1851
00758b20	00759263	CONDITIONAL_JUMP	00759268		1859
00758b20	0075926b	CONDITIONAL_JUMP	00759270		1867
00758b20	007592bc	READ	035f13d4		1948
00758b20	007592dd	CONDITIONAL_JUMP	007592e2		1981
00758b20	007592e5	CONDITIONAL_JUMP	007592ea		1989
00758b20	007592ed	CONDITIONAL_JUMP	007592f2		1997
00758b20	00759358	CONDITIONAL_JUMP	0075935d		2104
00758b20	00759360	CONDITIONAL_JUMP	00759365		2112
00758b20	00759368	CONDITIONAL_JUMP	0075936d		2120
00758b20	007593d3	CONDITIONAL_JUMP	007593d8		2227
00758b20	007593db	CONDITIONAL_JUMP	007593e0		2235
00758b20	007593e3	CONDITIONAL_JUMP	007593e8		2243
00758b20	0075944f	CONDITIONAL_JUMP	00759454		2351
00758b20	00759457	CONDITIONAL_JUMP	0075945c		2359
00758b20	0075945f	CONDITIONAL_JUMP	00759464		2367
00758b20	007594cd	CONDITIONAL_JUMP	007594d2		2477
00758b20	007594d5	CONDITIONAL_JUMP	007594da		2485
00758b20	007594dd	CONDITIONAL_JUMP	007594e2		2493
00758b20	00759522	READ	00bd8a88		2562
00758b20	00759570	CONDITIONAL_JUMP	00759575		2640
00758b20	00759578	CONDITIONAL_JUMP	0075957d		2648
00758b20	00759580	CONDITIONAL_JUMP	00759585		2656
00758b20	007595ee	CONDITIONAL_JUMP	007595f3		2766
00758b20	007595f6	CONDITIONAL_JUMP	007595fb		2774
00758b20	007595fe	CONDITIONAL_JUMP	00759603		2782
00758b20	0075966f	CONDITIONAL_JUMP	00759674		2895
00758b20	00759677	CONDITIONAL_JUMP	0075967c		2903
00758b20	0075967f	CONDITIONAL_JUMP	00759684		2911
00758b20	007596ed	CONDITIONAL_JUMP	007596f2		3021
00758b20	007596f5	CONDITIONAL_JUMP	007596fa		3029
00758b20	007596fd	CONDITIONAL_JUMP	00759702		3037
00758b20	00759768	CONDITIONAL_JUMP	0075976d		3144
00758b20	00759770	CONDITIONAL_JUMP	00759775		3152
00758b20	00759778	CONDITIONAL_JUMP	0075977d		3160
00758b20	007597e4	CONDITIONAL_JUMP	007597e9		3268
00758b20	007597ec	CONDITIONAL_JUMP	007597f1		3276
00758b20	007597f4	CONDITIONAL_JUMP	007597f9		3284
00758b20	00759860	CONDITIONAL_JUMP	00759865		3392
00758b20	00759868	CONDITIONAL_JUMP	0075986d		3400
00758b20	00759870	CONDITIONAL_JUMP	00759875		3408
00758b20	007598c1	READ	035f13d4		3489
00758b20	007598e2	CONDITIONAL_JUMP	007598e7		3522
00758b20	007598ea	CONDITIONAL_JUMP	007598ef		3530
00758b20	007598f2	CONDITIONAL_JUMP	007598f7		3538
00758b20	0075995d	CONDITIONAL_JUMP	00759962		3645
00758b20	00759965	CONDITIONAL_JUMP	0075996a		3653
00758b20	0075996d	CONDITIONAL_JUMP	00759972		3661
00758b20	007599d9	CONDITIONAL_JUMP	007599de		3769
00758b20	007599e1	CONDITIONAL_JUMP	007599e6		3777
00758b20	007599e9	CONDITIONAL_JUMP	007599ee		3785
00758b20	00759a55	CONDITIONAL_JUMP	00759a5a		3893
00758b20	00759a5d	CONDITIONAL_JUMP	00759a62		3901
00758b20	00759a65	CONDITIONAL_JUMP	00759a6a		3909
00758b20	00759ad3	CONDITIONAL_JUMP	00759ad8		4019
00758b20	00759adb	CONDITIONAL_JUMP	00759ae0		4027
00758b20	00759ae3	CONDITIONAL_JUMP	00759ae8		4035
00758b20	00759b54	CONDITIONAL_JUMP	00759b59		4148
00758b20	00759b5c	CONDITIONAL_JUMP	00759b61		4156
00758b20	00759b64	CONDITIONAL_JUMP	00759b69		4164
00758b20	00759bd2	CONDITIONAL_JUMP	00759bd7		4274
00758b20	00759bda	CONDITIONAL_JUMP	00759bdf		4282
00758b20	00759be2	CONDITIONAL_JUMP	00759be7		4290
00758b20	00759c53	CONDITIONAL_JUMP	00759c58		4403
00758b20	00759c5b	CONDITIONAL_JUMP	00759c60		4411
00758b20	00759c63	CONDITIONAL_JUMP	00759c68		4419
00758b20	00759cd1	CONDITIONAL_JUMP	00759cd6		4529
00758b20	00759cd9	CONDITIONAL_JUMP	00759cde		4537
00758b20	00759ce1	CONDITIONAL_JUMP	00759ce6		4545
00758b20	00759d4c	CONDITIONAL_JUMP	00759d51		4652
00758b20	00759d54	CONDITIONAL_JUMP	00759d59		4660
00758b20	00759d5c	CONDITIONAL_JUMP	00759d61		4668
00758b20	00759dc7	CONDITIONAL_JUMP	00759dcc		4775
00758b20	00759dcf	CONDITIONAL_JUMP	00759dd4		4783
00758b20	00759dd7	CONDITIONAL_JUMP	00759ddc		4791
00758b20	00759e43	CONDITIONAL_JUMP	00759e48		4899
00758b20	00759e4b	CONDITIONAL_JUMP	00759e50		4907
00758b20	00759e53	CONDITIONAL_JUMP	00759e58		4915
00758b20	00759ea4	READ	035f13d4		4996
00758b20	00759ec5	CONDITIONAL_JUMP	00759eca		5029
00758b20	00759ecd	CONDITIONAL_JUMP	00759ed2		5037
00758b20	00759ed5	CONDITIONAL_JUMP	00759eda		5045
00758b20	00759f3f	CONDITIONAL_JUMP	00759f44		5151
00758b20	00759f47	CONDITIONAL_JUMP	00759f4c		5159
00758b20	00759f4f	CONDITIONAL_JUMP	00759f54		5167
00758b20	00759fbb	CONDITIONAL_JUMP	00759fc0		5275
00758b20	00759fc3	CONDITIONAL_JUMP	00759fc8		5283
00758b20	00759fcb	CONDITIONAL_JUMP	00759fd0		5291
00758b20	0075a037	CONDITIONAL_JUMP	0075a03c		5399
00758b20	0075a03f	CONDITIONAL_JUMP	0075a044		5407
00758b20	0075a047	CONDITIONAL_JUMP	0075a04c		5415
00758b20	0075a0b4	CONDITIONAL_JUMP	0075a0b9		5524
00758b20	0075a0bc	CONDITIONAL_JUMP	0075a0c1		5532
00758b20	0075a0c4	CONDITIONAL_JUMP	0075a0c9		5540
00758b20	0075a12f	CONDITIONAL_JUMP	0075a134		5647
00758b20	0075a137	CONDITIONAL_JUMP	0075a13c		5655
00758b20	0075a13f	CONDITIONAL_JUMP	0075a144		5663
00758b20	0075a1ab	CONDITIONAL_JUMP	0075a1b0		5771
00758b20	0075a1b3	CONDITIONAL_JUMP	0075a1b8		5779
00758b20	0075a1bb	CONDITIONAL_JUMP	0075a1c0		5787
00758b20	0075a226	CONDITIONAL_JUMP	0075a22b		5894
00758b20	0075a22e	CONDITIONAL_JUMP	0075a233		5902
00758b20	0075a236	CONDITIONAL_JUMP	0075a23b		5910
00758b20	0075a2a4	CONDITIONAL_JUMP	0075a2a9		6020
00758b20	0075a2ac	CONDITIONAL_JUMP	0075a2b1		6028
00758b20	0075a2b4	CONDITIONAL_JUMP	0075a2b9		6036
00758b20	0075a31f	CONDITIONAL_JUMP	0075a324		6143
00758b20	0075a327	CONDITIONAL_JUMP	0075a32c		6151
00758b20	0075a32f	CONDITIONAL_JUMP	0075a334		6159
00758b20	0075a389	UNCONDITIONAL_CALL	007585e0	FUN_007585e0	6249
00758b20	0075a39b	UNCONDITIONAL_CALL	007585e0	FUN_007585e0	6267
00758b20	0075a3ac	UNCONDITIONAL_CALL	007585e0	FUN_007585e0	6284
00758b20	0075a3be	UNCONDITIONAL_CALL	007585e0	FUN_007585e0	6302
00758b20	0075a3d0	UNCONDITIONAL_CALL	007585e0	FUN_007585e0	6320
00758b20	0075a3e2	UNCONDITIONAL_CALL	007585e0	FUN_007585e0	6338
