server	client_candidate	name	state
00A7B600	00760B30	R_ToggleModelLightingFrame	accepted-cross-build-anchor
00A7B540	00760A70	R_AllocModelLightingPixel	object-local-delta-hypothesis
00A7B7B0	00760CE0	R_SetupDynamicModelLighting	object-local-delta-hypothesis
00A7B890	00760DC0	R_InitModelLightingGlobals	object-local-delta-hypothesis
00A7BA50	00760F80	R_ResetModelLighting	object-local-delta-hypothesis
00A7BC70	007611A0	R_SetModelLightingForSource	object-local-delta-hypothesis
00A7BCD0	00761200	R_AllocStaticModelLighting	object-local-delta-hypothesis
00A7BEC0	007613F0	R_CalcModelLighting	object-local-delta-hypothesis
00A7BF90	007614C0	R_SetStaticModelLighting	object-local-delta-hypothesis
00A7C110	00761640	R_SetAllStaticModelLighting	object-local-delta-hypothesis
00A7C230	00761760	R_AllocModelLighting	object-local-delta-hypothesis
