entry	name	body_size	instructions	decompile_completed
00760380	FUN_00760380	97	37	true
007603f0	FUN_007603f0	241	70	true
007604f0	FUN_007604f0	194	40	true
007605c0	FUN_007605c0	199	61	true
00760690	FUN_00760690	278	65	true
007607b0	FUN_007607b0	217	65	true
00760890	FUN_00760890	141	55	true
00760930	FUN_00760930	502	163	true
00760b30	FUN_00760b30	179	40	true
00760bf0	FUN_00760bf0	248	72	true
00760cf0	FUN_00760cf0	103	34	true
00760d60	FUN_00760d60	399	126	true
00760f00	FUN_00760f00	282	79	true
00761020	FUN_00761020	55	18	true
00761060	FUN_00761060	169	45	true
00761110	FUN_00761110	233	55	true
00761200	FUN_00761200	1275	261	true
00761700	FUN_00761700	748	203	true
007619f0	FUN_007619f0	83	31	true
00761ad0	FUN_00761ad0	100	32	true
00761c50	FUN_00761c50	181	43	true
00761d10	FUN_00761d10	137	47	true
00761da0	FUN_00761da0	100	38	true
00761e10	FUN_00761e10	317	77	true
00761f50	FUN_00761f50	260	82	true
