label	entry	from	type	target	target_function
static_sample_basis_accumulate	00758680	007586d5	READ	00d2bc30	
static_sample_basis_accumulate	00758680	007586dc	READ	00c82c30	
static_sample_basis_accumulate	00758680	0075870e	READ	00c82c10	
blend_static_grid_samples	0075a6a0	0075a6b8	CONDITIONAL_JUMP	0075a6e5	
blend_static_grid_samples	0075a6a0	0075a6db	UNCONDITIONAL_CALL	00758720	FUN_00758720
blend_static_grid_samples	0075a6a0	0075a6e3	UNCONDITIONAL_JUMP	0075a709	
blend_static_grid_samples	0075a6a0	0075a704	UNCONDITIONAL_CALL	007587f0	FUN_007587f0
blend_static_grid_samples	0075a6a0	0075a717	CONDITIONAL_JUMP	0075ac50	
blend_static_grid_samples	0075a6a0	0075a724	CONDITIONAL_JUMP	0075a985	
blend_static_grid_samples	0075a6a0	0075a750	UNCONDITIONAL_CALL	00758720	FUN_00758720
blend_static_grid_samples	0075a6a0	0075a983	UNCONDITIONAL_JUMP	0075a9ab	
blend_static_grid_samples	0075a6a0	0075a9a6	UNCONDITIONAL_CALL	007587f0	FUN_007587f0
blend_static_grid_samples	0075a6a0	0075ac40	CONDITIONAL_JUMP	0075a9b0	
blend_static_grid_samples	0075a6a0	0075ac4a	CONDITIONAL_JUMP	0075a720	
blend_static_grid_samples	0075a6a0	0075ac57	CONDITIONAL_JUMP	0075ae49	
blend_static_grid_samples	0075a6a0	0075ac5d	READ	00bda7c8	
blend_static_grid_samples	0075a6a0	0075ac65	READ	00c519c8	
blend_static_grid_samples	0075a6a0	0075ac9f	READ	00c5040c	
blend_static_grid_samples	0075a6a0	0075acd6	READ	00d2b3c8	
blend_static_grid_samples	0075a6a0	0075acf7	READ	00c557d0	
blend_static_grid_samples	0075a6a0	0075ae47	UNCONDITIONAL_JUMP	0075ae56	
blend_static_grid_samples	0075a6a0	0075ae4e	UNCONDITIONAL_CALL	00a72f60	_memset
blend_static_grid_samples	0075a6a0	0075ae62	UNCONDITIONAL_CALL	00762770	FUN_00762770
blend_static_grid_samples	0075a6a0	0075ae67	READ	0341d400	
blend_static_grid_samples	0075a6a0	0075ae85	CONDITIONAL_JUMP	0075ae96	
blend_static_grid_samples	0075a6a0	0075ae87	DATA	00d313bc	
blend_static_grid_samples	0075a6a0	0075ae8e	UNCONDITIONAL_CALL	0058fc30	FUN_0058fc30
blend_static_grid_samples	0075a6a0	0075aeab	UNCONDITIONAL_CALL	00a72f60	_memset
fallback_model_lighting_at_point	0075b1b0	0075b1c0	CONDITIONAL_JUMP	0075b1e2	
fallback_model_lighting_at_point	0075b1b0	0075b1c5	CONDITIONAL_JUMP	0075b1e2	
fallback_model_lighting_at_point	0075b1b0	0075b1d3	UNCONDITIONAL_CALL	0075aee0	FUN_0075aee0
fallback_model_lighting_at_point	0075b1b0	0075b1e4	READ	00d2b3c8	
fallback_model_lighting_at_point	0075b1b0	0075b20b	UNCONDITIONAL_CALL	0075b120	FUN_0075b120
fallback_model_lighting_at_point	0075b1b0	0075b215	CONDITIONAL_JUMP	0075b249	
fallback_model_lighting_at_point	0075b1b0	0075b219	CONDITIONAL_JUMP	0075b249	
fallback_model_lighting_at_point	0075b1b0	0075b21b	READ	03434964	
fallback_model_lighting_at_point	0075b1b0	0075b222	UNCONDITIONAL_CALL	006226f0	FUN_006226f0
fallback_model_lighting_at_point	0075b1b0	0075b22c	CONDITIONAL_JUMP	0075b249	
fallback_model_lighting_at_point	0075b1b0	0075b23a	UNCONDITIONAL_CALL	0075b000	FUN_0075b000
fallback_model_lighting_at_point	0075b1b0	0075b25c	UNCONDITIONAL_CALL	0075a3f0	FUN_0075a3f0
lookup_model_light_grid_entries	0075b860	0075b878	READ	00c59da4	
lookup_model_light_grid_entries	0075b860	0075b880	READ	00bd1200	
lookup_model_light_grid_entries	0075b860	0075b888	READ	00d2b3c8	
lookup_model_light_grid_entries	0075b860	0075b98a	READ	00c58510	
lookup_model_light_grid_entries	0075b860	0075b99a	READ	00c6982c	
lookup_model_light_grid_entries	0075b860	0075b9ac	CONDITIONAL_JUMP	0075b9b4	
lookup_model_light_grid_entries	0075b860	0075b9ae	READ	00bfd8fc	
lookup_model_light_grid_entries	0075b860	0075b9d4	CONDITIONAL_JUMP	0075b9dc	
lookup_model_light_grid_entries	0075b860	0075b9d6	READ	00bfd8fc	
lookup_model_light_grid_entries	0075b860	0075b9ec	READ	00c216b4	
lookup_model_light_grid_entries	0075b860	0075b9f8	CONDITIONAL_JUMP	0075ba00	
lookup_model_light_grid_entries	0075b860	0075b9fa	READ	00bfd8fc	
lookup_model_light_grid_entries	0075b860	0075ba9e	UNCONDITIONAL_CALL	0075b4b0	FUN_0075b4b0
lookup_model_light_grid_entries	0075b860	0075babc	UNCONDITIONAL_CALL	0075b4b0	FUN_0075b4b0
lookup_model_light_grid_entries	0075b860	0075bae6	CONDITIONAL_JUMP	0075bb65	
lookup_model_light_grid_entries	0075b860	0075baec	READ	00c44e34	
lookup_model_light_grid_entries	0075b860	0075baf7	CONDITIONAL_JUMP	0075bb02	
lookup_model_light_grid_entries	0075b860	0075bb00	UNCONDITIONAL_JUMP	0075bb65	
lookup_model_light_grid_entries	0075b860	0075bb0f	CONDITIONAL_JUMP	0075bb46	
lookup_model_light_grid_entries	0075b860	0075bb2e	UNCONDITIONAL_CALL	00a72f60	_memset
lookup_model_light_grid_entries	0075b860	0075bb44	UNCONDITIONAL_JUMP	0075bb65	
lookup_model_light_grid_entries	0075b860	0075bb4c	CONDITIONAL_JUMP	0075bb60	
lookup_model_light_grid_entries	0075b860	0075bb50	CONDITIONAL_JUMP	0075bb65	
lookup_model_light_grid_entries	0075b860	0075bb55	CONDITIONAL_JUMP	0075bb60	
lookup_model_light_grid_entries	0075b860	0075bb59	CONDITIONAL_JUMP	0075bb65	
lookup_model_light_grid_entries	0075b860	0075bb5e	CONDITIONAL_JUMP	0075bb65	
lookup_model_light_grid_entries	0075b860	0075bb6c	CONDITIONAL_JUMP	0075bae1	
accumulate_runtime_light_samples	00762060	00762068	DATA	03a3e81c	
accumulate_runtime_light_samples	00762060	00762073	DATA	03a3e824	
accumulate_runtime_light_samples	00762060	0076207e	DATA	03a3e828	
accumulate_runtime_light_samples	00762060	00762089	DATA	03a3e810	
accumulate_runtime_light_samples	00762060	00762090	DATA	03a3e814	
accumulate_runtime_light_samples	00762060	00762098	DATA	03a3e818	
accumulate_runtime_light_samples	00762060	007620a7	DATA	03a3e820	
accumulate_runtime_light_samples	00762060	007620b3	UNCONDITIONAL_JUMP	007620c0	
accumulate_runtime_light_samples	00762060	007620e7	CONDITIONAL_JUMP	00762121	
accumulate_runtime_light_samples	00762060	0076214d	CONDITIONAL_JUMP	00762185	
accumulate_runtime_light_samples	00762060	007621b5	CONDITIONAL_JUMP	007621ef	
accumulate_runtime_light_samples	00762060	0076221f	CONDITIONAL_JUMP	00762259	
accumulate_runtime_light_samples	00762060	0076225f	DATA	03a3eab8	
accumulate_runtime_light_samples	00762060	00762265	CONDITIONAL_JUMP	007620c0	
finalize_runtime_light_samples	00762280	0076228b	UNCONDITIONAL_JUMP	00762290	
finalize_runtime_light_samples	00762280	007623fc	CONDITIONAL_JUMP	00762290	
test_runtime_light_leaf	00762410	0076245b	CONDITIONAL_JUMP	00762476	
test_runtime_light_leaf	00762410	00762468	READ	00c49fe8	
test_runtime_light_leaf	00762410	00762470	CONDITIONAL_JUMP	00762476	
test_runtime_light_leaf	00762410	00762480	CONDITIONAL_JUMP	00762488	
test_runtime_light_leaf	00762410	0076248c	READ	00c44e34	
test_runtime_light_leaf	00762410	00762497	CONDITIONAL_JUMP	00762482	
test_runtime_light_leaf	00762410	00762499	READ	00d2b3c8	
test_runtime_light_leaf	00762410	007624c8	CONDITIONAL_JUMP	00762512	
test_runtime_light_leaf	00762410	007624f5	CONDITIONAL_JUMP	00762482	
test_runtime_light_leaf	00762410	007624ff	CONDITIONAL_JUMP	00762512	
test_runtime_light_leaf	00762410	00762523	CONDITIONAL_JUMP	0076252a	
test_runtime_light_leaf	00762410	00762528	UNCONDITIONAL_JUMP	0076252d	
test_runtime_light_leaf	00762410	0076252d	READ	00c4c6f0	
test_runtime_light_leaf	00762410	00762537	CONDITIONAL_JUMP	0076253c	
prepare_runtime_light_tree	00762580	0076258c	READ	034347ac	
prepare_runtime_light_tree	00762580	00762593	UNCONDITIONAL_CALL	004645d0	FUN_004645d0
prepare_runtime_light_tree	00762580	007626fc	CONDITIONAL_JUMP	007625b0	
prepare_runtime_light_tree	00762580	00762702	READ	034348a0	
prepare_runtime_light_tree	00762580	00762709	UNCONDITIONAL_CALL	004645d0	FUN_004645d0
prepare_runtime_light_tree	00762580	0076270e	READ	00d2b3c8	
prepare_runtime_light_tree	00762580	0076272e	UNCONDITIONAL_CALL	00a7c19f	FUN_00a7c19f
prepare_runtime_light_tree	00762580	00762743	UNCONDITIONAL_CALL	00a7c19f	FUN_00a7c19f
prepare_runtime_light_tree	00762580	00762757	UNCONDITIONAL_CALL	00a7c19f	FUN_00a7c19f
prepare_runtime_light_tree	00762580	00762764	CONDITIONAL_JUMP	00762723	
submit_static_model_lighting_patches	00760bf0	00760bf9	READ	03a36910	
submit_static_model_lighting_patches	00760bf0	00760bff	CONDITIONAL_JUMP	00760ce0	
submit_static_model_lighting_patches	00760bf0	00760c05	READ	035ae280	
submit_static_model_lighting_patches	00760bf0	00760c0a	WRITE	03a36910	
submit_static_model_lighting_patches	00760bf0	00760c22	CONDITIONAL_JUMP	00760ce0	
submit_static_model_lighting_patches	00760bf0	00760c28	DATA	03a2ad00	
submit_static_model_lighting_patches	00760bf0	00760c35	CONDITIONAL_JUMP	00760cd7	
submit_static_model_lighting_patches	00760bf0	00760c45	READ	00c51864	
submit_static_model_lighting_patches	00760bf0	00760c52	CONDITIONAL_JUMP	00760cd7	
submit_static_model_lighting_patches	00760bf0	00760c6a	READ	035ae280	
submit_static_model_lighting_patches	00760bf0	00760c8e	CONDITIONAL_JUMP	00760ca8	
submit_static_model_lighting_patches	00760bf0	00760c97	CONDITIONAL_JUMP	00760ca8	
submit_static_model_lighting_patches	00760bf0	00760ca1	UNCONDITIONAL_CALL	0075aee0	FUN_0075aee0
submit_static_model_lighting_patches	00760bf0	00760ca6	UNCONDITIONAL_JUMP	00760cbf	
submit_static_model_lighting_patches	00760bf0	00760cba	UNCONDITIONAL_CALL	0075a3f0	FUN_0075a3f0
submit_static_model_lighting_patches	00760bf0	00760cc9	UNCONDITIONAL_CALL	007603f0	FUN_007603f0
submit_static_model_lighting_patches	00760bf0	00760cd2	UNCONDITIONAL_JUMP	00760c40	
submit_static_model_lighting_patches	00760bf0	00760cda	CONDITIONAL_JUMP	00760c28	
alloc_static_model_lighting_client	00761200	00761200	DATA	00c380ee	
alloc_static_model_lighting_client	00761200	00761207	DATA	00d30090	
alloc_static_model_lighting_client	00761200	0076120c	DATA	00d31ee0	
alloc_static_model_lighting_client	00761200	00761211	UNCONDITIONAL_CALL	00617600	FUN_00617600
alloc_static_model_lighting_client	00761200	00761216	READ	00c4d158	
alloc_static_model_lighting_client	00761200	00761221	DATA	00c380ee	
alloc_static_model_lighting_client	00761200	00761231	READ	00d2b3c8	
alloc_static_model_lighting_client	00761200	0076123f	READ	00c77ff4	
alloc_static_model_lighting_client	00761200	0076124c	DATA	00d31ecc	
alloc_static_model_lighting_client	00761200	00761251	WRITE	03a24a84	
alloc_static_model_lighting_client	00761200	00761256	UNCONDITIONAL_CALL	004445c0	FUN_004445c0
alloc_static_model_lighting_client	00761200	0076125b	DATA	00c380ee	
alloc_static_model_lighting_client	00761200	00761262	DATA	00d31ef4	
alloc_static_model_lighting_client	00761200	00761267	DATA	00d31eb8	
alloc_static_model_lighting_client	00761200	0076126c	WRITE	03a270fc	
alloc_static_model_lighting_client	00761200	00761271	UNCONDITIONAL_CALL	00617600	FUN_00617600
alloc_static_model_lighting_client	00761200	00761276	READ	00d2b3b4	
alloc_static_model_lighting_client	00761200	00761281	DATA	00c380ee	
alloc_static_model_lighting_client	00761200	0076129f	DATA	00d31ea4	
alloc_static_model_lighting_client	00761200	007612a4	WRITE	03a270f8	
alloc_static_model_lighting_client	00761200	007612a9	UNCONDITIONAL_CALL	004445c0	FUN_004445c0
alloc_static_model_lighting_client	00761200	007612ae	READ	00c12844	
alloc_static_model_lighting_client	00761200	007612b9	DATA	00c380ee	
alloc_static_model_lighting_client	00761200	007612d2	READ	00c6c4bc	
alloc_static_model_lighting_client	00761200	007612df	DATA	00d31e8c	
alloc_static_model_lighting_client	00761200	007612e4	WRITE	03a248fc	
alloc_static_model_lighting_client	00761200	007612e9	UNCONDITIONAL_CALL	004445c0	FUN_004445c0
alloc_static_model_lighting_client	00761200	007612ee	READ	00d2b3b4	
alloc_static_model_lighting_client	00761200	007612f9	DATA	00c380ee	
alloc_static_model_lighting_client	00761200	00761312	READ	00c651dc	
alloc_static_model_lighting_client	00761200	0076131f	DATA	00d31e78	
alloc_static_model_lighting_client	00761200	00761324	WRITE	03a270f0	
alloc_static_model_lighting_client	00761200	00761329	UNCONDITIONAL_CALL	004445c0	FUN_004445c0
alloc_static_model_lighting_client	00761200	0076132e	READ	00c12844	
alloc_static_model_lighting_client	00761200	00761339	DATA	00c380ee	
alloc_static_model_lighting_client	00761200	00761352	READ	00d30a50	
alloc_static_model_lighting_client	00761200	0076135f	DATA	00d31e60	
alloc_static_model_lighting_client	00761200	00761364	WRITE	03a270f4	
alloc_static_model_lighting_client	00761200	00761369	UNCONDITIONAL_CALL	004445c0	FUN_004445c0
alloc_static_model_lighting_client	00761200	0076136e	READ	00d2b3c8	
alloc_static_model_lighting_client	00761200	00761379	DATA	00c380ee	
alloc_static_model_lighting_client	00761200	00761380	WRITE	03a270e0	
alloc_static_model_lighting_client	00761200	0076139c	DATA	00d31e48	
alloc_static_model_lighting_client	00761200	007613a1	UNCONDITIONAL_CALL	004445c0	FUN_004445c0
alloc_static_model_lighting_client	00761200	007613a6	READ	00c6c5d4	
alloc_static_model_lighting_client	00761200	007613b1	DATA	00c380ee	
alloc_static_model_lighting_client	00761200	007613ca	READ	00d2b3c8	
alloc_static_model_lighting_client	00761200	007613d7	DATA	00d31e34	
alloc_static_model_lighting_client	00761200	007613dc	WRITE	03a270d8	
alloc_static_model_lighting_client	00761200	007613e1	UNCONDITIONAL_CALL	004445c0	FUN_004445c0
alloc_static_model_lighting_client	00761200	007613e6	READ	00c6c5d4	
alloc_static_model_lighting_client	00761200	007613f1	DATA	00c380ee	
alloc_static_model_lighting_client	00761200	0076140a	READ	00d2b3c8	
alloc_static_model_lighting_client	00761200	00761417	DATA	00d31e20	
alloc_static_model_lighting_client	00761200	0076141c	WRITE	03a270cc	
alloc_static_model_lighting_client	00761200	00761421	UNCONDITIONAL_CALL	004445c0	FUN_004445c0
alloc_static_model_lighting_client	00761200	00761426	READ	00c12844	
alloc_static_model_lighting_client	00761200	00761431	DATA	00c380ee	
alloc_static_model_lighting_client	00761200	0076144a	READ	00c21ed4	
alloc_static_model_lighting_client	00761200	00761457	DATA	00d31e08	
alloc_static_model_lighting_client	00761200	0076145c	WRITE	03a270d4	
alloc_static_model_lighting_client	00761200	00761461	UNCONDITIONAL_CALL	004445c0	FUN_004445c0
alloc_static_model_lighting_client	00761200	00761466	READ	00c12844	
alloc_static_model_lighting_client	00761200	00761471	DATA	00c380ee	
alloc_static_model_lighting_client	00761200	0076148a	READ	00c07334	
alloc_static_model_lighting_client	00761200	00761497	DATA	00d31df0	
alloc_static_model_lighting_client	00761200	0076149c	WRITE	03a26ef0	
alloc_static_model_lighting_client	00761200	007614a1	UNCONDITIONAL_CALL	004445c0	FUN_004445c0
alloc_static_model_lighting_client	00761200	007614a6	READ	00d2b3c8	
alloc_static_model_lighting_client	00761200	007614b1	DATA	00c380ee	
alloc_static_model_lighting_client	00761200	007614ca	READ	00d30a2c	
alloc_static_model_lighting_client	00761200	007614d7	DATA	00d31dd8	
alloc_static_model_lighting_client	00761200	007614dc	WRITE	03a270e4	
alloc_static_model_lighting_client	00761200	007614e1	UNCONDITIONAL_CALL	004445c0	FUN_004445c0
alloc_static_model_lighting_client	00761200	007614e6	READ	00c6c5d4	
alloc_static_model_lighting_client	00761200	007614f1	DATA	00c380ee	
alloc_static_model_lighting_client	00761200	0076150a	READ	00c519c8	
alloc_static_model_lighting_client	00761200	00761512	WRITE	03a270dc	
alloc_static_model_lighting_client	00761200	0076151c	DATA	00d31dc4	
alloc_static_model_lighting_client	00761200	00761521	UNCONDITIONAL_CALL	004445c0	FUN_004445c0
alloc_static_model_lighting_client	00761200	00761526	READ	00c6c5d4	
alloc_static_model_lighting_client	00761200	00761531	DATA	00c380ee	
alloc_static_model_lighting_client	00761200	0076154a	READ	00c557d0	
alloc_static_model_lighting_client	00761200	00761557	DATA	00d31db0	
alloc_static_model_lighting_client	00761200	0076155c	WRITE	03a270d0	
alloc_static_model_lighting_client	00761200	00761561	UNCONDITIONAL_CALL	004445c0	FUN_004445c0
alloc_static_model_lighting_client	00761200	00761566	READ	00c12844	
alloc_static_model_lighting_client	00761200	00761571	DATA	00c380ee	
alloc_static_model_lighting_client	00761200	0076158a	READ	00c21ed4	
alloc_static_model_lighting_client	00761200	00761597	DATA	00d31d98	
alloc_static_model_lighting_client	00761200	0076159c	WRITE	03a26ef4	
alloc_static_model_lighting_client	00761200	007615a1	UNCONDITIONAL_CALL	004445c0	FUN_004445c0
alloc_static_model_lighting_client	00761200	007615a6	READ	00c12844	
alloc_static_model_lighting_client	00761200	007615b1	DATA	00c380ee	
alloc_static_model_lighting_client	00761200	007615ca	READ	00c07334	
alloc_static_model_lighting_client	00761200	007615d7	DATA	00d31d80	
alloc_static_model_lighting_client	00761200	007615dc	WRITE	03a270ec	
alloc_static_model_lighting_client	00761200	007615e1	UNCONDITIONAL_CALL	004445c0	FUN_004445c0
alloc_static_model_lighting_client	00761200	007615e6	READ	00d2b3c8	
alloc_static_model_lighting_client	00761200	007615f1	DATA	00c380ee	
alloc_static_model_lighting_client	00761200	0076160a	READ	00d30a2c	
alloc_static_model_lighting_client	00761200	00761617	DATA	00d31d68	
alloc_static_model_lighting_client	00761200	0076161c	WRITE	03a270e8	
alloc_static_model_lighting_client	00761200	00761621	UNCONDITIONAL_CALL	004445c0	FUN_004445c0
alloc_static_model_lighting_client	00761200	00761626	READ	00c6c5d4	
alloc_static_model_lighting_client	00761200	00761631	DATA	00c380ee	
alloc_static_model_lighting_client	00761200	0076164a	READ	00c519c8	
alloc_static_model_lighting_client	00761200	00761657	DATA	00d31d54	
alloc_static_model_lighting_client	00761200	0076165c	WRITE	03a36af8	
alloc_static_model_lighting_client	00761200	00761661	UNCONDITIONAL_CALL	004445c0	FUN_004445c0
alloc_static_model_lighting_client	00761200	00761666	READ	00c6c5d4	
alloc_static_model_lighting_client	00761200	00761671	DATA	00c380ee	
alloc_static_model_lighting_client	00761200	0076168a	READ	00c557d0	
alloc_static_model_lighting_client	00761200	00761697	DATA	00d31d40	
alloc_static_model_lighting_client	00761200	0076169c	WRITE	03a26efc	
alloc_static_model_lighting_client	00761200	007616a1	UNCONDITIONAL_CALL	004445c0	FUN_004445c0
alloc_static_model_lighting_client	00761200	007616a6	READ	00c594a4	
alloc_static_model_lighting_client	00761200	007616b1	DATA	00c380ee	
alloc_static_model_lighting_client	00761200	007616c1	READ	00c55cf4	
alloc_static_model_lighting_client	00761200	007616e3	DATA	00d31d2c	
alloc_static_model_lighting_client	00761200	007616e8	WRITE	03a270c8	
alloc_static_model_lighting_client	00761200	007616ed	UNCONDITIONAL_CALL	00473320	FUN_00473320
alloc_static_model_lighting_client	00761200	007616f5	WRITE	03a26ef8	
