label	entry	name	body_size	instructions	decompile_completed
static_sample_basis_accumulate	00758680	FUN_00758680	153	41	true
blend_static_grid_samples	0075a6a0	FUN_0075a6a0	2098	360	true
fallback_model_lighting_at_point	0075b1b0	FUN_0075b1b0	189	76	true
lookup_model_light_grid_entries	0075b860	FUN_0075b860	795	234	true
accumulate_runtime_light_samples	00762060	FUN_00762060	519	129	true
finalize_runtime_light_samples	00762280	FUN_00762280	384	81	true
test_runtime_light_leaf	00762410	FUN_00762410	362	99	true
prepare_runtime_light_tree	00762580	FUN_00762580	492	119	true
submit_static_model_lighting_patches	00760bf0	FUN_00760bf0	248	72	true
alloc_static_model_lighting_client	00761200	FUN_00761200	1275	261	true
calc_model_lighting_client	007613f0	<missing>	0	0	false
set_static_model_lighting_client	007614c0	<missing>	0	0	false
set_all_static_model_lighting_client	00761640	<missing>	0	0	false
alloc_model_lighting_client	00761760	<missing>	0	0	false
