callee	callsite	caller_entry	caller_name
00758720	0075be94	0075bd10	FUN_0075bd10
00758720	0075bf10	0075bd10	FUN_0075bd10
00758720	0075b351	0075b270	FUN_0075b270
00758720	0075a427	0075a3f0	FUN_0075a3f0
00758720	0075a6db	0075a6a0	FUN_0075a6a0
00758720	0075a750	0075a6a0	FUN_0075a6a0
007587f0	0075bec6	0075bd10	FUN_0075bd10
007587f0	0075bf3b	0075bd10	FUN_0075bd10
007587f0	0075b376	0075b270	FUN_0075b270
007587f0	0075a616	0075a3f0	FUN_0075a3f0
007587f0	0075a704	0075a6a0	FUN_0075a6a0
007587f0	0075a9a6	0075a6a0	FUN_0075a6a0
