client_va	server_va	exact_hash	server_variant_id
0x0041CCB0	0x007b5fa0	dbb94cc1b5eaa0c4b6b2aeee80b6210f564841977250dadccb1b8676f882c352	urn:ure:t6:re_FunctionVariant:urn_ure_t6_re_FunctionFamily_urn_ure_t6_core_Project_black-ops-2_fd2705692f16c05f_re_Function_msvc-public_0XAnimClientNotifyList_QAE_XZ_8eb75cdd4d8f8def_build_urn_ure_t6_re_Build_urn_ure_t6_core_Project_black-ops-2_fd2705692f16c05f_pc-server-2013-03-11_4ee9a1fac7aa9195:68badc089b08994a
0x00421740	0x0085f820	4c8fcfa9a41c529197887869adc1bd1aca367e8d0c9d06c93ad343f9d0313a02	urn:ure:t6:re_FunctionVariant:urn_ure_t6_re_FunctionFamily_urn_ure_t6_core_Project_black-ops-2_fd2705692f16c05f_re_Function_msvc-public_Actor_ClearMoveHistory_YIXPAUactor_t_Z_23e59c15956c5953_build_urn_ure_t6_re_Build_urn_ure_t6_core_Project_black-ops-2_fd2705692f16c05f_pc-server-2013-03-11_4ee9a1fac7aa9195:3c04150ee8607c86
0x00471440	0x00704520	b73d3a867a6a7351d51860e4dcc06cb1827d6ca2c960ebdc6626877dcd571e05	urn:ure:t6:re_FunctionVariant:urn_ure_t6_re_FunctionFamily_urn_ure_t6_core_Project_black-ops-2_fd2705692f16c05f_re_Function_msvc-public_compare_char_traits_D_std_SAHPBD0I_Z_4f3c58dd903363eb_build_urn_ure_t6_re_Build_urn_ure_t6_core_Project_black-ops-2_fd2705692f16c05f_pc-server-2013-03-11_4ee9a1fac7aa9195:87d75988f73a8e5b
0x0047E340	0x007c3140	d50696f48a849f342a49cabfc22958ca49fe7c1ab320fb5ef2e62b77e6b30ce4	urn:ure:t6:re_FunctionVariant:urn_ure_t6_re_FunctionFamily_urn_ure_t6_core_Project_black-ops-2_fd2705692f16c05f_re_Function_msvc-public__inflateEnd_a93af726611b4f27_build_urn_ure_t6_re_Build_urn_ure_t6_core_Project_black-ops-2_fd2705692f16c05f_pc-server-2013-03-11_4ee9a1fac7aa9195:d7be6a7fff876abd
0x0047ECF0	0x006a4360	a12105dadf900d3f68fafc40df9cc020ec751c860eaaafea29a6f4874e5574ea	urn:ure:t6:re_FunctionVariant:urn_ure_t6_re_FunctionFamily_urn_ure_t6_core_Project_black-ops-2_fd2705692f16c05f_re_Function_msvc-public_0col_context_t_QAE_XZ_7d4bcd5b76075388_build_urn_ure_t6_re_Build_urn_ure_t6_core_Project_black-ops-2_fd2705692f16c05f_pc-server-2013-03-11_4ee9a1fac7aa9195:9e9bee18cfb0654a
0x004BF150	0x0069e3e0	498ae274f25c2d11d38e6fc3eb21ff621bbfe67b819527b9a4901c21ba0ab139	urn:ure:t6:re_FunctionVariant:urn_ure_t6_re_FunctionFamily_urn_ure_t6_core_Project_black-ops-2_fd2705692f16c05f_re_Function_msvc-public_c_str_basic_string_DU_char_traits_D_std_V_allocator_D_2_std_QBEPBDXZ_ec16c9b671d4473b_build_urn_ure_t6_re_Build_urn_ure_t6_core_Project_black-ops-2_fd2705692f16c05f_pc-server-2013-03-11_4ee9a1fac7aa9195:156189dfab5a38e6
0x004C9190	0x005fed80	188a51c0d0aae4cac9826c034564d7f0738413e2b6eec4b162b6244e29743df8	urn:ure:t6:re_FunctionVariant:urn_ure_t6_re_FunctionFamily_urn_ure_t6_core_Project_black-ops-2_fd2705692f16c05f_re_Function_msvc-public_get_prev_origin_mover_info_t_QBEABTvec3_t_XZ_7724199d7867dc7e_build_urn_ure_t6_re_Build_urn_ure_t6_core_Project_black-ops-2_fd2705692f16c05f_pc-server-2013-03-11_4ee9a1fac7aa9195:26786cd1b99dd0c9
0x004E7280	0x007c1fd0	96b243f4625e4c41bb5dadf7d273f573f33f1dd527dc7f9e046f10bd97d41995	urn:ure:t6:re_FunctionVariant:urn_ure_t6_re_FunctionFamily_urn_ure_t6_core_Project_black-ops-2_fd2705692f16c05f_re_Function_msvc-public__inflateReset_5ae7d81c6e229b7b_build_urn_ure_t6_re_Build_urn_ure_t6_core_Project_black-ops-2_fd2705692f16c05f_pc-server-2013-03-11_4ee9a1fac7aa9195:51791823e718cf0d
0x004F5630	0x007c59b0	5b953c268efc4eada0d96769aa76257556ef4020bdfcb57d30be570eda2558ee	urn:ure:t6:re_FunctionVariant:urn_ure_t6_re_FunctionFamily_urn_ure_t6_core_Project_black-ops-2_fd2705692f16c05f_re_Function_msvc-public__unztell_a4fcd2cfb1faff3c_build_urn_ure_t6_re_Build_urn_ure_t6_core_Project_black-ops-2_fd2705692f16c05f_pc-server-2013-03-11_4ee9a1fac7aa9195:15e338bbd18a8101
0x0050B1F0	0x00770890	ebbcdd7c6b2b5a73d11abd4d5dafcb4d21ede966b7ac1e6b5b73d5bb9691cadc	urn:ure:t6:re_FunctionVariant:urn_ure_t6_re_FunctionFamily_urn_ure_t6_core_Project_black-ops-2_fd2705692f16c05f_re_Function_msvc-public_Reinit_cCurve_QAEXXZ_04e139a879086bff_build_urn_ure_t6_re_Build_urn_ure_t6_core_Project_black-ops-2_fd2705692f16c05f_pc-server-2013-03-11_4ee9a1fac7aa9195:caf519d55498e6f3
0x00565F20	0x007e1480	77e4142ad014718efa45461bcda9384bac26cc1a90971fec9ecd5fd33b4c3676	urn:ure:t6:re_FunctionVariant:urn_ure_t6_re_FunctionFamily_urn_ure_t6_core_Project_black-ops-2_fd2705692f16c05f_re_Function_msvc-public_mt_allocate_internal_phys_transient_allocator_AAEPAXHH_Z_755e3b58f41338c1_build_urn_ure_t6_re_Build_urn_ure_t6_core_Project_black-ops-2_fd2705692f16c05f_pc-server-2013-03-11_4ee9a1fac7aa9195:40878640cb0044f0
0x0056F580	0x0085f650	f32fa887157fa1a2ee4b51e85c99224cf94f7ed6cf74ed7ff5cdc56421a4d330	urn:ure:t6:re_FunctionVariant:urn_ure_t6_re_FunctionFamily_urn_ure_t6_core_Project_black-ops-2_fd2705692f16c05f_re_Function_msvc-public_Actor_ClearPileUp_YIXPAUactor_t_Z_b099c0d2081abae8_build_urn_ure_t6_re_Build_urn_ure_t6_core_Project_black-ops-2_fd2705692f16c05f_pc-server-2013-03-11_4ee9a1fac7aa9195:4d2c5fbbce3345e0
0x005731D0	0x00886a30	441f9e6a4cc8dbc2911cb833d949abf3a8143da338d7ed3b168339a954d9b78a	urn:ure:t6:re_FunctionVariant:urn_ure_t6_re_FunctionFamily_urn_ure_t6_core_Project_black-ops-2_fd2705692f16c05f_re_Function_msvc-public_Actor_ClearScriptOrient_YIXPAUactor_t_Z_fb2b6babf78ef990_build_urn_ure_t6_re_Build_urn_ure_t6_core_Project_black-ops-2_fd2705692f16c05f_pc-server-2013-03-11_4ee9a1fac7aa9195:aeee484c38c808be
0x0057A2D0	0x00439750	720751c58364980f624f7dc373d7fa1cc605edf3aa19481778b209e6df66f9b1	urn:ure:t6:re_FunctionVariant:urn_ure_t6_re_FunctionFamily_urn_ure_t6_core_Project_black-ops-2_fd2705692f16c05f_re_Function_msvc-public_anyBitsOn_bitarray_0EA_QBE_NXZ_f3c420ec24e6c495_build_urn_ure_t6_re_Build_urn_ure_t6_core_Project_black-ops-2_fd2705692f16c05f_pc-server-2013-03-11_4ee9a1fac7aa9195:04ce336dfbc7ce43
0x0058DC00	0x00892ad0	d1d06a20c0ccc5ac6ca81962868327769fd0dc99fb22da9c7fd7160c8507782c	urn:ure:t6:re_FunctionVariant:urn_ure_t6_re_FunctionFamily_urn_ure_t6_core_Project_black-ops-2_fd2705692f16c05f_re_Function_msvc-public_Actor_TeamMoveBlockedClear_YIXPAUactor_t_Z_102d947f8dd03ebe_build_urn_ure_t6_re_Build_urn_ure_t6_core_Project_black-ops-2_fd2705692f16c05f_pc-server-2013-03-11_4ee9a1fac7aa9195:56743ba7e22dab7b
0x0059EE50	0x007daa80	23334c82ef0133c65cc0394d318a2637276496cb9b99f6dd580d0ee4f6c9e7b5	urn:ure:t6:re_FunctionVariant:urn_ure_t6_re_FunctionFamily_urn_ure_t6_core_Project_black-ops-2_fd2705692f16c05f_re_Function_msvc-public_get_type_gjk_obb_t_UBE_BIXZ_19315da53ac1b7a4_build_urn_ure_t6_re_Build_urn_ure_t6_core_Project_black-ops-2_fd2705692f16c05f_pc-server-2013-03-11_4ee9a1fac7aa9195:7f44c3de6152f8bf
0x005CA940	0x00860770	c339d5a0aff80ff730aa14b3c167d9820326d8cd310ab6350b8059ca056df731	urn:ure:t6:re_FunctionVariant:urn_ure_t6_re_FunctionFamily_urn_ure_t6_core_Project_black-ops-2_fd2705692f16c05f_re_Function_msvc-public_Actor_IsMoving_YI_NPAUactor_t_Z_975e9b445490fddc_build_urn_ure_t6_re_Build_urn_ure_t6_core_Project_black-ops-2_fd2705692f16c05f_pc-server-2013-03-11_4ee9a1fac7aa9195:5476c5cbedb199e1
0x005CE1F0	0x005fedb0	c35bd96fbf191e6779160d5bb17c1c61d2e9b373ceb0ea850b0f0f7feb9c2efa	urn:ure:t6:re_FunctionVariant:urn_ure_t6_re_FunctionFamily_urn_ure_t6_core_Project_black-ops-2_fd2705692f16c05f_re_Function_msvc-public_get_prev_angles_mover_info_t_QBEABTvec3_t_XZ_6cf44e192b544c79_build_urn_ure_t6_re_Build_urn_ure_t6_core_Project_black-ops-2_fd2705692f16c05f_pc-server-2013-03-11_4ee9a1fac7aa9195:d76be60869d6f128
0x005F2550	0x008f1eb0	1b54ce3f688e910b31ed9bd7beceba1f965b2868c748defecc89f24a8326bcc9	urn:ure:t6:re_FunctionVariant:urn_ure_t6_re_FunctionFamily_urn_ure_t6_core_Project_black-ops-2_fd2705692f16c05f_re_Function_msvc-public_0_StaticFixedSizeAllocator_UTempPackedOutline_0BFO_QAE_XZ_77e9f3b90becab59_build_urn_ure_t6_re_Build_urn_ure_t6_core_Project_black-ops-2_fd2705692f16c05f_pc-server-2013-03-11_4ee9a1fac7aa9195:71a7762289118525
0x00622F10	0x00536d00	5a4e9f2f29ef413b42f58cb26166a47a590683a517f2a42416ec93097b1112cf	urn:ure:t6:re_FunctionVariant:urn_ure_t6_re_FunctionFamily_urn_ure_t6_core_Project_black-ops-2_fd2705692f16c05f_re_Function_msvc-public__SHA1_Init_2ef27abb9137c513_build_urn_ure_t6_re_Build_urn_ure_t6_core_Project_black-ops-2_fd2705692f16c05f_pc-server-2013-03-11_4ee9a1fac7aa9195:c64fbff62a721a2f
0x00694A70	0x00945c80	f7ead4a9cd8f8c69ed13e9121ff0e88425f129df0ba4b0649bc10ef7af78e6ea	urn:ure:t6:re_FunctionVariant:urn_ure_t6_re_FunctionFamily_urn_ure_t6_core_Project_black-ops-2_fd2705692f16c05f_re_Function_msvc-public_PM_SetProneMovementOverride_YAXPAUplayerState_s_Z_0d87ebaab9e440ca_build_urn_ure_t6_re_Build_urn_ure_t6_core_Project_black-ops-2_fd2705692f16c05f_pc-server-2013-03-11_4ee9a1fac7aa9195:55d685b0a2cc2ebc
0x006F9E20	0x008e2db0	75f533bd3e59de2588c8f1901e45a3eea6688bc16b7ecaf3dcaf4d49cf4f3d49	urn:ure:t6:re_FunctionVariant:urn_ure_t6_re_FunctionFamily_urn_ure_t6_core_Project_black-ops-2_fd2705692f16c05f_re_Function_msvc-public_Session_GetQosPayloadBufferSize_YAHXZ_a81c79383bea3011_build_urn_ure_t6_re_Build_urn_ure_t6_core_Project_black-ops-2_fd2705692f16c05f_pc-server-2013-03-11_4ee9a1fac7aa9195:926b3bfe668de1df
0x00713420	0x00a72aa0	192c0ca4d58e18b5ec5b74fd8f2a513f9315fc663124b4fe9496e93986a6d150	urn:ure:t6:re_FunctionVariant:urn_ure_t6_re_FunctionFamily_urn_ure_t6_core_Project_black-ops-2_fd2705692f16c05f_re_Function_msvc-public__lzopro_lzo1x_1_11_compress_4eebfc732444db61_build_urn_ure_t6_re_Build_urn_ure_t6_core_Project_black-ops-2_fd2705692f16c05f_pc-server-2013-03-11_4ee9a1fac7aa9195:4aeaa39891d5c050
0x00A07C20	0x0098f3d0	9b2c52e71f7d9c64dc982bc772afe21cbd513fac40bb261101d6169541d2a3b7	urn:ure:t6:re_FunctionVariant:urn_ure_t6_re_FunctionFamily_urn_ure_t6_core_Project_black-ops-2_fd2705692f16c05f_re_Function_msvc-public_outer_epilog_update_rigid_body_constraint_distance_QAEXM_Z_36e70ff694a88d85_build_urn_ure_t6_re_Build_urn_ure_t6_core_Project_black-ops-2_fd2705692f16c05f_pc-server-2013-03-11_4ee9a1fac7aa9195:75808dc3249ab123
0x00A07D50	0x0098f530	4b16fc51ea9f841504870084fa733c008ea0d2647eaab5ad7d2d537b00c25b6e	urn:ure:t6:re_FunctionVariant:urn_ure_t6_re_FunctionFamily_urn_ure_t6_core_Project_black-ops-2_fd2705692f16c05f_re_Function_msvc-public_outer_epilog_update_rigid_body_constraint_angular_actuator_QAEXM_Z_44214cd2dd35b3fc_build_urn_ure_t6_re_Build_urn_ure_t6_core_Project_black-ops-2_fd2705692f16c05f_pc-server-2013-03-11_4ee9a1fac7aa9195:99c71deb7cbddfbd
0x00A1D670	0x009ab610	2c04864ad5a3da89c133b4848754ffb807f3d0502984f089f6d6e1e5a518901e	urn:ure:t6:re_FunctionVariant:urn_ure_t6_re_FunctionFamily_urn_ure_t6_core_Project_black-ops-2_fd2705692f16c05f_re_Function_msvc-public__speex_encoder_init_cd139f8774d80906_build_urn_ure_t6_re_Build_urn_ure_t6_core_Project_black-ops-2_fd2705692f16c05f_pc-server-2013-03-11_4ee9a1fac7aa9195:2d72854c7a716bc3
0x00A1D690	0x009ab630	eba1794bb22bfcd6282170eb806eda1ea63475e2901c205e3b5bc6d08f8d05d1	urn:ure:t6:re_FunctionVariant:urn_ure_t6_re_FunctionFamily_urn_ure_t6_core_Project_black-ops-2_fd2705692f16c05f_re_Function_msvc-public__speex_decoder_init_5d514dea18a2ce3d_build_urn_ure_t6_re_Build_urn_ure_t6_core_Project_black-ops-2_fd2705692f16c05f_pc-server-2013-03-11_4ee9a1fac7aa9195:6c77d0bd9161662e
0x00A1D6B0	0x009ab650	7018cf0f92319c924baf8c82f6f9c7051c18f7da22466701dfc864bab376493e	urn:ure:t6:re_FunctionVariant:urn_ure_t6_re_FunctionFamily_urn_ure_t6_core_Project_black-ops-2_fd2705692f16c05f_re_Function_msvc-public__speex_encoder_destroy_9addf42a0c0405b0_build_urn_ure_t6_re_Build_urn_ure_t6_core_Project_black-ops-2_fd2705692f16c05f_pc-server-2013-03-11_4ee9a1fac7aa9195:fd6ec5c7e2bc9b1c
0x00A1D6D0	0x009ab670	5def9d5bec8bc3a3d284214994194173c9e19b3631616276406fe2c131b3a808	urn:ure:t6:re_FunctionVariant:urn_ure_t6_re_FunctionFamily_urn_ure_t6_core_Project_black-ops-2_fd2705692f16c05f_re_Function_msvc-public__speex_decoder_destroy_2f3ca351f6b06e8e_build_urn_ure_t6_re_Build_urn_ure_t6_core_Project_black-ops-2_fd2705692f16c05f_pc-server-2013-03-11_4ee9a1fac7aa9195:76af8776b5efdf17
0x00A1D770	0x009ab710	939e416d11841cd255291ae1e0895bcb41efff46401d89589c2f6db7492ea316	urn:ure:t6:re_FunctionVariant:urn_ure_t6_re_FunctionFamily_urn_ure_t6_core_Project_black-ops-2_fd2705692f16c05f_re_Function_msvc-public__speex_encoder_ctl_3e1165b8a6cca388_build_urn_ure_t6_re_Build_urn_ure_t6_core_Project_black-ops-2_fd2705692f16c05f_pc-server-2013-03-11_4ee9a1fac7aa9195:1d27f04ebea96243
0x00A1D790	0x009ab730	d5d942a707c908bcaa26cf3f168afeb4636d69fe7eb6e1f737059b0b51ae65fa	urn:ure:t6:re_FunctionVariant:urn_ure_t6_re_FunctionFamily_urn_ure_t6_core_Project_black-ops-2_fd2705692f16c05f_re_Function_msvc-public__speex_decoder_ctl_89851b193aa42adb_build_urn_ure_t6_re_Build_urn_ure_t6_core_Project_black-ops-2_fd2705692f16c05f_pc-server-2013-03-11_4ee9a1fac7aa9195:303c33b99d66232f
0x00A1DAC0	0x009aba60	c393dac25769b8b610c1ae9d3a793bd1299ff101e26b33f140e3586a4b59e4b6	urn:ure:t6:re_FunctionVariant:urn_ure_t6_re_FunctionFamily_urn_ure_t6_core_Project_black-ops-2_fd2705692f16c05f_re_Function_msvc-public__speex_bits_init_buffer_0853fa7e2a139a32_build_urn_ure_t6_re_Build_urn_ure_t6_core_Project_black-ops-2_fd2705692f16c05f_pc-server-2013-03-11_4ee9a1fac7aa9195:adbe4ddbf45828c4
0x00A1DB10	0x009abab0	d59af502a14cc82eb6e7bdfb5edb516dc60227059cf4148b6dddd7e189a3f1e3	urn:ure:t6:re_FunctionVariant:urn_ure_t6_re_FunctionFamily_urn_ure_t6_core_Project_black-ops-2_fd2705692f16c05f_re_Function_msvc-public__speex_bits_reset_fb68d2c262f7bd86_build_urn_ure_t6_re_Build_urn_ure_t6_core_Project_black-ops-2_fd2705692f16c05f_pc-server-2013-03-11_4ee9a1fac7aa9195:bc9fd342c900a697
0x00A1DB30	0x009abad0	a9d95e0b3de21d66bccdb224bec5903ed123644cfb040476a217063f4e483bdb	urn:ure:t6:re_FunctionVariant:urn_ure_t6_re_FunctionFamily_urn_ure_t6_core_Project_black-ops-2_fd2705692f16c05f_re_Function_msvc-public__speex_bits_rewind_2414964acda2fc39_build_urn_ure_t6_re_Build_urn_ure_t6_core_Project_black-ops-2_fd2705692f16c05f_pc-server-2013-03-11_4ee9a1fac7aa9195:316a4fe34d386899
0x00A1DCF0	0x009abc90	5b46aaafc6f0e6e67430a1f3f4bfc6d3333b9fb53fc7da31651db867e3cd66f8	urn:ure:t6:re_FunctionVariant:urn_ure_t6_re_FunctionFamily_urn_ure_t6_core_Project_black-ops-2_fd2705692f16c05f_re_Function_msvc-public__speex_bits_write_whole_bytes_c9deae768764ecae_build_urn_ure_t6_re_Build_urn_ure_t6_core_Project_black-ops-2_fd2705692f16c05f_pc-server-2013-03-11_4ee9a1fac7aa9195:6ffa671a2dec4e61
0x00A1DE50	0x009abdf0	d473b7d96eff751f323de262d20a47398d3653799d8491e8d7e453efa4ae61c5	urn:ure:t6:re_FunctionVariant:urn_ure_t6_re_FunctionFamily_urn_ure_t6_core_Project_black-ops-2_fd2705692f16c05f_re_Function_msvc-public__speex_bits_unpack_unsigned_6f8b9bf216d4ccdb_build_urn_ure_t6_re_Build_urn_ure_t6_core_Project_black-ops-2_fd2705692f16c05f_pc-server-2013-03-11_4ee9a1fac7aa9195:4546c760f7c3b843
0x00A1DEC0	0x009abe60	784617743f6c521350d788f7d204dca8772bca8dbe90c42c9fccd01250333c47	urn:ure:t6:re_FunctionVariant:urn_ure_t6_re_FunctionFamily_urn_ure_t6_core_Project_black-ops-2_fd2705692f16c05f_re_Function_msvc-public__speex_bits_peek_unsigned_5c26ac0f2de88598_build_urn_ure_t6_re_Build_urn_ure_t6_core_Project_black-ops-2_fd2705692f16c05f_pc-server-2013-03-11_4ee9a1fac7aa9195:496ee7d3a6a4e1d2
0x00A1DF30	0x009abed0	6bcefb254e7f1995caff6f3b6bac7f8f5bd6895d54f8fab00c4ed818cd133147	urn:ure:t6:re_FunctionVariant:urn_ure_t6_re_FunctionFamily_urn_ure_t6_core_Project_black-ops-2_fd2705692f16c05f_re_Function_msvc-public__speex_bits_peek_3c94ab04cbc201e7_build_urn_ure_t6_re_Build_urn_ure_t6_core_Project_black-ops-2_fd2705692f16c05f_pc-server-2013-03-11_4ee9a1fac7aa9195:e9b20039d07fa2e4
0x00A1DF70	0x009abf10	e94556468cbead752ab92f852cb974e6add84b40ca3a1188b61b94ca5902f065	urn:ure:t6:re_FunctionVariant:urn_ure_t6_re_FunctionFamily_urn_ure_t6_core_Project_black-ops-2_fd2705692f16c05f_re_Function_msvc-public__speex_bits_advance_61be1ab54c1dad40_build_urn_ure_t6_re_Build_urn_ure_t6_core_Project_black-ops-2_fd2705692f16c05f_pc-server-2013-03-11_4ee9a1fac7aa9195:2797f2e0d2550712
0x00A1DFC0	0x009abf60	620c159bc0a0d40b3770a95ca649ead38dd1d0c01286111c5d3c7598b824824c	urn:ure:t6:re_FunctionVariant:urn_ure_t6_re_FunctionFamily_urn_ure_t6_core_Project_black-ops-2_fd2705692f16c05f_re_Function_msvc-public__speex_bits_remaining_afd7e19a180f0534_build_urn_ure_t6_re_Build_urn_ure_t6_core_Project_black-ops-2_fd2705692f16c05f_pc-server-2013-03-11_4ee9a1fac7aa9195:28c2087fcf30e994
0x00A1DFF0	0x009abf90	3fdcdff6ee8918bdf534e64b3e1aa3f6bd09d6807283d1ebef7f854ffdba715a	urn:ure:t6:re_FunctionVariant:urn_ure_t6_re_FunctionFamily_urn_ure_t6_core_Project_black-ops-2_fd2705692f16c05f_re_Function_msvc-public__speex_bits_nbytes_640a868ed5acf075_build_urn_ure_t6_re_Build_urn_ure_t6_core_Project_black-ops-2_fd2705692f16c05f_pc-server-2013-03-11_4ee9a1fac7aa9195:834d9c94f1a5061a
0x00A1E010	0x009abfb0	8cb6037c8b13a5a86bd61ef0e4cc3711f6f7816db7ae815631d97c13be79479b	urn:ure:t6:re_FunctionVariant:urn_ure_t6_re_FunctionFamily_urn_ure_t6_core_Project_black-ops-2_fd2705692f16c05f_re_Function_msvc-public__speex_bits_insert_terminator_85b2482341662e2b_build_urn_ure_t6_re_Build_urn_ure_t6_core_Project_black-ops-2_fd2705692f16c05f_pc-server-2013-03-11_4ee9a1fac7aa9195:ea35593751ace835
0x00A1E050	0x009abff0	84450c92d2f8de616cad1548dd300ed5d8db3f92a9a562d3ff5524bb66df2c08	urn:ure:t6:re_FunctionVariant:urn_ure_t6_re_FunctionFamily_urn_ure_t6_core_Project_black-ops-2_fd2705692f16c05f_re_Function_msvc-public__speex_bits_write_7e64205221b1428e_build_urn_ure_t6_re_Build_urn_ure_t6_core_Project_black-ops-2_fd2705692f16c05f_pc-server-2013-03-11_4ee9a1fac7aa9195:11032fc22ae0a09a
0x00A1E0C0	0x009ac060	661cb861aceb8641a6602b1ec19e52348191aa6affd2172f61f0ed143a226982	urn:ure:t6:re_FunctionVariant:urn_ure_t6_re_FunctionFamily_urn_ure_t6_core_Project_black-ops-2_fd2705692f16c05f_re_Function_msvc-public__speex_bits_unpack_signed_2e97ce3a6ee9a078_build_urn_ure_t6_re_Build_urn_ure_t6_core_Project_black-ops-2_fd2705692f16c05f_pc-server-2013-03-11_4ee9a1fac7aa9195:54c2be18129b4291
0x00A1E0F0	0x009ac090	76b042fc6bddd1c8d4746a689b73c1c391e987561d46ca6786643ede7c18b55d	urn:ure:t6:re_FunctionVariant:urn_ure_t6_re_FunctionFamily_urn_ure_t6_core_Project_black-ops-2_fd2705692f16c05f_re_Function_msvc-public__speex_mode_query_439ec9238b25aff2_build_urn_ure_t6_re_Build_urn_ure_t6_core_Project_black-ops-2_fd2705692f16c05f_pc-server-2013-03-11_4ee9a1fac7aa9195:72bad10d63cdacef
0x00A1E180	0x009ac120	dc5bf2d070897929be535853e53988bdf8a303418c4a2c0975844c7b46bcf619	urn:ure:t6:re_FunctionVariant:urn_ure_t6_re_FunctionFamily_urn_ure_t6_core_Project_black-ops-2_fd2705692f16c05f_re_Function_msvc-public__be_int_b0026d13db9fa6b5_build_urn_ure_t6_re_Build_urn_ure_t6_core_Project_black-ops-2_fd2705692f16c05f_pc-server-2013-03-11_4ee9a1fac7aa9195:033136be4d542512
0x00A27580	0x009b5520	9036762c240ee6ad24a25012cd2bad4ac70f545b113892e928d1a47376aedc96	urn:ure:t6:re_FunctionVariant:urn_ure_t6_re_FunctionFamily_urn_ure_t6_core_Project_black-ops-2_fd2705692f16c05f_re_Function_msvc-public__noise_codebook_quant_ec703993bc79c967_build_urn_ure_t6_re_Build_urn_ure_t6_core_Project_black-ops-2_fd2705692f16c05f_pc-server-2013-03-11_4ee9a1fac7aa9195:6614aa7f94a12404
0x00A27660	0x009b5600	eb38b65c49ee6c1dd9ae6a55341ab7f634e9c3359e1bc7524b16bb4824f514ed	urn:ure:t6:re_FunctionVariant:urn_ure_t6_re_FunctionFamily_urn_ure_t6_core_Project_black-ops-2_fd2705692f16c05f_re_Function_msvc-public__noise_codebook_unquant_dcff1650e3e440fd_build_urn_ure_t6_re_Build_urn_ure_t6_core_Project_black-ops-2_fd2705692f16c05f_pc-server-2013-03-11_4ee9a1fac7aa9195:d5bb1b72bf95f815
0x00A29050	0x009b6ff0	49e9e4ed1c28bf2e7608d3ec56a1ca7e1405f9e420ae699407d9b620ee2368d6	urn:ure:t6:re_FunctionVariant:urn_ure_t6_re_FunctionFamily_urn_ure_t6_core_Project_black-ops-2_fd2705692f16c05f_re_Function_msvc-public__bw_lpc_425ebec12c5b1292_build_urn_ure_t6_re_Build_urn_ure_t6_core_Project_black-ops-2_fd2705692f16c05f_pc-server-2013-03-11_4ee9a1fac7aa9195:755e8b62649f7d4b
0x00A29110	0x009b70b0	e592b0430950fee98e0604bbb652a0372c703ea3e01c248e0e98bcae3078cc39	urn:ure:t6:re_FunctionVariant:urn_ure_t6_re_FunctionFamily_urn_ure_t6_core_Project_black-ops-2_fd2705692f16c05f_re_Function_msvc-public__signal_mul_2c788f284c4089c9_build_urn_ure_t6_re_Build_urn_ure_t6_core_Project_black-ops-2_fd2705692f16c05f_pc-server-2013-03-11_4ee9a1fac7aa9195:055c3aec8eacca07
0x00A291A0	0x009b7140	ac59cf7ba62ddc318342ec6d4d505f57d827eaadf3c8137b024f2526bc9e13eb	urn:ure:t6:re_FunctionVariant:urn_ure_t6_re_FunctionFamily_urn_ure_t6_core_Project_black-ops-2_fd2705692f16c05f_re_Function_msvc-public__signal_div_9fb03a31c28ac86e_build_urn_ure_t6_re_Build_urn_ure_t6_core_Project_black-ops-2_fd2705692f16c05f_pc-server-2013-03-11_4ee9a1fac7aa9195:b245873eafd69e41
0x00A29630	0x009b75d0	2f7bf74aa1b76d48fe5640fa65cfccf3a994204373ca2065e87663da706cdab5	urn:ure:t6:re_FunctionVariant:urn_ure_t6_re_FunctionFamily_urn_ure_t6_core_Project_black-ops-2_fd2705692f16c05f_re_Function_msvc-public__syn_percep_zero_e766d2f77a4252eb_build_urn_ure_t6_re_Build_urn_ure_t6_core_Project_black-ops-2_fd2705692f16c05f_pc-server-2013-03-11_4ee9a1fac7aa9195:fed9db0a75ae12cd
0x00A296A0	0x009b7640	97513bf1f022f236c4ce5dc958ea17874a2ddd37cd0a5cc1a4f19f48d8c356b2	urn:ure:t6:re_FunctionVariant:urn_ure_t6_re_FunctionFamily_urn_ure_t6_core_Project_black-ops-2_fd2705692f16c05f_re_Function_msvc-public__residue_percep_zero_21ccf1e9e04abbc2_build_urn_ure_t6_re_Build_urn_ure_t6_core_Project_black-ops-2_fd2705692f16c05f_pc-server-2013-03-11_4ee9a1fac7aa9195:4a732e25a01b3640
0x00A299B0	0x009b7950	e38f765ea5ed8526b66425f6bf0c4ee692a05c6c67df66d7092141f70c1aac5c	urn:ure:t6:re_FunctionVariant:urn_ure_t6_re_FunctionFamily_urn_ure_t6_core_Project_black-ops-2_fd2705692f16c05f_re_Function_msvc-public__qmf_decomp_2c6c4141c17a74f4_build_urn_ure_t6_re_Build_urn_ure_t6_core_Project_black-ops-2_fd2705692f16c05f_pc-server-2013-03-11_4ee9a1fac7aa9195:2f097fa852f08239
0x00A29C40	0x009b7be0	d2311c1a2681338ef40f2651ecd68f86f85d2742c28ff3dc946c296868cc1c8b	urn:ure:t6:re_FunctionVariant:urn_ure_t6_re_FunctionFamily_urn_ure_t6_core_Project_black-ops-2_fd2705692f16c05f_re_Function_msvc-public__fir_mem_up_c994ff46eb9eee9c_build_urn_ure_t6_re_Build_urn_ure_t6_core_Project_black-ops-2_fd2705692f16c05f_pc-server-2013-03-11_4ee9a1fac7aa9195:1b814f7578857a34
0x00A29E70	0x009b7e10	3e5c74daeb4a5bc17524fc8f6468fd310ea3d700de9617f61308669ee2ad007e	urn:ure:t6:re_FunctionVariant:urn_ure_t6_re_FunctionFamily_urn_ure_t6_core_Project_black-ops-2_fd2705692f16c05f_re_Function_msvc-public__comb_filter_mem_init_775057983708b38a_build_urn_ure_t6_re_Build_urn_ure_t6_core_Project_black-ops-2_fd2705692f16c05f_pc-server-2013-03-11_4ee9a1fac7aa9195:4bab93553f842ba9
0x00A2AD20	0x009b8cc0	afb337f77e588a83d251b87f9b39e82de634b0f44876eb1398ae46aba4505cdf	urn:ure:t6:re_FunctionVariant:urn_ure_t6_re_FunctionFamily_urn_ure_t6_core_Project_black-ops-2_fd2705692f16c05f_re_Function_msvc-public__lsp_interpolate_63034fda784b0dd4_build_urn_ure_t6_re_Build_urn_ure_t6_core_Project_black-ops-2_fd2705692f16c05f_pc-server-2013-03-11_4ee9a1fac7aa9195:bc38c079cd86598e
0x00A2B230	0x009b91d0	9faac0ae09728b101132515c0a8d7db618bda56679e702ba8b29da96386d9972	urn:ure:t6:re_FunctionVariant:urn_ure_t6_re_FunctionFamily_urn_ure_t6_core_Project_black-ops-2_fd2705692f16c05f_re_Function_msvc-public__vq_index_9ed30f83c3210562_build_urn_ure_t6_re_Build_urn_ure_t6_core_Project_black-ops-2_fd2705692f16c05f_pc-server-2013-03-11_4ee9a1fac7aa9195:dc4f329f57ed13f7
0x00A2B7A0	0x009b9740	91308db8293a340afb1767c78a2b8d6d876ec141826bdaea090cbe6caf7c1474	urn:ure:t6:re_FunctionVariant:urn_ure_t6_re_FunctionFamily_urn_ure_t6_core_Project_black-ops-2_fd2705692f16c05f_re_Function_msvc-public__speex_inband_handler_a91a9606f286f58a_build_urn_ure_t6_re_Build_urn_ure_t6_core_Project_black-ops-2_fd2705692f16c05f_pc-server-2013-03-11_4ee9a1fac7aa9195:9fce4526107f86f3
0x00A2B860	0x009b9800	78d51c896fd23aac2d2b6f4e45e9f63589cb81911cc54c106936c1d3cf8a9250	urn:ure:t6:re_FunctionVariant:urn_ure_t6_re_FunctionFamily_urn_ure_t6_core_Project_black-ops-2_fd2705692f16c05f_re_Function_msvc-public__speex_std_mode_request_handler_125ca6c53336ecb7_build_urn_ure_t6_re_Build_urn_ure_t6_core_Project_black-ops-2_fd2705692f16c05f_pc-server-2013-03-11_4ee9a1fac7aa9195:4bc09e8a7decc285
0x00A2B890	0x009b9830	ea65da0d3e2807ce8a83c2f04c60d8c49f9dbe2ea8910a81443fed0c10eb88f8	urn:ure:t6:re_FunctionVariant:urn_ure_t6_re_FunctionFamily_urn_ure_t6_core_Project_black-ops-2_fd2705692f16c05f_re_Function_msvc-public__speex_std_low_mode_request_handler_ad6a16ce4e3bd7b6_build_urn_ure_t6_re_Build_urn_ure_t6_core_Project_black-ops-2_fd2705692f16c05f_pc-server-2013-03-11_4ee9a1fac7aa9195:40c30c4331c70886
0x00A2B8C0	0x009b9860	8353ec59ae7a9cee832093df6d59f576576cf91cd2520f2ffc41c8667b13f283	urn:ure:t6:re_FunctionVariant:urn_ure_t6_re_FunctionFamily_urn_ure_t6_core_Project_black-ops-2_fd2705692f16c05f_re_Function_msvc-public__speex_std_high_mode_request_handler_e58c90299a118e0f_build_urn_ure_t6_re_Build_urn_ure_t6_core_Project_black-ops-2_fd2705692f16c05f_pc-server-2013-03-11_4ee9a1fac7aa9195:a91f98a398c65377
0x00A2B8F0	0x009b9890	2fa05c22e8376f4f62ccfd6363078b2227908e0ec838f2ec8f57999b62a8bd36	urn:ure:t6:re_FunctionVariant:urn_ure_t6_re_FunctionFamily_urn_ure_t6_core_Project_black-ops-2_fd2705692f16c05f_re_Function_msvc-public__speex_std_vbr_request_handler_471dafcc73ded2f0_build_urn_ure_t6_re_Build_urn_ure_t6_core_Project_black-ops-2_fd2705692f16c05f_pc-server-2013-03-11_4ee9a1fac7aa9195:e83961f63ab98e5d
0x00A2B920	0x009b98c0	b55a7f8a0efe507e4292325c41364179c5bdb2a537b7813b8dd3e995ab93ad6f	urn:ure:t6:re_FunctionVariant:urn_ure_t6_re_FunctionFamily_urn_ure_t6_core_Project_black-ops-2_fd2705692f16c05f_re_Function_msvc-public__speex_std_enh_request_handler_a56fef90722c9c42_build_urn_ure_t6_re_Build_urn_ure_t6_core_Project_black-ops-2_fd2705692f16c05f_pc-server-2013-03-11_4ee9a1fac7aa9195:6b70a44a06c72afb
0x00A2B950	0x009b98f0	796c4a1d6fa2a5c54339537bc6f8431418182d8ddd0a18d78eddb849ec5f175d	urn:ure:t6:re_FunctionVariant:urn_ure_t6_re_FunctionFamily_urn_ure_t6_core_Project_black-ops-2_fd2705692f16c05f_re_Function_msvc-public__speex_std_vbr_quality_request_handler_d9ddc93bdcfd5ab9_build_urn_ure_t6_re_Build_urn_ure_t6_core_Project_black-ops-2_fd2705692f16c05f_pc-server-2013-03-11_4ee9a1fac7aa9195:086c5aea1eb26928
0x00A2B980	0x009b9920	01819a560dd1cffae34d255ec18e0bccd151a6f253e023e91e94c72b639b62af	urn:ure:t6:re_FunctionVariant:urn_ure_t6_re_FunctionFamily_urn_ure_t6_core_Project_black-ops-2_fd2705692f16c05f_re_Function_msvc-public__speex_std_char_handler_0bc454b874971a49_build_urn_ure_t6_re_Build_urn_ure_t6_core_Project_black-ops-2_fd2705692f16c05f_pc-server-2013-03-11_4ee9a1fac7aa9195:75a5f729f56f7ccb
0x00A2B9B0	0x009b9950	5b106c21ccec8a82dcd4e2622fa171584b3b00445d6258431e7f8bccd9577d62	urn:ure:t6:re_FunctionVariant:urn_ure_t6_re_FunctionFamily_urn_ure_t6_core_Project_black-ops-2_fd2705692f16c05f_re_Function_msvc-public__speex_default_user_handler_3b40ed5db6fcb868_build_urn_ure_t6_re_Build_urn_ure_t6_core_Project_black-ops-2_fd2705692f16c05f_pc-server-2013-03-11_4ee9a1fac7aa9195:0e7fb1e8b489c995
0x00A2CBD0	0x009baa10	0acb8354e5b76fdf384b0408236a036d59e3b00dcfec6921e4c1f201bc1abfdc	urn:ure:t6:re_FunctionVariant:urn_ure_t6_re_FunctionFamily_urn_ure_t6_core_Project_black-ops-2_fd2705692f16c05f_re_Function_msvc-public_bdMemcmp_YAHQBX0I_Z_4e9b448f835c51e7_build_urn_ure_t6_re_Build_urn_ure_t6_core_Project_black-ops-2_fd2705692f16c05f_pc-server-2013-03-11_4ee9a1fac7aa9195:86f3890a532d80a0
0x00A2CC50	0x009baa90	9a8bb8b2d9293be800dad1371582477e3598cb9d2de315600a581ad087e280d9	urn:ure:t6:re_FunctionVariant:urn_ure_t6_re_FunctionFamily_urn_ure_t6_core_Project_black-ops-2_fd2705692f16c05f_re_Function_msvc-public_0bdSecurityKey_QAE_XZ_3a481d9280ee0c0b_build_urn_ure_t6_re_Build_urn_ure_t6_core_Project_black-ops-2_fd2705692f16c05f_pc-server-2013-03-11_4ee9a1fac7aa9195:6548be4721152cd4
0x00A2CC70	0x009baab0	3dd0c55a0a3dc2d620fb45e90d6122b5038a2678bd1449032230b76fb6b7a9fe	urn:ure:t6:re_FunctionVariant:urn_ure_t6_re_FunctionFamily_urn_ure_t6_core_Project_black-ops-2_fd2705692f16c05f_re_Function_msvc-public_0bdSecurityKey_QAE_ABV0_Z_a0e679036e2ab58e_build_urn_ure_t6_re_Build_urn_ure_t6_core_Project_black-ops-2_fd2705692f16c05f_pc-server-2013-03-11_4ee9a1fac7aa9195:9191ce3102f861a8
0x00A2CCD0	0x009bc880	545d93dc2ecfa9046b9ce21684b0af8823f39265568e1f7478dab546eb677749	urn:ure:t6:re_FunctionVariant:urn_ure_t6_re_FunctionFamily_urn_ure_t6_core_Project_black-ops-2_fd2705692f16c05f_re_Function_msvc-public_getDataSize_bdByteBuffer_QBEIXZ_42cd64d50eda64f6_build_urn_ure_t6_re_Build_urn_ure_t6_core_Project_black-ops-2_fd2705692f16c05f_pc-server-2013-03-11_4ee9a1fac7aa9195:0254816f7ec11002
0x00A2CD40	0x009bc8f0	0392169a7b6de193517f0a3abd116f02caa8327b38c3e125ca3d86fcd235014d	urn:ure:t6:re_FunctionVariant:urn_ure_t6_re_FunctionFamily_urn_ure_t6_core_Project_black-ops-2_fd2705692f16c05f_re_Function_msvc-public_readArrayEnd_bdByteBuffer_QAEXXZ_ebf552e172b8df42_build_urn_ure_t6_re_Build_urn_ure_t6_core_Project_black-ops-2_fd2705692f16c05f_pc-server-2013-03-11_4ee9a1fac7aa9195:ee7109a58f9c6914
0x00A2D790	0x009baae0	2f861673bd7ffbd3cfb7174c9eaa59cef637f87adcd4493df8181760c42fa991	urn:ure:t6:re_FunctionVariant:urn_ure_t6_re_FunctionFamily_urn_ure_t6_core_Project_black-ops-2_fd2705692f16c05f_re_Function_msvc-public_0bdSecurityID_QAE_XZ_1c9007e5506b1655_build_urn_ure_t6_re_Build_urn_ure_t6_core_Project_black-ops-2_fd2705692f16c05f_pc-server-2013-03-11_4ee9a1fac7aa9195:5d350071bda94129
0x00A2D7A0	0x009baaf0	66b42201ae2adac5438161fdb2a8dc60eb4bf84b6a9462a2564677c9a809cdd4	urn:ure:t6:re_FunctionVariant:urn_ure_t6_re_FunctionFamily_urn_ure_t6_core_Project_black-ops-2_fd2705692f16c05f_re_Function_msvc-public_0bdSecurityID_QAE_ABV0_Z_17818a393315b2ca_build_urn_ure_t6_re_Build_urn_ure_t6_core_Project_black-ops-2_fd2705692f16c05f_pc-server-2013-03-11_4ee9a1fac7aa9195:bcbbf921a0413b4a
0x00A2D7C0	0x009bab10	c243c5c7564197eeed0418c5ef9924f2dac04d564688a202a4f4c04f0196b4af	urn:ure:t6:re_FunctionVariant:urn_ure_t6_re_FunctionFamily_urn_ure_t6_core_Project_black-ops-2_fd2705692f16c05f_re_Function_msvc-public_8bdSecurityID_QBE_NABV0_Z_26d06f672634a380_build_urn_ure_t6_re_Build_urn_ure_t6_core_Project_black-ops-2_fd2705692f16c05f_pc-server-2013-03-11_4ee9a1fac7aa9195:b7989ff491c24699
0x00A2D880	0x009bafa0	ac2c1b68cfdcd347a3cd0cd1ac8b20a90dcd8ac8b223a9c6dbf948a7c383ea7c	urn:ure:t6:re_FunctionVariant:urn_ure_t6_re_FunctionFamily_urn_ure_t6_core_Project_black-ops-2_fd2705692f16c05f_re_Function_msvc-public_isLoopback_bdCommonAddr_QBE_NXZ_033235c40309bbc7_build_urn_ure_t6_re_Build_urn_ure_t6_core_Project_black-ops-2_fd2705692f16c05f_pc-server-2013-03-11_4ee9a1fac7aa9195:e8a734a6b568e8cf
0x00A2D8A0	0x009bafc0	840cd7c1c41b518c1fe191951395dcac56c16a63d65f97ad855355ba794b2ca7	urn:ure:t6:re_FunctionVariant:urn_ure_t6_re_FunctionFamily_urn_ure_t6_core_Project_black-ops-2_fd2705692f16c05f_re_Function_msvc-public_getLocalAddrs_bdCommonAddr_QBEABV_bdArray_VbdAddr_XZ_4287a920e7db1ee1_build_urn_ure_t6_re_Build_urn_ure_t6_core_Project_black-ops-2_fd2705692f16c05f_pc-server-2013-03-11_4ee9a1fac7aa9195:a491195827725d41
0x00A2DBC0	0x009bb360	9ce0801c6f8db2ebd68fabd6e152bea7a183f21780af72945e5522f0bdae76dd	urn:ure:t6:re_FunctionVariant:urn_ure_t6_re_FunctionFamily_urn_ure_t6_core_Project_black-ops-2_fd2705692f16c05f_re_Function_msvc-public_getLocalAddrByIndex_bdCommonAddr_QBEABVbdAddr_I_Z_e2ae03079e94cdd1_build_urn_ure_t6_re_Build_urn_ure_t6_core_Project_black-ops-2_fd2705692f16c05f_pc-server-2013-03-11_4ee9a1fac7aa9195:58c1c1292aa3ff76
0x00A2E360	0x009bbc80	6835e3deafaf3994368d0615d9139532702cbea648e936b844581cfe66a32d97	urn:ure:t6:re_FunctionVariant:urn_ure_t6_re_FunctionFamily_urn_ure_t6_core_Project_black-ops-2_fd2705692f16c05f_re_Function_msvc-public_1bdInetAddr_QAE_XZ_6139a773cc45d749_build_urn_ure_t6_re_Build_urn_ure_t6_core_Project_black-ops-2_fd2705692f16c05f_pc-server-2013-03-11_4ee9a1fac7aa9195:5941c653d8d6962d
0x00A2E3B0	0x009e24d0	b29587fe7e842c797d06fed2d130573e0eb5e6703abb1086752a05ee88ad6fc6	urn:ure:t6:re_FunctionVariant:urn_ure_t6_re_FunctionFamily_urn_ure_t6_core_Project_black-ops-2_fd2705692f16c05f_re_Function_msvc-public_registerListener_bdSecurityKeyMap_QAEXPAVbdSecurityKeyMapListener_Z_7eb0926c2b2b53b8_build_urn_ure_t6_re_Build_urn_ure_t6_core_Project_black-ops-2_fd2705692f16c05f_pc-server-2013-03-11_4ee9a1fac7aa9195:68bb4c76a1069f5a
0x00A2E430	0x009bbd50	68a1223c2cfaa469a0977620c19941ebeb5e45b8cfd832a8ef4bd6eaf88d9f64	urn:ure:t6:re_FunctionVariant:urn_ure_t6_re_FunctionFamily_urn_ure_t6_core_Project_black-ops-2_fd2705692f16c05f_re_Function_msvc-public_getInAddr_bdInetAddr_QBE_AVbdInAddr_XZ_a6b9d38d24e456bb_build_urn_ure_t6_re_Build_urn_ure_t6_core_Project_black-ops-2_fd2705692f16c05f_pc-server-2013-03-11_4ee9a1fac7aa9195:f7625f916465732f
0x00A2E5D0	0x009bac60	c06ac88e021b3daa2be6f8a56d93c5e272497a35e62d5007408fd812240e2e1f	urn:ure:t6:re_FunctionVariant:urn_ure_t6_re_FunctionFamily_urn_ure_t6_core_Project_black-ops-2_fd2705692f16c05f_re_Function_msvc-public_getPort_bdAddr_QBEGXZ_506552f637fe6078_build_urn_ure_t6_re_Build_urn_ure_t6_core_Project_black-ops-2_fd2705692f16c05f_pc-server-2013-03-11_4ee9a1fac7aa9195:91b37aec94734a93
0x00A2E8E0	0x009bbf60	2676f80b03881d8dcc49c283011d010e6afd3ccd6b06be3446e237ff86900ac0	urn:ure:t6:re_FunctionVariant:urn_ure_t6_re_FunctionFamily_urn_ure_t6_core_Project_black-ops-2_fd2705692f16c05f_re_Function_msvc-public_getStringData_bdString_IBEPAVbdStringData_XZ_c3918ad9179fa21a_build_urn_ure_t6_re_Build_urn_ure_t6_core_Project_black-ops-2_fd2705692f16c05f_pc-server-2013-03-11_4ee9a1fac7aa9195:fb7ea3277f8635f3
0x00A2E8F0	0x009bbf70	8e9c8226997253ca4145d15600f537db49530a7c306f53cffa5743f768d81399	urn:ure:t6:re_FunctionVariant:urn_ure_t6_re_FunctionFamily_urn_ure_t6_core_Project_black-ops-2_fd2705692f16c05f_re_Function_msvc-public_addReference_bdString_IBEXPAVbdStringData_Z_83e443b60ee18b5a_build_urn_ure_t6_re_Build_urn_ure_t6_core_Project_black-ops-2_fd2705692f16c05f_pc-server-2013-03-11_4ee9a1fac7aa9195:6733cad1838c0341
0x00A2E900	0x009bbf80	6259d78b747797d04bdd0f52909293a3deae880ddaf295391f080c0991a25508	urn:ure:t6:re_FunctionVariant:urn_ure_t6_re_FunctionFamily_urn_ure_t6_core_Project_black-ops-2_fd2705692f16c05f_re_Function_msvc-public_0bdString_QAE_ABV0_Z_ece974c5909a6b14_build_urn_ure_t6_re_Build_urn_ure_t6_core_Project_black-ops-2_fd2705692f16c05f_pc-server-2013-03-11_4ee9a1fac7aa9195:40ef690dfb23ff30
0x00A2E920	0x009bbfa0	d844e306f859ecd9e779bd848f09158f6ab275484c24cf375e0643bb95606ff4	urn:ure:t6:re_FunctionVariant:urn_ure_t6_re_FunctionFamily_urn_ure_t6_core_Project_black-ops-2_fd2705692f16c05f_re_Function_msvc-public_initialize_bdString_IAEXXZ_af9a6226b91eea81_build_urn_ure_t6_re_Build_urn_ure_t6_core_Project_black-ops-2_fd2705692f16c05f_pc-server-2013-03-11_4ee9a1fac7aa9195:f49d4cd7920fc1f9
0x00A2EA00	0x009bc080	e57796f4a931972e9519481f8b36b65f043e09df0b6ca4f13428dca9cfe36767	urn:ure:t6:re_FunctionVariant:urn_ure_t6_re_FunctionFamily_urn_ure_t6_core_Project_black-ops-2_fd2705692f16c05f_re_Function_msvc-public_removeReference_bdString_IBEXPAVbdStringData_Z_581974d6f79f4b91_build_urn_ure_t6_re_Build_urn_ure_t6_core_Project_black-ops-2_fd2705692f16c05f_pc-server-2013-03-11_4ee9a1fac7aa9195:3bce26847e237f38
0x00A2EA20	0x009bc0a0	14f9902216070847de9570c1d4da552bd8aaea5ae4f6f2c6eb441e15975ddf8f	urn:ure:t6:re_FunctionVariant:urn_ure_t6_re_FunctionFamily_urn_ure_t6_core_Project_black-ops-2_fd2705692f16c05f_re_Function_msvc-public_1bdString_QAE_XZ_78023d5d06521ae8_build_urn_ure_t6_re_Build_urn_ure_t6_core_Project_black-ops-2_fd2705692f16c05f_pc-server-2013-03-11_4ee9a1fac7aa9195:db2639dbf4f21927
0x00A2EA30	0x009bc0b0	a7e6298b221836b96475a8911d2db0b8088ac9265b02852ddba710b2bc23a8a2	urn:ure:t6:re_FunctionVariant:urn_ure_t6_re_FunctionFamily_urn_ure_t6_core_Project_black-ops-2_fd2705692f16c05f_re_Function_msvc-public_4bdString_QAEAAV0_ABV0_Z_06dadc34e4857027_build_urn_ure_t6_re_Build_urn_ure_t6_core_Project_black-ops-2_fd2705692f16c05f_pc-server-2013-03-11_4ee9a1fac7aa9195:dd9d4aa8592f824f
0x00A2F200	0x009bc870	80f89a8106882e78d066a4af0fa5c58b61b763afd53d5a231a34805f47f1bbed	urn:ure:t6:re_FunctionVariant:urn_ure_t6_re_FunctionFamily_urn_ure_t6_core_Project_black-ops-2_fd2705692f16c05f_re_Function_msvc-public_getHash_bdEndpointHashingClass_QBEIABVbdEndpoint_Z_708c0d627dc6f434_build_urn_ure_t6_re_Build_urn_ure_t6_core_Project_black-ops-2_fd2705692f16c05f_pc-server-2013-03-11_4ee9a1fac7aa9195:89a3fdccebf68a0c
0x00A2F5D0	0x00b16a50	c0a0eea546e27b5bdd0f05bb4b6aea03c95bcdb61906b379a19295f3bbf25de4	urn:ure:t6:re_FunctionVariant:urn_ure_t6_re_FunctionFamily_urn_ure_t6_core_Project_black-ops-2_fd2705692f16c05f_re_Function_msvc-public_nextUInt_bdRandom_QAEIXZ_f963b1546e54a729_build_urn_ure_t6_re_Build_urn_ure_t6_core_Project_black-ops-2_fd2705692f16c05f_pc-server-2013-03-11_4ee9a1fac7aa9195:123e5cf8c863fedb
0x00A2F600	0x00b16a80	4cfd4247c13f0ea12eafaec35635f47d7d96e2da247a851ccad35789cf76f3dd	urn:ure:t6:re_FunctionVariant:urn_ure_t6_re_FunctionFamily_urn_ure_t6_core_Project_black-ops-2_fd2705692f16c05f_re_Function_msvc-public_nextUBytes_bdRandom_QAEXQAEH_Z_33e87678e9d76689_build_urn_ure_t6_re_Build_urn_ure_t6_core_Project_black-ops-2_fd2705692f16c05f_pc-server-2013-03-11_4ee9a1fac7aa9195:5580be2a12756c6a
0x00A2F980	0x009bdb20	c979f6eaf0fee01e57ad97bb5e1859f15517e30c80300980833adce41c95f73d	urn:ure:t6:re_FunctionVariant:urn_ure_t6_re_FunctionFamily_urn_ure_t6_core_Project_black-ops-2_fd2705692f16c05f_re_Function_msvc-public_getTypeCheck_bdBitBuffer_QBE_NXZ_e8bd404c659e3741_build_urn_ure_t6_re_Build_urn_ure_t6_core_Project_black-ops-2_fd2705692f16c05f_pc-server-2013-03-11_4ee9a1fac7aa9195:7062958d9c96478f
0x00A2FA90	0x009bdc30	2ffa0ad9c27ca4c3410222dfa62aab40736aeeabf732f053eac2e735086913db	urn:ure:t6:re_FunctionVariant:urn_ure_t6_re_FunctionFamily_urn_ure_t6_core_Project_black-ops-2_fd2705692f16c05f_re_Function_msvc-public_readBits_bdBitBuffer_QAE_NPAXI_Z_634bfb282dd3f6c7_build_urn_ure_t6_re_Build_urn_ure_t6_core_Project_black-ops-2_fd2705692f16c05f_pc-server-2013-03-11_4ee9a1fac7aa9195:015703f61c6b8ce7
0x00A307D0	0x009bee90	c6b609d037bb8600f3f25eb0d8cb517d0b8436402a50a2f93867e4d3f9a9660d	urn:ure:t6:re_FunctionVariant:urn_ure_t6_re_FunctionFamily_urn_ure_t6_core_Project_black-ops-2_fd2705692f16c05f_re_Function_msvc-public_nextPowerOf2_bdBitOperations_SAII_Z_02065e610a3c5f7a_build_urn_ure_t6_re_Build_urn_ure_t6_core_Project_black-ops-2_fd2705692f16c05f_pc-server-2013-03-11_4ee9a1fac7aa9195:c93ee2744eb7d12a
0x00A30810	0x009beed0	5bee8dd5b2200ba345e6b60674f3c3ad7162ec74f1d2e653196e5d740c4bf607	urn:ure:t6:re_FunctionVariant:urn_ure_t6_re_FunctionFamily_urn_ure_t6_core_Project_black-ops-2_fd2705692f16c05f_re_Function_msvc-public_highBitNumber_bdBitOperations_SAII_Z_08d008e95ba93f6a_build_urn_ure_t6_re_Build_urn_ure_t6_core_Project_black-ops-2_fd2705692f16c05f_pc-server-2013-03-11_4ee9a1fac7aa9195:2ee7f4ee6967a929
0x00A310E0	0x009bfa60	87ec379148fb56695fd367bb10cd9e2cabd8a3076026361136bcf430c16e00af	urn:ure:t6:re_FunctionVariant:urn_ure_t6_re_FunctionFamily_urn_ure_t6_core_Project_black-ops-2_fd2705692f16c05f_re_Function_msvc-public_registerEventHandler_bdLobbyService_QAEXPAVbdLobbyEventHandler_Z_2f0c2a27c4a6b6ca_build_urn_ure_t6_re_Build_urn_ure_t6_core_Project_black-ops-2_fd2705692f16c05f_pc-server-2013-03-11_4ee9a1fac7aa9195:80f2f168928a17a3
0x00A35220	0x009c2ee0	b979b786a7d37523b8a485df9e1ae359f6fd13d49d0e963b123a67ebcdad3514	urn:ure:t6:re_FunctionVariant:urn_ure_t6_re_FunctionFamily_urn_ure_t6_core_Project_black-ops-2_fd2705692f16c05f_re_Function_msvc-public_cancelTask_bdRemoteTask_QAEXXZ_4fd7132cc968377a_build_urn_ure_t6_re_Build_urn_ure_t6_core_Project_black-ops-2_fd2705692f16c05f_pc-server-2013-03-11_4ee9a1fac7aa9195:8263453ea2223b38
0x00A35230	0x009c2ef0	5b5f853500f4e654f87678389323854f1dbbf66c1c10d6f63c067ca5a97779c2	urn:ure:t6:re_FunctionVariant:urn_ure_t6_re_FunctionFamily_urn_ure_t6_core_Project_black-ops-2_fd2705692f16c05f_re_Function_msvc-public_getTransactionID_bdRemoteTask_QBE_KXZ_980c041ae7462317_build_urn_ure_t6_re_Build_urn_ure_t6_core_Project_black-ops-2_fd2705692f16c05f_pc-server-2013-03-11_4ee9a1fac7aa9195:9696b8f297a94064
0x00A35240	0x009c2f00	7e6bda0a031f94dbe8477fe3ce3ba2b7e3d761a050d55625bc7d92212670e60c	urn:ure:t6:re_FunctionVariant:urn_ure_t6_re_FunctionFamily_urn_ure_t6_core_Project_black-ops-2_fd2705692f16c05f_re_Function_msvc-public_getErrorCode_bdRemoteTask_QBE_AW4bdLobbyErrorCode_XZ_84a817d758ff43e7_build_urn_ure_t6_re_Build_urn_ure_t6_core_Project_black-ops-2_fd2705692f16c05f_pc-server-2013-03-11_4ee9a1fac7aa9195:6225db0a685e271c
