function_id	requested_va	tier	found_exact	resolved_entry	ghidra_name	prototype	parameter_count	local_count	calling_convention	decompile_completed	decompiler_message	elapsed_ms	c_bytes	instruction_count	reference_count	asm_bytes
urn:ure:t6:occ:function:current-client:0041ccb0	0x0041CCB0	cross-build-exact-hint	true	0041ccb0	xbuild_ctor_XAnimClientNotifyList__0041ccb0	undefined xbuild_ctor_XAnimClientNotifyList__0041ccb0()	0	0	unknown	true		20	130	3	0	242
urn:ure:t6:occ:function:current-client:00421740	0x00421740	cross-build-exact-hint	true	00421740	xbuild_Actor_ClearMoveHistory__00421740	undefined xbuild_Actor_ClearMoveHistory__00421740()	0	0	unknown	true		7	925	23	0	1468
urn:ure:t6:occ:function:current-client:00471440	0x00471440	cross-build-exact-hint	true	00471440	FUN_00471440	undefined FUN_00471440()	0	0	unknown	true		12	766	47	10	1614
urn:ure:t6:occ:function:current-client:0047e340	0x0047E340	cross-build-exact-hint	true	0047e340	FUN_0047e340	undefined FUN_0047e340()	0	0	unknown	true		7	512	32	4	1134
urn:ure:t6:occ:function:current-client:0047ecf0	0x0047ECF0	cross-build-exact-hint	true	0047ecf0	xbuild_ctor_col_context_t__0047ecf0	undefined xbuild_ctor_col_context_t__0047ecf0()	0	0	unknown	true		3	276	14	0	698
urn:ure:t6:occ:function:current-client:004bf150	0x004BF150	cross-build-exact-hint	true	004bf150	FUN_004bf150	undefined FUN_004bf150()	0	0	unknown	true		2	157	5	1	296
urn:ure:t6:occ:function:current-client:004c9190	0x004C9190	cross-build-exact-hint	true	004c9190	FUN_004c9190	undefined FUN_004c9190()	0	0	unknown	true		3	179	13	1	561
urn:ure:t6:occ:function:current-client:004e7280	0x004E7280	cross-build-exact-hint	true	004e7280	FUN_004e7280	undefined FUN_004e7280()	0	0	unknown	true		6	722	30	2	1361
urn:ure:t6:occ:function:current-client:004f5630	0x004F5630	cross-build-exact-hint	true	004f5630	FUN_004f5630	undefined FUN_004f5630()	0	0	unknown	true		3	189	10	2	462
urn:ure:t6:occ:function:current-client:0050b1f0	0x0050B1F0	cross-build-exact-hint	true	0050b1f0	FUN_0050b1f0	undefined FUN_0050b1f0()	0	0	unknown	true		6	572	17	0	968
urn:ure:t6:occ:function:current-client:00565f20	0x00565F20	cross-build-exact-hint	true	00565f20	FUN_00565f20	undefined FUN_00565f20()	0	0	unknown	true		7	728	46	3	1568
urn:ure:t6:occ:function:current-client:0056f580	0x0056F580	cross-build-exact-hint	true	0056f580	xbuild_Actor_ClearPileUp__0056f580	undefined xbuild_Actor_ClearPileUp__0056f580()	0	0	unknown	true		2	161	4	0	288
urn:ure:t6:occ:function:current-client:005731d0	0x005731D0	cross-build-exact-hint	true	005731d0	xbuild_Actor_ClearScriptOrient__005731d0	undefined xbuild_Actor_ClearScriptOrient__005731d0()	0	0	unknown	true		4	513	15	1	867
urn:ure:t6:occ:function:current-client:0057a2d0	0x0057A2D0	cross-build-exact-hint	true	0057a2d0	FUN_0057a2d0	undefined FUN_0057a2d0()	0	0	unknown	true		3	263	10	2	402
urn:ure:t6:occ:function:current-client:0058dc00	0x0058DC00	cross-build-exact-hint	true	0058dc00	xbuild_Actor_TeamMoveBlockedClear__0058dc00	undefined xbuild_Actor_TeamMoveBlockedClear__0058dc00()	0	0	unknown	true		1	130	2	0	216
urn:ure:t6:occ:function:current-client:0059ee50	0x0059EE50	cross-build-exact-hint	true	0059ee50	FUN_0059ee50	undefined FUN_0059ee50()	0	0	unknown	true		1	49	2	0	186
urn:ure:t6:occ:function:current-client:005ca940	0x005CA940	cross-build-exact-hint	true	005ca940	xbuild_Actor_IsMoving__005ca940	undefined xbuild_Actor_IsMoving__005ca940()	0	0	unknown	true		1	109	5	0	286
urn:ure:t6:occ:function:current-client:005ce1f0	0x005CE1F0	cross-build-exact-hint	true	005ce1f0	FUN_005ce1f0	undefined FUN_005ce1f0()	0	0	unknown	true		2	185	13	1	577
urn:ure:t6:occ:function:current-client:005f2550	0x005F2550	cross-build-exact-hint	true	005f2550	xbuild_ctor_StaticFixedSizeAllocator__005f2550	undefined xbuild_ctor_StaticFixedSizeAllocator__005f2550()	0	0	unknown	true		4	643	33	2	1309
urn:ure:t6:occ:function:current-client:00622f10	0x00622F10	cross-build-exact-hint	true	00622f10	FUN_00622f10	undefined FUN_00622f10()	0	0	unknown	true		3	225	10	0	620
urn:ure:t6:occ:function:current-client:00694a70	0x00694A70	cross-build-exact-hint	true	00694a70	FUN_00694a70	undefined FUN_00694a70()	0	0	unknown	true		2	162	7	1	381
urn:ure:t6:occ:function:current-client:006f9e20	0x006F9E20	cross-build-exact-hint	true	006f9e20	FUN_006f9e20	undefined FUN_006f9e20()	0	0	unknown	true		1	52	2	0	187
urn:ure:t6:occ:function:current-client:00713420	0x00713420	cross-build-exact-hint	true	00713420	FUN_00713420	undefined FUN_00713420()	0	0	unknown	true		13	1460	84	14	2694
urn:ure:t6:occ:function:current-client:00a07c20	0x00A07C20	cross-build-exact-hint	true	00a07c20	FUN_00a07c20	undefined FUN_00a07c20()	0	0	unknown	true		2	128	3	0	249
urn:ure:t6:occ:function:current-client:00a07d50	0x00A07D50	cross-build-exact-hint	true	00a07d50	FUN_00a07d50	undefined FUN_00a07d50()	0	0	unknown	true		5	886	25	0	1224
urn:ure:t6:occ:function:current-client:00a1d670	0x00A1D670	cross-build-exact-hint	true	00a1d670	FUN_00a1d670	undefined FUN_00a1d670()	0	0	unknown	true		2	90	9	0	386
urn:ure:t6:occ:function:current-client:00a1d690	0x00A1D690	cross-build-exact-hint	true	00a1d690	FUN_00a1d690	undefined FUN_00a1d690()	0	0	unknown	true		2	90	9	0	386
urn:ure:t6:occ:function:current-client:00a1d6b0	0x00A1D6B0	cross-build-exact-hint	true	00a1d6b0	FUN_00a1d6b0	undefined FUN_00a1d6b0()	0	0	unknown	true		2	92	10	0	424
urn:ure:t6:occ:function:current-client:00a1d6d0	0x00A1D6D0	cross-build-exact-hint	true	00a1d6d0	FUN_00a1d6d0	undefined FUN_00a1d6d0()	0	0	unknown	true		2	92	10	0	424
urn:ure:t6:occ:function:current-client:00a1d770	0x00A1D770	cross-build-exact-hint	true	00a1d770	FUN_00a1d770	undefined FUN_00a1d770()	0	0	unknown	true		2	146	14	0	559
urn:ure:t6:occ:function:current-client:00a1d790	0x00A1D790	cross-build-exact-hint	true	00a1d790	FUN_00a1d790	undefined FUN_00a1d790()	0	0	unknown	true		2	146	14	0	559
urn:ure:t6:occ:function:current-client:00a1dac0	0x00A1DAC0	cross-build-exact-hint	true	00a1dac0	FUN_00a1dac0	undefined FUN_00a1dac0()	0	0	unknown	true		2	247	16	0	739
urn:ure:t6:occ:function:current-client:00a1db10	0x00A1DB10	cross-build-exact-hint	true	00a1db10	FUN_00a1db10	undefined FUN_00a1db10()	0	0	unknown	true		2	159	12	0	552
urn:ure:t6:occ:function:current-client:00a1db30	0x00A1DB30	cross-build-exact-hint	true	00a1db30	FUN_00a1db30	undefined FUN_00a1db30()	0	0	unknown	true		1	161	9	0	432
urn:ure:t6:occ:function:current-client:00a1dcf0	0x00A1DCF0	cross-build-exact-hint	true	00a1dcf0	FUN_00a1dcf0	undefined FUN_00a1dcf0()	0	0	unknown	true		5	716	49	7	1720
urn:ure:t6:occ:function:current-client:00a1de50	0x00A1DE50	cross-build-exact-hint	true	00a1de50	FUN_00a1de50	undefined FUN_00a1de50()	0	0	unknown	true		5	660	48	5	1585
urn:ure:t6:occ:function:current-client:00a1dec0	0x00A1DEC0	cross-build-exact-hint	true	00a1dec0	FUN_00a1dec0	undefined FUN_00a1dec0()	0	0	unknown	true		5	623	47	5	1477
urn:ure:t6:occ:function:current-client:00a1df30	0x00A1DF30	cross-build-exact-hint	true	00a1df30	FUN_00a1df30	undefined FUN_00a1df30()	0	0	unknown	true		3	246	24	2	917
urn:ure:t6:occ:function:current-client:00a1df70	0x00A1DF70	cross-build-exact-hint	true	00a1df70	FUN_00a1df70	undefined FUN_00a1df70()	0	0	unknown	true		3	430	30	2	1062
urn:ure:t6:occ:function:current-client:00a1dfc0	0x00A1DFC0	cross-build-exact-hint	true	00a1dfc0	FUN_00a1dfc0	undefined FUN_00a1dfc0()	0	0	unknown	true		2	184	17	1	656
urn:ure:t6:occ:function:current-client:00a1dff0	0x00A1DFF0	cross-build-exact-hint	true	00a1dff0	FUN_00a1dff0	undefined FUN_00a1dff0()	0	0	unknown	true		1	78	8	0	369
urn:ure:t6:occ:function:current-client:00a1e010	0x00A1E010	cross-build-exact-hint	true	00a1e010	FUN_00a1e010	undefined FUN_00a1e010()	0	0	unknown	true		3	275	26	5	867
urn:ure:t6:occ:function:current-client:00a1e050	0x00A1E050	cross-build-exact-hint	true	00a1e050	FUN_00a1e050	undefined FUN_00a1e050()	0	0	unknown	true		5	534	44	4	1576
urn:ure:t6:occ:function:current-client:00a1e0c0	0x00A1E0C0	cross-build-exact-hint	true	00a1e0c0	FUN_00a1e0c0	undefined FUN_00a1e0c0()	0	0	unknown	true		3	242	21	2	713
urn:ure:t6:occ:function:current-client:00a1e0f0	0x00A1E0F0	cross-build-exact-hint	true	00a1e0f0	FUN_00a1e0f0	undefined FUN_00a1e0f0()	0	0	unknown	true		2	145	14	0	558
urn:ure:t6:occ:function:current-client:00a1e180	0x00A1E180	cross-build-exact-hint	true	00a1e180	FUN_00a1e180	undefined FUN_00a1e180()	0	0	unknown	true		2	152	17	0	609
urn:ure:t6:occ:function:current-client:00a27580	0x00A27580	cross-build-exact-hint	true	00a27580	FUN_00a27580	undefined FUN_00a27580()	0	0	unknown	true		9	1400	87	6	3004
urn:ure:t6:occ:function:current-client:00a27660	0x00A27660	cross-build-exact-hint	true	00a27660	FUN_00a27660	undefined FUN_00a27660()	0	0	unknown	true		2	137	13	1	497
urn:ure:t6:occ:function:current-client:00a29050	0x00A29050	cross-build-exact-hint	true	00a29050	FUN_00a29050	undefined FUN_00a29050()	0	0	unknown	true		8	1097	81	4	2674
urn:ure:t6:occ:function:current-client:00a29110	0x00A29110	cross-build-exact-hint	true	00a29110	FUN_00a29110	undefined FUN_00a29110()	0	0	unknown	true		6	915	55	4	1881
urn:ure:t6:occ:function:current-client:00a291a0	0x00A291A0	cross-build-exact-hint	true	00a291a0	FUN_00a291a0	undefined FUN_00a291a0()	0	0	unknown	true		6	942	59	4	2008
urn:ure:t6:occ:function:current-client:00a29630	0x00A29630	cross-build-exact-hint	true	00a29630	FUN_00a29630	undefined FUN_00a29630()	0	0	unknown	true		5	762	53	4	1647
urn:ure:t6:occ:function:current-client:00a296a0	0x00A296A0	cross-build-exact-hint	true	00a296a0	FUN_00a296a0	undefined FUN_00a296a0()	0	0	unknown	true		5	762	53	4	1647
urn:ure:t6:occ:function:current-client:00a299b0	0x00A299B0	cross-build-exact-hint	true	00a299b0	FUN_00a299b0	undefined FUN_00a299b0()	0	0	unknown	true		24	4533	247	21	8973
urn:ure:t6:occ:function:current-client:00a29c40	0x00A29C40	cross-build-exact-hint	true	00a29c40	FUN_00a29c40	undefined FUN_00a29c40()	0	0	unknown	true		18	3526	212	12	7405
urn:ure:t6:occ:function:current-client:00a29e70	0x00A29E70	cross-build-exact-hint	true	00a29e70	FUN_00a29e70	undefined FUN_00a29e70()	0	0	unknown	true		2	153	12	0	522
urn:ure:t6:occ:function:current-client:00a2ad20	0x00A2AD20	cross-build-exact-hint	true	00a2ad20	FUN_00a2ad20	undefined FUN_00a2ad20()	0	0	unknown	true		8	1370	96	4	3267
urn:ure:t6:occ:function:current-client:00a2b230	0x00A2B230	cross-build-exact-hint	true	00a2b230	FUN_00a2b230	undefined FUN_00a2b230()	0	0	unknown	true		10	1517	96	9	3469
urn:ure:t6:occ:function:current-client:00a2b7a0	0x00A2B7A0	cross-build-exact-hint	true	00a2b7a0	FUN_00a2b7a0	undefined FUN_00a2b7a0()	0	0	unknown	true		7	710	82	11	2327
urn:ure:t6:occ:function:current-client:00a2b860	0x00A2B860	cross-build-exact-hint	true	00a2b860	FUN_00a2b860	undefined FUN_00a2b860()	0	0	unknown	true		3	202	19	2	681
urn:ure:t6:occ:function:current-client:00a2b890	0x00A2B890	cross-build-exact-hint	true	00a2b890	FUN_00a2b890	undefined FUN_00a2b890()	0	0	unknown	true		3	202	19	2	681
urn:ure:t6:occ:function:current-client:00a2b8c0	0x00A2B8C0	cross-build-exact-hint	true	00a2b8c0	FUN_00a2b8c0	undefined FUN_00a2b8c0()	0	0	unknown	true		2	203	19	2	681
urn:ure:t6:occ:function:current-client:00a2b8f0	0x00A2B8F0	cross-build-exact-hint	true	00a2b8f0	FUN_00a2b8f0	undefined FUN_00a2b8f0()	0	0	unknown	true		2	204	19	2	681
urn:ure:t6:occ:function:current-client:00a2b920	0x00A2B920	cross-build-exact-hint	true	00a2b920	FUN_00a2b920	undefined FUN_00a2b920()	0	0	unknown	true		2	202	19	2	681
urn:ure:t6:occ:function:current-client:00a2b950	0x00A2B950	cross-build-exact-hint	true	00a2b950	FUN_00a2b950	undefined FUN_00a2b950()	0	0	unknown	true		2	204	19	2	681
urn:ure:t6:occ:function:current-client:00a2b980	0x00A2B980	cross-build-exact-hint	true	00a2b980	FUN_00a2b980	undefined FUN_00a2b980()	0	0	unknown	true		2	190	15	2	556
urn:ure:t6:occ:function:current-client:00a2b9b0	0x00A2B9B0	cross-build-exact-hint	true	00a2b9b0	FUN_00a2b9b0	undefined FUN_00a2b9b0()	0	0	unknown	true		2	153	16	2	569
urn:ure:t6:occ:function:current-client:00a2cbd0	0x00A2CBD0	cross-build-exact-hint	true	00a2cbd0	FUN_00a2cbd0	undefined FUN_00a2cbd0()	0	0	unknown	true		5	766	51	10	1695
urn:ure:t6:occ:function:current-client:00a2cc50	0x00A2CC50	cross-build-exact-hint	true	00a2cc50	xbuild_ctor_bdSecurityKey__00a2cc50	undefined xbuild_ctor_bdSecurityKey__00a2cc50()	0	0	unknown	true		2	208	7	1	394
urn:ure:t6:occ:function:current-client:00a2cc70	0x00A2CC70	cross-build-exact-hint	true	00a2cc70	xbuild_ctor_bdSecurityKey__00a2cc70	undefined xbuild_ctor_bdSecurityKey__00a2cc70()	0	0	unknown	true		1	214	14	0	653
urn:ure:t6:occ:function:current-client:00a2ccd0	0x00A2CCD0	cross-build-exact-hint	true	00a2ccd0	FUN_00a2ccd0	undefined FUN_00a2ccd0()	0	0	unknown	true		1	109	3	0	247
urn:ure:t6:occ:function:current-client:00a2cd40	0x00A2CD40	cross-build-exact-hint	true	00a2cd40	FUN_00a2cd40	undefined FUN_00a2cd40()	0	0	unknown	true		0	128	3	0	244
urn:ure:t6:occ:function:current-client:00a2d790	0x00A2D790	cross-build-exact-hint	true	00a2d790	xbuild_ctor_bdSecurityID__00a2d790	undefined xbuild_ctor_bdSecurityID__00a2d790()	0	0	unknown	true		1	147	5	1	302
urn:ure:t6:occ:function:current-client:00a2d7a0	0x00A2D7A0	cross-build-exact-hint	true	00a2d7a0	xbuild_ctor_bdSecurityID__00a2d7a0	undefined xbuild_ctor_bdSecurityID__00a2d7a0()	0	0	unknown	true		1	159	10	0	469
urn:ure:t6:occ:function:current-client:00a2d7c0	0x00A2D7C0	cross-build-exact-hint	true	00a2d7c0	xbuild_fn_8bdSecurityID__00a2d7c0	undefined xbuild_fn_8bdSecurityID__00a2d7c0()	0	0	unknown	true		5	852	55	9	1778
urn:ure:t6:occ:function:current-client:00a2d880	0x00A2D880	cross-build-exact-hint	true	00a2d880	FUN_00a2d880	undefined FUN_00a2d880()	0	0	unknown	true		0	97	2	0	199
urn:ure:t6:occ:function:current-client:00a2d8a0	0x00A2D8A0	cross-build-exact-hint	true	00a2d8a0	FUN_00a2d8a0	undefined FUN_00a2d8a0()	0	0	unknown	true		0	70	2	0	190
urn:ure:t6:occ:function:current-client:00a2dbc0	0x00A2DBC0	cross-build-exact-hint	true	00a2dbc0	FUN_00a2dbc0	undefined FUN_00a2dbc0()	0	0	unknown	true		1	106	7	0	361
urn:ure:t6:occ:function:current-client:00a2e360	0x00A2E360	cross-build-exact-hint	true	00a2e360	xbuild_dtor_bdInetAddr__00a2e360	undefined xbuild_dtor_bdInetAddr__00a2e360()	0	0	unknown	true		0	112	2	0	207
urn:ure:t6:occ:function:current-client:00a2e3b0	0x00A2E3B0	cross-build-exact-hint	true	00a2e3b0	FUN_00a2e3b0	undefined FUN_00a2e3b0()	0	0	unknown	true		1	108	6	0	313
urn:ure:t6:occ:function:current-client:00a2e430	0x00A2E430	cross-build-exact-hint	true	00a2e430	FUN_00a2e430	undefined FUN_00a2e430()	0	0	unknown	true		1	110	7	0	351
urn:ure:t6:occ:function:current-client:00a2e5d0	0x00A2E5D0	cross-build-exact-hint	true	00a2e5d0	FUN_00a2e5d0	undefined FUN_00a2e5d0()	0	0	unknown	true		0	94	2	0	200
urn:ure:t6:occ:function:current-client:00a2e8e0	0x00A2E8E0	cross-build-exact-hint	true	00a2e8e0	FUN_00a2e8e0	undefined FUN_00a2e8e0()	0	0	unknown	true		1	75	3	0	220
urn:ure:t6:occ:function:current-client:00a2e8f0	0x00A2E8F0	cross-build-exact-hint	true	00a2e8f0	FUN_00a2e8f0	undefined FUN_00a2e8f0()	0	0	unknown	true		1	76	6	0	309
urn:ure:t6:occ:function:current-client:00a2e900	0x00A2E900	cross-build-exact-hint	true	00a2e900	xbuild_ctor_bdString__00a2e900	undefined xbuild_ctor_bdString__00a2e900()	0	0	unknown	true		1	246	11	2	470
urn:ure:t6:occ:function:current-client:00a2e920	0x00A2E920	cross-build-exact-hint	true	00a2e920	FUN_00a2e920	undefined FUN_00a2e920()	0	0	unknown	true		2	204	7	3	349
urn:ure:t6:occ:function:current-client:00a2ea00	0x00A2EA00	cross-build-exact-hint	true	00a2ea00	FUN_00a2ea00	undefined FUN_00a2ea00()	0	0	unknown	true		1	131	9	2	395
urn:ure:t6:occ:function:current-client:00a2ea20	0x00A2EA20	cross-build-exact-hint	true	00a2ea20	xbuild_dtor_bdString__00a2ea20	undefined xbuild_dtor_bdString__00a2ea20()	0	0	unknown	true		1	131	4	2	247
urn:ure:t6:occ:function:current-client:00a2ea30	0x00A2EA30	cross-build-exact-hint	true	00a2ea30	xbuild_fn_4bdString__00a2ea30	undefined xbuild_fn_4bdString__00a2ea30()	0	0	unknown	true		3	287	23	5	801
urn:ure:t6:occ:function:current-client:00a2f200	0x00A2F200	cross-build-exact-hint	true	00a2f200	FUN_00a2f200	undefined FUN_00a2f200()	0	0	unknown	true		1	59	6	1	311
urn:ure:t6:occ:function:current-client:00a2f5d0	0x00A2F5D0	cross-build-exact-hint	true	00a2f5d0	FUN_00a2f5d0	undefined FUN_00a2f5d0()	0	0	unknown	true		1	231	15	1	584
urn:ure:t6:occ:function:current-client:00a2f600	0x00A2F600	cross-build-exact-hint	true	00a2f600	FUN_00a2f600	undefined FUN_00a2f600()	0	0	unknown	true		2	277	20	3	684
urn:ure:t6:occ:function:current-client:00a2f980	0x00A2F980	cross-build-exact-hint	true	00a2f980	FUN_00a2f980	undefined FUN_00a2f980()	0	0	unknown	true		0	97	2	0	199
urn:ure:t6:occ:function:current-client:00a2fa90	0x00A2FA90	cross-build-exact-hint	true	00a2fa90	FUN_00a2fa90	undefined FUN_00a2fa90()	0	0	unknown	true		9	1258	98	9	3179
urn:ure:t6:occ:function:current-client:00a307d0	0x00A307D0	cross-build-exact-hint	true	00a307d0	FUN_00a307d0	undefined FUN_00a307d0()	0	0	unknown	true		3	315	27	1	841
urn:ure:t6:occ:function:current-client:00a30810	0x00A30810	cross-build-exact-hint	true	00a30810	FUN_00a30810	undefined FUN_00a30810()	0	0	unknown	true		3	438	25	3	825
urn:ure:t6:occ:function:current-client:00a310e0	0x00A310E0	cross-build-exact-hint	true	00a310e0	FUN_00a310e0	undefined FUN_00a310e0()	0	0	unknown	true		1	123	6	0	328
urn:ure:t6:occ:function:current-client:00a35220	0x00A35220	cross-build-exact-hint	true	00a35220	FUN_00a35220	undefined FUN_00a35220()	0	0	unknown	true		0	98	2	0	209
urn:ure:t6:occ:function:current-client:00a35230	0x00A35230	cross-build-exact-hint	true	00a35230	FUN_00a35230	undefined FUN_00a35230()	0	0	unknown	true		1	97	3	0	248
urn:ure:t6:occ:function:current-client:00a35240	0x00A35240	cross-build-exact-hint	true	00a35240	FUN_00a35240	undefined FUN_00a35240()	0	0	unknown	true		0	97	2	0	201
urn:ure:t6:occ:function:current-client:00a36960	0x00A36960	cross-build-exact-hint	true	00a36960	FUN_00a36960	undefined FUN_00a36960()	0	0	unknown	true		1	72	9	0	423
urn:ure:t6:occ:function:current-client:00a3a260	0x00A3A260	cross-build-exact-hint	true	00a3a260	FUN_00a3a260	undefined FUN_00a3a260()	0	0	unknown	true		1	99	2	0	207
urn:ure:t6:occ:function:current-client:00a3a270	0x00A3A270	cross-build-exact-hint	true	00a3a270	FUN_00a3a270	undefined FUN_00a3a270()	0	0	unknown	true		2	190	9	2	421
urn:ure:t6:occ:function:current-client:00a3b390	0x00A3B390	cross-build-exact-hint	true	00a3b390	xbuild_ctor_bdTitleUtilities__00a3b390	undefined xbuild_ctor_bdTitleUtilities__00a3b390()	0	0	unknown	true		1	152	8	0	393
urn:ure:t6:occ:function:current-client:00a3ce70	0x00A3CE70	cross-build-exact-hint	true	00a3ce70	FUN_00a3ce70	undefined FUN_00a3ce70()	0	0	unknown	true		7	742	60	5	2090
urn:ure:t6:occ:function:current-client:00a3df30	0x00A3DF30	cross-build-exact-hint	true	00a3df30	FUN_00a3df30	undefined FUN_00a3df30()	0	0	unknown	true		1	98	2	0	208
urn:ure:t6:occ:function:current-client:00a3df40	0x00A3DF40	cross-build-exact-hint	true	00a3df40	FUN_00a3df40	undefined FUN_00a3df40()	0	0	unknown	true		0	73	2	0	191
urn:ure:t6:occ:function:current-client:00a42bc0	0x00A42BC0	cross-build-exact-hint	true	00a42bc0	FUN_00a42bc0	undefined FUN_00a42bc0()	0	0	unknown	true		9	1504	84	10	3170
urn:ure:t6:occ:function:current-client:00a43020	0x00A43020	cross-build-exact-hint	true	00a43020	FUN_00a43020	undefined FUN_00a43020()	0	0	unknown	true		0	108	3	0	246
urn:ure:t6:occ:function:current-client:00a43190	0x00A43190	cross-build-exact-hint	true	00a43190	FUN_00a43190	undefined FUN_00a43190()	0	0	unknown	true		1	111	9	0	439
urn:ure:t6:occ:function:current-client:00a457c0	0x00A457C0	cross-build-exact-hint	true	00a457c0	FUN_00a457c0	undefined FUN_00a457c0()	0	0	unknown	true		0	97	2	0	207
urn:ure:t6:occ:function:current-client:00a46620	0x00A46620	cross-build-exact-hint	true	00a46620	xbuild_ctor_bdBandwidthTestResults__00a46620	undefined xbuild_ctor_bdBandwidthTestResults__00a46620()	0	0	unknown	true		1	187	8	0	437
urn:ure:t6:occ:function:current-client:00a468d0	0x00A468D0	cross-build-exact-hint	true	00a468d0	FUN_00a468d0	undefined FUN_00a468d0()	0	0	unknown	true		1	175	7	1	348
urn:ure:t6:occ:function:current-client:00a46b50	0x00A46B50	cross-build-exact-hint	true	00a46b50	FUN_00a46b50	undefined FUN_00a46b50()	0	0	unknown	true		0	97	2	0	201
urn:ure:t6:occ:function:current-client:00a46b60	0x00A46B60	cross-build-exact-hint	true	00a46b60	FUN_00a46b60	undefined FUN_00a46b60()	0	0	unknown	true		1	89	4	0	253
urn:ure:t6:occ:function:current-client:00a48780	0x00A48780	cross-build-exact-hint	true	00a48780	FUN_00a48780	undefined FUN_00a48780()	0	0	unknown	true		0	52	2	0	187
urn:ure:t6:occ:function:current-client:00a48e60	0x00A48E60	cross-build-exact-hint	true	00a48e60	FUN_00a48e60	undefined FUN_00a48e60()	0	0	unknown	true		0	98	2	0	202
urn:ure:t6:occ:function:current-client:00a48e70	0x00A48E70	cross-build-exact-hint	true	00a48e70	FUN_00a48e70	undefined FUN_00a48e70()	0	0	unknown	true		0	97	2	0	199
urn:ure:t6:occ:function:current-client:00a49440	0x00A49440	cross-build-exact-hint	true	00a49440	FUN_00a49440	undefined FUN_00a49440()	0	0	unknown	true		2	244	23	3	857
urn:ure:t6:occ:function:current-client:00a49a90	0x00A49A90	cross-build-exact-hint	true	00a49a90	FUN_00a49a90	undefined FUN_00a49a90()	0	0	unknown	true		1	89	4	0	251
urn:ure:t6:occ:function:current-client:00a4adf0	0x00A4ADF0	cross-build-exact-hint	true	00a4adf0	FUN_00a4adf0	undefined FUN_00a4adf0()	0	0	unknown	true		0	97	2	0	207
urn:ure:t6:occ:function:current-client:00a4af60	0x00A4AF60	cross-build-exact-hint	true	00a4af60	FUN_00a4af60	undefined FUN_00a4af60()	0	0	unknown	true		0	97	2	0	207
urn:ure:t6:occ:function:current-client:00a4b700	0x00A4B700	cross-build-exact-hint	true	00a4b700	xbuild_fn_4bdNetStartParams__00a4b700	undefined xbuild_fn_4bdNetStartParams__00a4b700()	0	0	unknown	true		5	1334	54	2	2181
urn:ure:t6:occ:function:current-client:00a4d0c0	0x00A4D0C0	cross-build-exact-hint	true	00a4d0c0	FUN_00a4d0c0	undefined FUN_00a4d0c0()	0	0	unknown	true		2	254	11	3	424
urn:ure:t6:occ:function:current-client:00a4ee50	0x00A4EE50	cross-build-exact-hint	true	00a4ee50	xbuild_ctor_bdInAddr__00a4ee50	undefined xbuild_ctor_bdInAddr__00a4ee50()	0	0	unknown	true		0	110	3	0	233
urn:ure:t6:occ:function:current-client:00a4ee80	0x00A4EE80	cross-build-exact-hint	true	00a4ee80	xbuild_ctor_bdInAddr__00a4ee80	undefined xbuild_ctor_bdInAddr__00a4ee80()	0	0	unknown	true		1	142	11	1	425
urn:ure:t6:occ:function:current-client:00a4f8a0	0x00A4F8A0	cross-build-exact-hint	true	00a4f8a0	FUN_00a4f8a0	undefined FUN_00a4f8a0()	0	0	unknown	true		6	979	73	4	2405
urn:ure:t6:occ:function:current-client:00a50880	0x00A50880	cross-build-exact-hint	true	00a50880	FUN_00a50880	undefined FUN_00a50880()	0	0	unknown	true		0	73	2	0	191
urn:ure:t6:occ:function:current-client:00a508b0	0x00A508B0	cross-build-exact-hint	true	00a508b0	FUN_00a508b0	undefined FUN_00a508b0()	0	0	unknown	true		0	73	2	0	191
urn:ure:t6:occ:function:current-client:00a54120	0x00A54120	cross-build-exact-hint	true	00a54120	FUN_00a54120	undefined FUN_00a54120()	0	0	unknown	true		4	522	43	4	1472
urn:ure:t6:occ:function:current-client:00a54190	0x00A54190	cross-build-exact-hint	true	00a54190	FUN_00a54190	undefined FUN_00a54190()	0	0	unknown	true		4	783	58	4	1854
urn:ure:t6:occ:function:current-client:00a54210	0x00A54210	cross-build-exact-hint	true	00a54210	FUN_00a54210	undefined FUN_00a54210()	0	0	unknown	true		4	787	58	4	1858
urn:ure:t6:occ:function:current-client:00a54290	0x00A54290	cross-build-exact-hint	true	00a54290	FUN_00a54290	undefined FUN_00a54290()	0	0	unknown	true		4	523	43	4	1473
urn:ure:t6:occ:function:current-client:00a56600	0x00A56600	cross-build-exact-hint	true	00a56600	FUN_00a56600	undefined FUN_00a56600()	0	0	unknown	true		1	231	10	3	419
urn:ure:t6:occ:function:current-client:00a57400	0x00A57400	cross-build-exact-hint	true	00a57400	FUN_00a57400	undefined FUN_00a57400()	0	0	unknown	true		4	523	43	4	1473
urn:ure:t6:occ:function:current-client:00a57470	0x00A57470	cross-build-exact-hint	true	00a57470	FUN_00a57470	undefined FUN_00a57470()	0	0	unknown	true		5	787	58	4	1858
urn:ure:t6:occ:function:current-client:00a59740	0x00A59740	cross-build-exact-hint	true	00a59740	FUN_00a59740	undefined FUN_00a59740()	0	0	unknown	true		0	75	2	0	199
urn:ure:t6:occ:function:current-client:00a59da0	0x00A59DA0	cross-build-exact-hint	true	00a59da0	xbuild_fn_4bdDTLSInitAck__00a59da0	undefined xbuild_fn_4bdDTLSInitAck__00a59da0()	0	0	unknown	true		3	1102	36	0	1724
urn:ure:t6:occ:function:current-client:00a5b3a0	0x00A5B3A0	cross-build-exact-hint	true	00a5b3a0	FUN_00a5b3a0	undefined FUN_00a5b3a0()	0	0	unknown	true		1	139	4	0	288
urn:ure:t6:occ:function:current-client:00a5b3b0	0x00A5B3B0	cross-build-exact-hint	true	00a5b3b0	FUN_00a5b3b0	undefined FUN_00a5b3b0()	0	0	unknown	true		0	98	2	0	208
urn:ure:t6:occ:function:current-client:00a5b3d0	0x00A5B3D0	cross-build-exact-hint	true	00a5b3d0	FUN_00a5b3d0	undefined FUN_00a5b3d0()	0	0	unknown	true		2	181	10	2	429
urn:ure:t6:occ:function:current-client:00a5b3f0	0x00A5B3F0	cross-build-exact-hint	true	00a5b3f0	FUN_00a5b3f0	undefined FUN_00a5b3f0()	0	0	unknown	true		4	652	45	8	1361
urn:ure:t6:occ:function:current-client:00a5b8d0	0x00A5B8D0	cross-build-exact-hint	true	00a5b8d0	FUN_00a5b8d0	undefined FUN_00a5b8d0()	0	0	unknown	true		1	173	9	0	453
urn:ure:t6:occ:function:current-client:00a5bbf0	0x00A5BBF0	cross-build-exact-hint	true	00a5bbf0	FUN_00a5bbf0	undefined FUN_00a5bbf0()	0	0	unknown	true		0	97	2	0	201
urn:ure:t6:occ:function:current-client:00a5bc00	0x00A5BC00	cross-build-exact-hint	true	00a5bc00	FUN_00a5bc00	undefined FUN_00a5bc00()	0	0	unknown	true		0	97	2	0	201
urn:ure:t6:occ:function:current-client:00a5bc10	0x00A5BC10	cross-build-exact-hint	true	00a5bc10	FUN_00a5bc10	undefined FUN_00a5bc10()	0	0	unknown	true		0	97	2	0	201
urn:ure:t6:occ:function:current-client:00a5bc20	0x00A5BC20	cross-build-exact-hint	true	00a5bc20	FUN_00a5bc20	undefined FUN_00a5bc20()	0	0	unknown	true		0	73	2	0	191
urn:ure:t6:occ:function:current-client:00a5bc30	0x00A5BC30	cross-build-exact-hint	true	00a5bc30	FUN_00a5bc30	undefined FUN_00a5bc30()	0	0	unknown	true		1	173	9	0	453
urn:ure:t6:occ:function:current-client:00a5c0e0	0x00A5C0E0	cross-build-exact-hint	true	00a5c0e0	FUN_00a5c0e0	undefined FUN_00a5c0e0()	0	0	unknown	true		1	173	9	0	453
urn:ure:t6:occ:function:current-client:00a5c490	0x00A5C490	cross-build-exact-hint	true	00a5c490	FUN_00a5c490	undefined FUN_00a5c490()	0	0	unknown	true		0	73	2	0	191
urn:ure:t6:occ:function:current-client:00a5c4a0	0x00A5C4A0	cross-build-exact-hint	true	00a5c4a0	FUN_00a5c4a0	undefined FUN_00a5c4a0()	0	0	unknown	true		0	73	2	0	191
urn:ure:t6:occ:function:current-client:00a5c7c0	0x00A5C7C0	cross-build-exact-hint	true	00a5c7c0	FUN_00a5c7c0	undefined FUN_00a5c7c0()	0	0	unknown	true		0	96	2	0	200
urn:ure:t6:occ:function:current-client:00a5c7d0	0x00A5C7D0	cross-build-exact-hint	true	00a5c7d0	FUN_00a5c7d0	undefined FUN_00a5c7d0()	0	0	unknown	true		1	172	9	0	452
urn:ure:t6:occ:function:current-client:00a5c9a0	0x00A5C9A0	cross-build-exact-hint	true	00a5c9a0	xbuild_ctor_bdServiceBandwidthArbitrator__00a5c9a0	undefined xbuild_ctor_bdServiceBandwidthArbitrator__00a5c9a0()	0	0	unknown	true		0	157	4	0	273
urn:ure:t6:occ:function:current-client:00a5c9c0	0x00A5C9C0	cross-build-exact-hint	true	00a5c9c0	FUN_00a5c9c0	undefined FUN_00a5c9c0()	0	0	unknown	true		2	320	28	3	909
urn:ure:t6:occ:function:current-client:00a5ca00	0x00A5CA00	cross-build-exact-hint	true	00a5ca00	FUN_00a5ca00	undefined FUN_00a5ca00()	0	0	unknown	true		1	73	4	0	250
urn:ure:t6:occ:function:current-client:00a5ca20	0x00A5CA20	cross-build-exact-hint	true	00a5ca20	xbuild_ctor_bdQoSReplyPacket__00a5ca20	undefined xbuild_ctor_bdQoSReplyPacket__00a5ca20()	0	0	unknown	true		1	360	11	0	573
urn:ure:t6:occ:function:current-client:00a5cab0	0x00A5CAB0	cross-build-exact-hint	true	00a5cab0	FUN_00a5cab0	undefined FUN_00a5cab0()	0	0	unknown	true		0	97	2	0	199
urn:ure:t6:occ:function:current-client:00a5ce60	0x00A5CE60	cross-build-exact-hint	true	00a5ce60	xbuild_ctor_bdQoSRequestPacket__00a5ce60	undefined xbuild_ctor_bdQoSRequestPacket__00a5ce60()	0	0	unknown	true		1	263	8	0	428
urn:ure:t6:occ:function:current-client:00a5ce80	0x00A5CE80	cross-build-exact-hint	true	00a5ce80	FUN_00a5ce80	undefined FUN_00a5ce80()	0	0	unknown	true		0	94	3	0	246
urn:ure:t6:occ:function:current-client:00a5d060	0x00A5D060	cross-build-exact-hint	true	00a5d060	xbuild_ctor_bdIPDiscoveryPacket__00a5d060	undefined xbuild_ctor_bdIPDiscoveryPacket__00a5d060()	0	0	unknown	true		0	151	5	0	298
urn:ure:t6:occ:function:current-client:00a5d260	0x00A5D260	cross-build-exact-hint	true	00a5d260	xbuild_ctor_bdNATTypeDiscoveryPacket__00a5d260	undefined xbuild_ctor_bdNATTypeDiscoveryPacket__00a5d260()	0	0	unknown	true		1	217	10	0	465
urn:ure:t6:occ:function:current-client:00a5d580	0x00A5D580	cross-build-exact-hint	true	00a5d580	FUN_00a5d580	undefined FUN_00a5d580()	0	0	unknown	true		0	73	2	0	191
urn:ure:t6:occ:function:current-client:00a5db60	0x00A5DB60	cross-build-exact-hint	true	00a5db60	FUN_00a5db60	undefined FUN_00a5db60()	0	0	unknown	true		0	94	2	0	200
urn:ure:t6:occ:function:current-client:00a5db70	0x00A5DB70	cross-build-exact-hint	true	00a5db70	FUN_00a5db70	undefined FUN_00a5db70()	0	0	unknown	true		0	94	2	0	200
urn:ure:t6:occ:function:current-client:00a65860	0x00A65860	cross-build-exact-hint	true	00a65860	FUN_00a65860	undefined FUN_00a65860()	0	0	unknown	true		1	136	13	1	511
urn:ure:t6:occ:function:current-client:00a69f70	0x00A69F70	cross-build-exact-hint	true	00a69f70	FUN_00a69f70	undefined FUN_00a69f70()	0	0	unknown	true		2	144	21	2	686
urn:ure:t6:occ:function:current-client:00a6a6a0	0x00A6A6A0	cross-build-exact-hint	true	00a6a6a0	FUN_00a6a6a0	undefined FUN_00a6a6a0()	0	0	unknown	true		12	159	12	2	455
urn:ure:t6:occ:function:current-client:00a6ccc0	0x00A6CCC0	cross-build-exact-hint	true	00a6ccc0	FUN_00a6ccc0	undefined FUN_00a6ccc0()	0	0	unknown	true		3	287	31	4	1003
urn:ure:t6:occ:function:current-client:00a6cd00	0x00A6CD00	cross-build-exact-hint	true	00a6cd00	FUN_00a6cd00	undefined FUN_00a6cd00()	0	0	unknown	true		5	762	47	8	1589
urn:ure:t6:occ:function:current-client:00a6cd70	0x00A6CD70	cross-build-exact-hint	true	00a6cd70	FUN_00a6cd70	undefined FUN_00a6cd70()	0	0	unknown	true		4	423	36	5	1119
urn:ure:t6:occ:function:current-client:00a6cdc0	0x00A6CDC0	cross-build-exact-hint	true	00a6cdc0	FUN_00a6cdc0	undefined FUN_00a6cdc0()	0	0	unknown	true		2	467	24	4	857
urn:ure:t6:occ:function:current-client:00a6ce00	0x00A6CE00	cross-build-exact-hint	true	00a6ce00	FUN_00a6ce00	undefined FUN_00a6ce00()	0	0	unknown	true		3	324	27	4	902
urn:ure:t6:occ:function:current-client:00a6ce40	0x00A6CE40	cross-build-exact-hint	true	00a6ce40	FUN_00a6ce40	undefined FUN_00a6ce40()	0	0	unknown	true		2	222	21	3	761
urn:ure:t6:occ:function:current-client:00a6cf20	0x00A6CF20	cross-build-exact-hint	true	00a6cf20	FUN_00a6cf20	undefined FUN_00a6cf20()	0	0	unknown	true		4	345	41	3	1319
urn:ure:t6:occ:function:current-client:00a6d150	0x00A6D150	cross-build-exact-hint	true	00a6d150	FUN_00a6d150	undefined FUN_00a6d150()	0	0	unknown	true		2	179	16	1	559
urn:ure:t6:occ:function:current-client:00a6d180	0x00A6D180	cross-build-exact-hint	true	00a6d180	FUN_00a6d180	undefined FUN_00a6d180()	0	0	unknown	true		5	569	60	9	1818
urn:ure:t6:occ:function:current-client:00a6d200	0x00A6D200	cross-build-exact-hint	true	00a6d200	FUN_00a6d200	undefined FUN_00a6d200()	0	0	unknown	true		5	533	45	9	1414
urn:ure:t6:occ:function:current-client:00a6d270	0x00A6D270	cross-build-exact-hint	true	00a6d270	FUN_00a6d270	undefined FUN_00a6d270()	0	0	unknown	true		4	528	53	6	1623
urn:ure:t6:occ:function:current-client:00a6d2e0	0x00A6D2E0	cross-build-exact-hint	true	00a6d2e0	FUN_00a6d2e0	undefined FUN_00a6d2e0()	0	0	unknown	true		9	1540	106	15	3489
urn:ure:t6:occ:function:current-client:00a6d3f0	0x00A6D3F0	cross-build-exact-hint	true	00a6d3f0	FUN_00a6d3f0	undefined FUN_00a6d3f0()	0	0	unknown	true		4	512	53	6	1580
urn:ure:t6:occ:function:current-client:00a6d460	0x00A6D460	cross-build-exact-hint	true	00a6d460	FUN_00a6d460	undefined FUN_00a6d460()	0	0	unknown	true		9	1447	101	15	3316
urn:ure:t6:occ:function:current-client:00a6dc50	0x00A6DC50	cross-build-exact-hint	true	00a6dc50	FUN_00a6dc50	undefined FUN_00a6dc50()	0	0	unknown	true		6	963	64	7	2176
urn:ure:t6:occ:function:current-client:00a6dce0	0x00A6DCE0	cross-build-exact-hint	true	00a6dce0	FUN_00a6dce0	undefined FUN_00a6dce0()	0	0	unknown	true		1	136	13	1	511
urn:ure:t6:occ:function:current-client:00a6dd00	0x00A6DD00	cross-build-exact-hint	true	00a6dd00	FUN_00a6dd00	undefined FUN_00a6dd00()	0	0	unknown	true		16	1897	187	36	5561
urn:ure:t6:occ:function:current-client:00a6ded0	0x00A6DED0	cross-build-exact-hint	true	00a6ded0	FUN_00a6ded0	undefined FUN_00a6ded0()	0	0	unknown	true		7	749	83	13	2511
urn:ure:t6:occ:function:current-client:00a6df90	0x00A6DF90	cross-build-exact-hint	true	00a6df90	FUN_00a6df90	undefined FUN_00a6df90()	0	0	unknown	true		4	441	46	7	1434
urn:ure:t6:occ:function:current-client:00a6e000	0x00A6E000	cross-build-exact-hint	true	00a6e000	FUN_00a6e000	undefined FUN_00a6e000()	0	0	unknown	true		4	414	44	7	1366
urn:ure:t6:occ:function:current-client:00a6e070	0x00A6E070	cross-build-exact-hint	true	00a6e070	FUN_00a6e070	undefined FUN_00a6e070()	0	0	unknown	true		3	377	33	6	1130
urn:ure:t6:occ:function:current-client:00a6e0c0	0x00A6E0C0	cross-build-exact-hint	true	00a6e0c0	FUN_00a6e0c0	undefined FUN_00a6e0c0()	0	0	unknown	true		3	365	37	1	1224
urn:ure:t6:occ:function:current-client:00a6e120	0x00A6E120	cross-build-exact-hint	true	00a6e120	FUN_00a6e120	undefined FUN_00a6e120()	0	0	unknown	true		7	697	68	13	1956
urn:ure:t6:occ:function:current-client:00a6e300	0x00A6E300	cross-build-exact-hint	true	00a6e300	FUN_00a6e300	undefined FUN_00a6e300()	0	0	unknown	true		14	1401	173	26	4836
urn:ure:t6:occ:function:current-client:00a6e5d0	0x00A6E5D0	cross-build-exact-hint	true	00a6e5d0	FUN_00a6e5d0	undefined FUN_00a6e5d0()	0	0	unknown	true		2	325	19	4	772
urn:ure:t6:occ:function:current-client:00a6e700	0x00A6E700	cross-build-exact-hint	true	00a6e700	FUN_00a6e700	undefined FUN_00a6e700()	0	0	unknown	true		2	332	17	2	712
urn:ure:t6:occ:function:current-client:00a6e740	0x00A6E740	cross-build-exact-hint	true	00a6e740	FUN_00a6e740	undefined FUN_00a6e740()	0	0	unknown	true		4	710	57	6	1686
urn:ure:t6:occ:function:current-client:00a6e7b0	0x00A6E7B0	cross-build-exact-hint	true	00a6e7b0	FUN_00a6e7b0	undefined FUN_00a6e7b0()	0	0	unknown	true		2	430	22	2	783
urn:ure:t6:occ:function:current-client:00a6e9a0	0x00A6E9A0	cross-build-exact-hint	true	00a6e9a0	FUN_00a6e9a0	undefined FUN_00a6e9a0()	0	0	unknown	true		2	182	17	3	601
urn:ure:t6:occ:function:current-client:00a6e9d0	0x00A6E9D0	cross-build-exact-hint	true	00a6e9d0	FUN_00a6e9d0	undefined FUN_00a6e9d0()	0	0	unknown	true		14	1366	153	23	4582
urn:ure:t6:occ:function:current-client:00a6eb40	0x00A6EB40	cross-build-exact-hint	true	00a6eb40	FUN_00a6eb40	undefined FUN_00a6eb40()	0	0	unknown	true		9	1477	78	9	2699
urn:ure:t6:occ:function:current-client:00a6ec00	0x00A6EC00	cross-build-exact-hint	true	00a6ec00	FUN_00a6ec00	undefined FUN_00a6ec00()	0	0	unknown	true		8	1634	95	12	3299
urn:ure:t6:occ:function:current-client:00a6efb0	0x00A6EFB0	cross-build-exact-hint	true	00a6efb0	FUN_00a6efb0	undefined FUN_00a6efb0()	0	0	unknown	true		24	4266	270	52	8649
urn:ure:t6:occ:function:current-client:00a6f280	0x00A6F280	cross-build-exact-hint	true	00a6f280	FUN_00a6f280	undefined FUN_00a6f280()	0	0	unknown	true		64	16527	707	125	21263
urn:ure:t6:occ:function:current-client:00a6fd70	0x00A6FD70	cross-build-exact-hint	true	00a6fd70	FUN_00a6fd70	undefined FUN_00a6fd70()	0	0	unknown	true		23	2960	218	43	6789
urn:ure:t6:occ:function:current-client:00a6ffb0	0x00A6FFB0	cross-build-exact-hint	true	00a6ffb0	FUN_00a6ffb0	undefined FUN_00a6ffb0()	0	0	unknown	true		40	11587	530	95	15686
urn:ure:t6:occ:function:current-client:00a70540	0x00A70540	cross-build-exact-hint	true	00a70540	FUN_00a70540	undefined FUN_00a70540()	0	0	unknown	true		3	435	32	0	1289
urn:ure:t6:occ:function:current-client:00a70590	0x00A70590	cross-build-exact-hint	true	00a70590	FUN_00a70590	undefined FUN_00a70590()	0	0	unknown	true		4	759	48	7	1512
urn:ure:t6:occ:function:current-client:00a70600	0x00A70600	cross-build-exact-hint	true	00a70600	FUN_00a70600	undefined FUN_00a70600()	0	0	unknown	true		5	948	54	7	1684
urn:ure:t6:occ:function:current-client:00a706f0	0x00A706F0	cross-build-exact-hint	true	00a706f0	FUN_00a706f0	undefined FUN_00a706f0()	0	0	unknown	true		2	220	18	3	650
urn:ure:t6:occ:function:current-client:00a70720	0x00A70720	cross-build-exact-hint	true	00a70720	FUN_00a70720	undefined FUN_00a70720()	0	0	unknown	true		2	235	18	3	640
urn:ure:t6:occ:function:current-client:00a70750	0x00A70750	cross-build-exact-hint	true	00a70750	FUN_00a70750	undefined FUN_00a70750()	0	0	unknown	true		4	680	50	7	1444
urn:ure:t6:occ:function:current-client:00a707c0	0x00A707C0	cross-build-exact-hint	true	00a707c0	FUN_00a707c0	undefined FUN_00a707c0()	0	0	unknown	true		5	552	61	9	1874
urn:ure:t6:occ:function:current-client:00a70850	0x00A70850	cross-build-exact-hint	true	00a70850	FUN_00a70850	undefined FUN_00a70850()	0	0	unknown	true		36	4706	381	83	11707
urn:ure:t6:occ:function:current-client:00a70ef0	0x00A70EF0	cross-build-exact-hint	true	00a70ef0	FUN_00a70ef0	undefined FUN_00a70ef0()	0	0	unknown	true		7	1020	69	7	2408
urn:ure:t6:occ:function:current-client:00a70f90	0x00A70F90	cross-build-exact-hint	true	00a70f90	FUN_00a70f90	undefined FUN_00a70f90()	0	0	unknown	true		2	179	19	1	734
urn:ure:t6:occ:function:current-client:00a718c0	0x00A718C0	cross-build-exact-hint	true	00a718c0	FUN_00a718c0	undefined FUN_00a718c0()	0	0	unknown	true		4	634	48	8	1420
urn:ure:t6:occ:function:current-client:00a71930	0x00A71930	cross-build-exact-hint	true	00a71930	FUN_00a71930	undefined FUN_00a71930()	0	0	unknown	true		2	376	23	4	800
urn:ure:t6:occ:function:current-client:00a71fa0	0x00A71FA0	cross-build-exact-hint	true	00a71fa0	FUN_00a71fa0	undefined FUN_00a71fa0()	0	0	unknown	true		3	555	36	6	1088
urn:ure:t6:occ:function:current-client:00a71ff0	0x00A71FF0	cross-build-exact-hint	true	00a71ff0	FUN_00a71ff0	undefined FUN_00a71ff0()	0	0	unknown	true		13	1600	157	32	4716
urn:ure:t6:occ:function:current-client:00a723d0	0x00A723D0	cross-build-exact-hint	true	00a723d0	FUN_00a723d0	undefined FUN_00a723d0()	0	0	unknown	true		7	758	81	16	2400
urn:ure:t6:occ:function:current-client:00a72490	0x00A72490	cross-build-exact-hint	true	00a72490	FUN_00a72490	undefined FUN_00a72490()	0	0	unknown	true		5	518	56	9	1707
urn:ure:t6:occ:function:current-client:00a725f0	0x00A725F0	cross-build-exact-hint	true	00a725f0	FUN_00a725f0	undefined FUN_00a725f0()	0	0	unknown	true		1	114	10	0	474
urn:ure:t6:occ:function:current-client:00a72610	0x00A72610	cross-build-exact-hint	true	00a72610	FUN_00a72610	undefined FUN_00a72610()	0	0	unknown	true		12	732	79	15	2344
urn:ure:t6:occ:function:current-client:00a726d0	0x00A726D0	cross-build-exact-hint	true	00a726d0	FUN_00a726d0	undefined FUN_00a726d0()	0	0	unknown	true		4	398	40	7	1252
urn:ure:t6:occ:function:current-client:00a72730	0x00A72730	cross-build-exact-hint	true	00a72730	FUN_00a72730	undefined FUN_00a72730()	0	0	unknown	true		13	1337	142	29	4187
urn:ure:t6:occ:function:current-client:00a72890	0x00A72890	cross-build-exact-hint	true	00a72890	FUN_00a72890	undefined FUN_00a72890()	0	0	unknown	true		2	202	28	3	896
urn:ure:t6:occ:function:current-client:00a7301a	0x00A7301A	cross-build-exact-hint	true	00a7301a	FUN_00a7301a	undefined FUN_00a7301a()	0	0	unknown	true		7	68	5	1	266
urn:ure:t6:occ:function:current-client:00a73040	0x00A73040	cross-build-exact-hint	true	00a73040	__alloca_probe	undefined __alloca_probe()	0	0	unknown	true		2	461	19	2	684
urn:ure:t6:occ:function:current-client:00a737a9	0x00A737A9	cross-build-exact-hint	true	00a737a9	__dosmaperr	void __cdecl __dosmaperr(ulong param_1)	1	0	__cdecl	true		2	364	16	3	585
urn:ure:t6:occ:function:current-client:00a7387b	0x00A7387B	cross-build-exact-hint	true	00a7387b	std::exception::operator=	exception * __thiscall operator=(exception * param_1)	2	0	__thiscall	true		4	514	23	5	826
urn:ure:t6:occ:function:current-client:00a73e20	0x00A73E20	cross-build-exact-hint	true	00a73e20	_strncmp	int __cdecl _strncmp(char * _Str1, char * _Str2, size_t _MaxCount)	3	0	__cdecl	true		7	1583	80	23	2804
urn:ure:t6:occ:function:current-client:00a73fa0	0x00A73FA0	cross-build-exact-hint	true	00a73fa0	_strncat	char * __cdecl _strncat(char * _Dest, char * _Source, size_t _Count)	3	0	__cdecl	true		12	2635	123	28	3825
urn:ure:t6:occ:function:current-client:00a74110	0x00A74110	cross-build-exact-hint	true	00a74110	_strncpy	char * __cdecl _strncpy(char * _Dest, char * _Source, size_t _Count)	3	0	__cdecl	true		15	2668	109	28	3431
urn:ure:t6:occ:function:current-client:00a749c5	0x00A749C5	cross-build-exact-hint	true	00a749c5	_atof	double __cdecl _atof(char * _String)	1	0	__cdecl	true		3	214	10	1	389
urn:ure:t6:occ:function:current-client:00a74f26	0x00A74F26	cross-build-exact-hint	true	00a74f26	FUN_00a74f26	undefined FUN_00a74f26()	0	0	unknown	true		3	691	37	5	1429
urn:ure:t6:occ:function:current-client:00a75060	0x00A75060	cross-build-exact-hint	true	00a75060	__alldiv	undefined __alldiv()	0	0	unknown	true		7	1692	70	10	2299
urn:ure:t6:occ:function:current-client:00a75120	0x00A75120	cross-build-exact-hint	true	00a75120	FUN_00a75120	undefined FUN_00a75120()	0	0	unknown	true		8	1587	86	18	2486
urn:ure:t6:occ:function:current-client:00a753ad	0x00A753AD	cross-build-exact-hint	true	00a753ad	_atexit	int __cdecl _atexit(_func_4879 * param_1)	1	0	__cdecl	true		2	277	12	1	436
urn:ure:t6:occ:function:current-client:00a75640	0x00A75640	cross-build-exact-hint	true	00a75640	__aullshr	undefined __aullshr()	0	0	unknown	true		2	435	15	2	514
urn:ure:t6:occ:function:current-client:00a77800	0x00A77800	cross-build-exact-hint	true	00a77800	__allshl	undefined __allshl()	0	0	unknown	true		2	424	15	2	514
urn:ure:t6:occ:function:current-client:00a77ab0	0x00A77AB0	cross-build-exact-hint	true	00a77ab0	_strrchr	char * __cdecl _strrchr(char * _Str, int _Ch)	2	0	__cdecl	true		3	714	23	2	759
urn:ure:t6:occ:function:current-client:00a77b10	0x00A77B10	cross-build-exact-hint	true	00a77b10	__setjmp3	undefined __setjmp3()	0	0	unknown	true		4	1219	42	7	1683
urn:ure:t6:occ:function:current-client:00a78376	0x00A78376	cross-build-exact-hint	true	00a78376	__mktime64	__time64_t __cdecl __mktime64(tm * _Tm)	1	0	__cdecl	true		1	209	9	1	372
urn:ure:t6:occ:function:current-client:00a78b6b	0x00A78B6B	cross-build-exact-hint	true	00a78b6b	_fread	size_t __cdecl _fread(void * _DstBuf, size_t _ElementSize, size_t _Count, FILE * _File)	4	0	__cdecl	true		2	284	12	1	510
urn:ure:t6:occ:function:current-client:00a796a7	0x00A796A7	cross-build-exact-hint	true	00a796a7	_fopen	FILE * __cdecl _fopen(char * _Filename, char * _Mode)	2	0	__cdecl	true		2	230	10	1	421
urn:ure:t6:occ:function:current-client:00a79af0	0x00A79AF0	cross-build-exact-hint	true	00a79af0	__aulldiv	undefined __aulldiv()	0	0	unknown	true		4	1259	43	7	1473
urn:ure:t6:occ:function:current-client:00a79c67	0x00A79C67	cross-build-exact-hint	true	00a79c67	__ui64toa	char * __cdecl __ui64toa(ulonglong _Val, char * _DstBuf, int _Radix)	3	0	__cdecl	true		1	271	12	1	530
urn:ure:t6:occ:function:current-client:00a7a1d0	0x00A7A1D0	cross-build-exact-hint	true	00a7a1d0	__allmul	undefined __allmul()	0	0	unknown	true		2	464	19	1	761
urn:ure:t6:occ:function:current-client:00a7a210	0x00A7A210	cross-build-exact-hint	true	00a7a210	_memchr	void * __cdecl _memchr(void * _Buf, int _Val, size_t _MaxCount)	3	0	__cdecl	true		8	1564	76	17	2261
urn:ure:t6:occ:function:current-client:00a7a2c0	0x00A7A2C0	cross-build-exact-hint	true	00a7a2c0	_strcspn	size_t __cdecl _strcspn(char * _Str, char * _Control)	2	0	__cdecl	true		4	1370	35	4	1074
urn:ure:t6:occ:function:current-client:00a7a310	0x00A7A310	cross-build-exact-hint	true	00a7a310	_strspn	size_t __cdecl _strspn(char * _Str, char * _Control)	2	0	__cdecl	true		4	1355	35	4	1073
urn:ure:t6:occ:function:current-client:00a7a7ae	0x00A7A7AE	cross-build-exact-hint	true	00a7a7ae	___ascii_stricmp	int __cdecl ___ascii_stricmp(char * _Str1, char * _Str2)	2	0	__cdecl	true		2	512	28	4	926
urn:ure:t6:occ:function:current-client:00a7b480	0x00A7B480	cross-build-exact-hint	true	00a7b480	__allshr	undefined __allshr()	0	0	unknown	true		2	483	15	2	520
urn:ure:t6:occ:function:current-client:00a7b569	0x00A7B569	cross-build-exact-hint	true	00a7b569	__initterm_e	undefined __initterm_e()	0	0	unknown	true		2	369	19	4	663
urn:ure:t6:occ:function:current-client:00a7b764	0x00A7B764	cross-build-exact-hint	true	00a7b764	_exit	void __cdecl _exit(int _Code)	1	0	__cdecl	true		1	160	10	1	400
urn:ure:t6:occ:function:current-client:00a7b77a	0x00A7B77A	cross-build-exact-hint	true	00a7b77a	__exit	undefined __exit()	0	0	unknown	true		1	165	10	1	400
urn:ure:t6:occ:function:current-client:00a7b790	0x00A7B790	cross-build-exact-hint	true	00a7b790	__cexit	void __cdecl __cexit(void)	0	0	__cdecl	true		1	155	6	1	287
urn:ure:t6:occ:function:current-client:00a7ba33	0x00A7BA33	cross-build-exact-hint	true	00a7ba33	_wcstombs	size_t __cdecl _wcstombs(char * _Dest, wchar_t * _Source, size_t _MaxCount)	3	0	__cdecl	true		1	268	11	1	465
urn:ure:t6:occ:function:current-client:00a7bc45	0x00A7BC45	cross-build-exact-hint	true	00a7bc45	__splitpath	void __cdecl __splitpath(char * _FullPath, char * _Drive, char * _Dir, char * _Filename, char * _Ext)	5	0	__cdecl	true		3	479	33	1	1133
urn:ure:t6:occ:function:current-client:00a7d73e	0x00A7D73E	cross-build-exact-hint	true	00a7d73e	__aligned_malloc	void * __cdecl __aligned_malloc(size_t _Size, size_t _Alignment)	2	0	__cdecl	true		2	266	10	1	420
urn:ure:t6:occ:function:current-client:00a7d8e1	0x00A7D8E1	cross-build-exact-hint	true	00a7d8e1	__aligned_realloc	void * __cdecl __aligned_realloc(void * _Memory, size_t _NewSize, size_t _Alignment)	3	0	__cdecl	true		1	297	11	1	465
urn:ure:t6:occ:function:current-client:00a801e4	0x00A801E4	cross-build-exact-hint	true	00a801e4	_vsprintf	int __cdecl _vsprintf(char * _Dest, char * _Format, va_list _Args)	3	0	__cdecl	true		2	258	11	1	465
urn:ure:t6:occ:function:current-client:00a8154f	0x00A8154F	cross-build-exact-hint	true	00a8154f	FUN_00a8154f	undefined FUN_00a8154f()	0	0	unknown	true		1	68	9	1	350
urn:ure:t6:occ:function:current-client:00a81be0	0x00A81BE0	cross-build-exact-hint	true	00a81be0	_strlen	size_t __cdecl _strlen(char * _Str)	1	0	__cdecl	true		4	925	46	9	1622
urn:ure:t6:occ:function:current-client:00a82b2f	0x00A82B2F	cross-build-exact-hint	true	00a82b2f	__positive	int __cdecl __positive(double * arg)	1	0	__cdecl	true		2	289	16	1	538
urn:ure:t6:occ:function:current-client:00a82b8d	0x00A82B8D	cross-build-exact-hint	true	00a82b8d	__fassign	void __cdecl __fassign(int flag, char * argument, char * number)	3	0	__cdecl	true		3	256	11	1	465
urn:ure:t6:occ:function:current-client:00a82bc6	0x00A82BC6	cross-build-exact-hint	true	00a82bc6	__forcdecpt	void __cdecl __forcdecpt(char * _Buf)	1	0	__cdecl	true		2	190	10	1	389
urn:ure:t6:occ:function:current-client:00a82bd9	0x00A82BD9	cross-build-exact-hint	true	00a82bd9	__cropzeros	void __cdecl __cropzeros(char * _Buf)	1	0	__cdecl	true		2	220	10	1	389
urn:ure:t6:occ:function:current-client:00a82e14	0x00A82E14	cross-build-exact-hint	true	00a82e14	__cftoe	errno_t __cdecl __cftoe(double * _Value, char * _Buf, size_t _SizeInBytes, int _Dec, int _Caps)	5	0	__cdecl	true		2	287	13	1	553
urn:ure:t6:occ:function:current-client:00a8345b	0x00A8345B	cross-build-exact-hint	true	00a8345b	__cfltcvt_l	errno_t __cdecl __cfltcvt_l(double * arg, char * buffer, size_t sizeInBytes, int format, int precision, int caps, _locale_t plocinfo)	7	0	__cdecl	true		5	750	49	11	1880
urn:ure:t6:occ:function:current-client:00a834e3	0x00A834E3	cross-build-exact-hint	true	00a834e3	__cfltcvt	errno_t __cdecl __cfltcvt(double * arg, char * buffer, size_t sizeInBytes, int format, int precision, int caps)	6	0	__cdecl	true		3	417	14	1	597
urn:ure:t6:occ:function:current-client:00a8468d	0x00A8468D	cross-build-exact-hint	true	00a8468d	_isleadbyte	int __cdecl _isleadbyte(int _C)	1	0	__cdecl	true		2	214	10	1	389
urn:ure:t6:occ:function:current-client:00a87270	0x00A87270	cross-build-exact-hint	true	00a87270	FUN_00a87270	undefined FUN_00a87270()	0	0	unknown	true		3	562	9	1	481
urn:ure:t6:occ:function:current-client:00a872d0	0x00A872D0	cross-build-exact-hint	true	00a872d0	FUN_00a872d0	undefined FUN_00a872d0()	0	0	unknown	true		1	211	11	0	367
urn:ure:t6:occ:function:current-client:00a872e5	0x00A872E5	cross-build-exact-hint	true	00a872e5	FUN_00a872e5	undefined FUN_00a872e5()	0	0	unknown	true		1	41	6	0	359
urn:ure:t6:occ:function:current-client:00a87315	0x00A87315	cross-build-exact-hint	true	00a87315	__fload_withFB	undefined __fload_withFB()	0	0	unknown	true		2	306	21	1	905
urn:ure:t6:occ:function:current-client:00a87358	0x00A87358	cross-build-exact-hint	true	00a87358	FUN_00a87358	undefined FUN_00a87358()	0	0	unknown	true		1	159	7	1	372
urn:ure:t6:occ:function:current-client:00a8736e	0x00A8736E	cross-build-exact-hint	true	00a8736e	FUN_00a8736e	undefined FUN_00a8736e()	0	0	unknown	true		0	41	5	1	286
urn:ure:t6:occ:function:current-client:00a8737b	0x00A8737B	cross-build-exact-hint	true	00a8737b	__math_exit	undefined __math_exit()	0	0	unknown	true		2	339	15	4	555
urn:ure:t6:occ:function:current-client:00a87575	0x00A87575	cross-build-exact-hint	true	00a87575	__SEH_epilog4	undefined __SEH_epilog4()	0	0	unknown	true		1	325	11	0	420
urn:ure:t6:occ:function:current-client:00a895da	0x00A895DA	cross-build-exact-hint	true	00a895da	__mbsnbicoll	int __cdecl __mbsnbicoll(uchar * _Str1, uchar * _Str2, size_t _MaxCount)	3	0	__cdecl	true		3	271	11	1	465
urn:ure:t6:occ:function:current-client:00a89838	0x00A89838	cross-build-exact-hint	true	00a89838	_strnlen	size_t __cdecl _strnlen(char * _Str, size_t _MaxCount)	2	0	__cdecl	true		2	376	15	3	575
urn:ure:t6:occ:function:current-client:00a89b8a	0x00A89B8A	cross-build-exact-hint	true	00a89b8a	_wcslen	size_t __cdecl _wcslen(wchar_t * _Str)	1	0	__cdecl	true		1	410	13	1	507
urn:ure:t6:occ:function:current-client:00a89f49	0x00A89F49	cross-build-exact-hint	true	00a89f49	__mbschr	uchar * __cdecl __mbschr(uchar * _Str, uint _Ch)	2	0	__cdecl	true		2	234	10	1	420
urn:ure:t6:occ:function:current-client:00a8a094	0x00A8A094	cross-build-exact-hint	true	00a8a094	FUN_00a8a094	undefined FUN_00a8a094()	0	0	unknown	true		0	75	2	0	177
urn:ure:t6:occ:function:current-client:00a8a8e0	0x00A8A8E0	cross-build-exact-hint	true	00a8a8e0	__allrem	undefined __allrem()	0	0	unknown	true		7	1934	69	11	2378
urn:ure:t6:occ:function:current-client:00a8aaa7	0x00A8AAA7	cross-build-exact-hint	true	00a8aaa7	__set_exp	undefined __set_exp()	0	0	unknown	true		2	314	17	0	686
urn:ure:t6:occ:function:current-client:00a8aad4	0x00A8AAD4	cross-build-exact-hint	true	00a8aad4	__sptype	undefined __sptype()	0	0	unknown	true		3	553	42	10	1375
urn:ure:t6:occ:function:current-client:00a8ab3a	0x00A8AB3A	cross-build-exact-hint	true	00a8ab3a	FUN_00a8ab3a	undefined FUN_00a8ab3a()	0	0	unknown	true		8	1476	71	14	2403
urn:ure:t6:occ:function:current-client:00a8aed9	0x00A8AED9	cross-build-exact-hint	true	00a8aed9	__raise_exc	undefined __raise_exc()	0	0	unknown	true		2	363	14	1	597
urn:ure:t6:occ:function:current-client:00a8b10d	0x00A8B10D	cross-build-exact-hint	true	00a8b10d	__errcode	undefined __errcode()	0	0	unknown	true		2	466	29	6	856
urn:ure:t6:occ:function:current-client:00a8b43b	0x00A8B43B	cross-build-exact-hint	true	00a8b43b	__statfp	undefined __statfp()	0	0	unknown	true		1	212	8	0	362
urn:ure:t6:occ:function:current-client:00a8b44b	0x00A8B44B	cross-build-exact-hint	true	00a8b44b	__clrfp	undefined __clrfp()	0	0	unknown	true		1	210	9	0	382
urn:ure:t6:occ:function:current-client:00a8b45c	0x00A8B45C	cross-build-exact-hint	true	00a8b45c	__ctrlfp	undefined __ctrlfp()	0	0	unknown	true		1	184	17	0	712
urn:ure:t6:occ:function:current-client:00a8cbf8	0x00A8CBF8	cross-build-exact-hint	true	00a8cbf8	___AdjustPointer	undefined ___AdjustPointer()	0	0	unknown	true		2	366	19	1	764
urn:ure:t6:occ:function:current-client:00a8dc06	0x00A8DC06	cross-build-exact-hint	true	00a8dc06	FUN_00a8dc06	undefined FUN_00a8dc06()	0	0	unknown	true		1	183	10	1	485
urn:ure:t6:occ:function:current-client:00a8dc22	0x00A8DC22	cross-build-exact-hint	true	00a8dc22	_EH4_CallFilterFunc	undefined __fastcall _EH4_CallFilterFunc()	0	0	__fastcall	true		1	229	16	0	497
urn:ure:t6:occ:function:current-client:00a8dc6b	0x00A8DC6B	cross-build-exact-hint	true	00a8dc6b	_EH4_LocalUnwind	undefined __fastcall _EH4_LocalUnwind()	0	0	__fastcall	true		1	312	9	1	403
urn:ure:t6:occ:function:current-client:00a8df60	0x00A8DF60	cross-build-exact-hint	true	00a8df60	__aulldvrm	undefined __aulldvrm()	0	0	unknown	true		6	1261	58	7	1993
urn:ure:t6:occ:function:current-client:00a8f3c9	0x00A8F3C9	cross-build-exact-hint	true	00a8f3c9	__copysign	double __cdecl __copysign(double _Number, double _Sign)	2	0	__cdecl	true		2	264	17	0	714
urn:ure:t6:occ:function:current-client:00a8fa50	0x00A8FA50	cross-build-exact-hint	true	00a8fa50	__ValidateImageBase	BOOL __cdecl __ValidateImageBase(PBYTE pImageBase)	1	0	__cdecl	true		3	394	21	2	764
urn:ure:t6:occ:function:current-client:00a8fa90	0x00A8FA90	cross-build-exact-hint	true	00a8fa90	__FindPESection	PIMAGE_SECTION_HEADER __cdecl __FindPESection(PBYTE pImageBase, DWORD_PTR rva)	2	0	__cdecl	true		4	780	33	4	1119
urn:ure:t6:occ:function:current-client:00a8fbef	0x00A8FBEF	cross-build-exact-hint	true	00a8fbef	__ismbblead_l	int __cdecl __ismbblead_l(uint _C, _locale_t _Locale)	2	0	__cdecl	true		3	233	11	1	444
urn:ure:t6:occ:function:current-client:00a8fc08	0x00A8FC08	cross-build-exact-hint	true	00a8fc08	__ismbblead	int __cdecl __ismbblead(uint _C)	1	0	__cdecl	true		2	228	11	1	424
urn:ure:t6:occ:function:current-client:00a8ffcd	0x00A8FFCD	cross-build-exact-hint	true	00a8ffcd	__fload	undefined __fload()	0	0	unknown	true		3	456	22	2	880
urn:ure:t6:occ:function:current-client:00a90d1a	0x00A90D1A	cross-build-exact-hint	true	00a90d1a	__mbsrchr	uchar * __cdecl __mbsrchr(uchar * _Str, uint _Ch)	2	0	__cdecl	true		2	237	10	1	420
urn:ure:t6:occ:function:current-client:00a95310	0x00A95310	cross-build-exact-hint	true	00a95310	_strpbrk	char * __cdecl _strpbrk(char * _Str, char * _Control)	2	0	__cdecl	true		4	1381	33	4	1019
urn:ure:t6:occ:function:current-client:00a95bfc	0x00A95BFC	cross-build-exact-hint	true	00a95bfc	__sopen_s	errno_t __cdecl __sopen_s(int * _FileHandle, char * _Filename, int _OpenFlag, int _ShareFlag, int _PermissionMode)	5	0	__cdecl	true		2	349	13	1	553
urn:ure:t6:occ:function:current-client:00a97150	0x00A97150	cross-build-exact-hint	true	00a97150	___ascii_strnicmp	int __cdecl ___ascii_strnicmp(char * _Str1, char * _Str2, size_t _MaxCount)	3	0	__cdecl	true		5	1256	48	11	1431
urn:ure:t6:occ:function:current-client:00a97937	0x00A97937	cross-build-exact-hint	true	00a97937	_wctomb_s	errno_t __cdecl _wctomb_s(int * _SizeConverted, char * _MbCh, rsize_t _SizeInBytes, wchar_t _WCh)	4	0	__cdecl	true		3	311	12	1	509
urn:ure:t6:occ:function:current-client:00a97b57	0x00A97B57	cross-build-exact-hint	true	00a97b57	___dtold	undefined ___dtold()	0	0	unknown	true		7	1090	69	9	2327
urn:ure:t6:occ:function:current-client:00a97ca0	0x00A97CA0	cross-build-exact-hint	true	00a97ca0	__alldvrm	undefined __alldvrm()	0	0	unknown	true		9	1694	91	11	2960
urn:ure:t6:occ:function:current-client:00a97de7	0x00A97DE7	cross-build-exact-hint	true	00a97de7	__frnd	undefined __frnd()	0	0	unknown	true		1	165	11	0	441
urn:ure:t6:occ:function:current-client:00a97f11	0x00A97F11	cross-build-exact-hint	true	00a97f11	_mbtowc	int __cdecl _mbtowc(wchar_t * _DstCh, char * _SrcCh, size_t _SrcSizeInBytes)	3	0	__cdecl	true		2	274	11	1	465
urn:ure:t6:occ:function:current-client:00a98d72	0x00A98D72	cross-build-exact-hint	true	00a98d72	FUN_00a98d72	undefined FUN_00a98d72()	0	0	unknown	true		19	2934	180	21	6430
urn:ure:t6:occ:function:current-client:00a99498	0x00A99498	cross-build-exact-hint	true	00a99498	_wcschr	wchar_t * __cdecl _wcschr(wchar_t * _Str, wchar_t _Ch)	2	0	__cdecl	true		2	357	17	4	639
urn:ure:t6:occ:function:current-client:00a9974d	0x00A9974D	cross-build-exact-hint	true	00a9974d	__mbsnbicmp	int __cdecl __mbsnbicmp(uchar * _Str1, uchar * _Str2, size_t _MaxCount)	3	0	__cdecl	true		3	268	11	1	465
urn:ure:t6:occ:function:current-client:00a998b3	0x00A998B3	cross-build-exact-hint	true	00a998b3	__mbsnbcmp	int __cdecl __mbsnbcmp(uchar * _Str1, uchar * _Str2, size_t _MaxCount)	3	0	__cdecl	true		2	265	11	1	465
urn:ure:t6:occ:function:current-client:00a9b4bc	0x00A9B4BC	cross-build-exact-hint	true	00a9b4bc	_wcsnlen	size_t __cdecl _wcsnlen(wchar_t * _Src, size_t _MaxCount)	2	0	__cdecl	true		2	380	15	3	585
urn:ure:t6:occ:function:current-client:00a9b5f0	0x00A9B5F0	cross-build-exact-hint	true	00a9b5f0	FUN_00a9b5f0	undefined FUN_00a9b5f0()	0	0	unknown	true		1	182	15	2	625
urn:ure:t6:occ:function:current-client:00ad4b20	0x00AD4B20	cross-build-exact-hint	true	00ad4b20	xbuild_dtor_phys_heap_gjk_cache_system_avl_tree__00ad4b20	undefined xbuild_dtor_phys_heap_gjk_cache_system_avl_tree__00ad4b20()	0	0	unknown	true		9	658	1	1	173
urn:ure:t6:occ:function:current-client:00ad9690	0x00AD9690	cross-build-exact-hint	true	00ad9690	FUN_00ad9690	undefined FUN_00ad9690()	0	0	unknown	true		0	98	3	0	233
urn:ure:t6:occ:function:current-client:00ada280	0x00ADA280	cross-build-exact-hint	true	00ada280	FUN_00ada280	undefined FUN_00ada280()	0	0	unknown	true		2	287	20	4	707
urn:ure:t6:occ:function:current-client:00adcab0	0x00ADCAB0	cross-build-exact-hint	true	00adcab0	FUN_00adcab0	undefined FUN_00adcab0()	0	0	unknown	true		3	764	33	5	1307
urn:ure:t6:occ:function:current-client:00adcb30	0x00ADCB30	cross-build-exact-hint	true	00adcb30	FUN_00adcb30	undefined FUN_00adcb30()	0	0	unknown	true		3	899	50	6	1781
urn:ure:t6:occ:function:current-client:00adda90	0x00ADDA90	cross-build-exact-hint	true	00adda90	FUN_00adda90	undefined FUN_00adda90()	0	0	unknown	true		0	97	2	0	199
urn:ure:t6:occ:function:current-client:00adddb0	0x00ADDDB0	cross-build-exact-hint	true	00adddb0	FUN_00adddb0	undefined FUN_00adddb0()	0	0	unknown	true		2	175	17	1	575
urn:ure:t6:occ:function:current-client:00ade2a0	0x00ADE2A0	cross-build-exact-hint	true	00ade2a0	FUN_00ade2a0	undefined FUN_00ade2a0()	0	0	unknown	true		2	190	18	1	673
urn:ure:t6:occ:function:current-client:00ade2d0	0x00ADE2D0	cross-build-exact-hint	true	00ade2d0	FUN_00ade2d0	undefined FUN_00ade2d0()	0	0	unknown	true		0	94	2	0	198
urn:ure:t6:occ:function:current-client:00ade5d0	0x00ADE5D0	cross-build-exact-hint	true	00ade5d0	FUN_00ade5d0	undefined FUN_00ade5d0()	0	0	unknown	true		1	88	3	0	227
urn:ure:t6:occ:function:current-client:00ade610	0x00ADE610	cross-build-exact-hint	true	00ade610	FUN_00ade610	undefined FUN_00ade610()	0	0	unknown	true		0	89	3	0	228
urn:ure:t6:occ:function:current-client:00ade8d0	0x00ADE8D0	cross-build-exact-hint	true	00ade8d0	FUN_00ade8d0	undefined FUN_00ade8d0()	0	0	unknown	true		1	105	6	0	313
urn:ure:t6:occ:function:current-client:00ade8e0	0x00ADE8E0	cross-build-exact-hint	true	00ade8e0	FUN_00ade8e0	undefined FUN_00ade8e0()	0	0	unknown	true		1	136	6	0	322
urn:ure:t6:occ:function:current-client:00ade8f0	0x00ADE8F0	cross-build-exact-hint	true	00ade8f0	FUN_00ade8f0	undefined FUN_00ade8f0()	0	0	unknown	true		2	546	24	3	916
urn:ure:t6:occ:function:current-client:00ade930	0x00ADE930	cross-build-exact-hint	true	00ade930	FUN_00ade930	undefined FUN_00ade930()	0	0	unknown	true		2	546	24	3	916
urn:ure:t6:occ:function:current-client:00ade970	0x00ADE970	cross-build-exact-hint	true	00ade970	FUN_00ade970	undefined FUN_00ade970()	0	0	unknown	true		1	136	6	0	322
urn:ure:t6:occ:function:current-client:00ade980	0x00ADE980	cross-build-exact-hint	true	00ade980	FUN_00ade980	undefined FUN_00ade980()	0	0	unknown	true		1	136	6	0	322
urn:ure:t6:occ:function:current-client:00adea10	0x00ADEA10	cross-build-exact-hint	true	00adea10	xbuild_ctor_bdConnectionStatistics__00adea10	undefined xbuild_ctor_bdConnectionStatistics__00adea10()	0	0	unknown	true		1	140	3	1	216
urn:ure:t6:occ:function:current-client:00adf3f0	0x00ADF3F0	cross-build-exact-hint	true	00adf3f0	FUN_00adf3f0	undefined FUN_00adf3f0()	0	0	unknown	true		0	62	4	1	236
urn:ure:t6:occ:function:current-client:00ae0130	0x00AE0130	cross-build-exact-hint	true	00ae0130	FUN_00ae0130	undefined FUN_00ae0130()	0	0	unknown	true		1	88	4	0	250
urn:ure:t6:occ:function:current-client:00ae0870	0x00AE0870	cross-build-exact-hint	true	00ae0870	FUN_00ae0870	undefined FUN_00ae0870()	0	0	unknown	true		1	86	4	0	253
urn:ure:t6:occ:function:current-client:00ae09a0	0x00AE09A0	cross-build-exact-hint	true	00ae09a0	FUN_00ae09a0	undefined FUN_00ae09a0()	0	0	unknown	true		0	73	2	0	191
urn:ure:t6:occ:function:current-client:00ae0cd0	0x00AE0CD0	cross-build-exact-hint	true	00ae0cd0	FUN_00ae0cd0	undefined FUN_00ae0cd0()	0	0	unknown	true		1	135	10	1	429
urn:ure:t6:occ:function:current-client:00ae0fc0	0x00AE0FC0	cross-build-exact-hint	true	00ae0fc0	xbuild_ctor_bdStopwatch__00ae0fc0	undefined xbuild_ctor_bdStopwatch__00ae0fc0()	0	0	unknown	true		0	129	3	1	216
urn:ure:t6:occ:function:current-client:00ae17a0	0x00AE17A0	cross-build-exact-hint	true	00ae17a0	xbuild_ctor_bdThread__00ae17a0	undefined xbuild_ctor_bdThread__00ae17a0()	0	0	unknown	true		1	344	18	0	819
urn:ure:t6:occ:function:current-client:00ae1cb0	0x00AE1CB0	cross-build-exact-hint	true	00ae1cb0	FUN_00ae1cb0	undefined FUN_00ae1cb0()	0	0	unknown	true		1	137	9	0	401
urn:ure:t6:occ:function:current-client:00ae1d30	0x00AE1D30	cross-build-exact-hint	true	00ae1d30	xbuild_fn_9bdSequenceNumber__00ae1d30	undefined xbuild_fn_9bdSequenceNumber__00ae1d30()	0	0	unknown	true		1	163	9	0	402
urn:ure:t6:occ:function:current-client:00ae1d80	0x00AE1D80	cross-build-exact-hint	true	00ae1d80	xbuild_ctor_bdSequenceNumberStore__00ae1d80	undefined xbuild_ctor_bdSequenceNumberStore__00ae1d80()	0	0	unknown	true		1	159	9	0	431
urn:ure:t6:occ:function:current-client:00ae24e0	0x00AE24E0	cross-build-exact-hint	true	00ae24e0	FUN_00ae24e0	undefined FUN_00ae24e0()	0	0	unknown	true		1	121	12	1	457
urn:ure:t6:occ:function:current-client:00ae55b8	0x00AE55B8	cross-build-exact-hint	true	00ae55b8	__mbctolower	uint __cdecl __mbctolower(uint _Ch)	1	0	__cdecl	true		2	221	10	1	389
urn:ure:t6:occ:function:current-client:00ae5690	0x00AE5690	cross-build-exact-hint	true	00ae5690	__mbspbrk	uchar * __cdecl __mbspbrk(uchar * _Str, uchar * _Control)	2	0	__cdecl	true		2	249	10	1	420
urn:ure:t6:occ:function:current-client:00ae589e	0x00AE589E	cross-build-exact-hint	true	00ae589e	__mbsicmp	int __cdecl __mbsicmp(uchar * _Str1, uchar * _Str2)	2	0	__cdecl	true		6	235	10	1	420
urn:ure:t6:occ:function:current-client:00b166b0	0x00B166B0	cross-build-exact-hint	true	00b166b0	thunk_FUN_00b165e0	undefined thunk_FUN_00b165e0()	0	0	unknown	true		12	1049	1	1	173
urn:ure:t6:occ:function:current-client:00b40a7b	0x00B40A7B	cross-build-exact-hint	true	00b40a7b	_wcsstr	wchar_t * __cdecl _wcsstr(wchar_t * _Str, wchar_t * _SubStr)	2	0	__cdecl	true		4	944	41	9	1379
