pair_id	requested_va	found	entry_va	name	instruction_count	body_address_count
0x00761200__0x00a8b000	00761200	true	00761200	FUN_00761200	261	1275
0x00467020__0x007c5080	00467020	true	00467020	FUN_00467020	153	522
0x0075e420__0x00a87bb0	0075e420	true	0075e420	FUN_0075e420	149	479
0x00450df0__0x007c4e80	00450df0	true	00450df0	FUN_00450df0	130	497
0x00573290__0x0079ebd0	00573290	true	00573290	FUN_00573290	108	426
0x00569ab0__0x00944e70	00569ab0	true	00569ab0	FUN_00569ab0	101	415
0x007053a0__0x00536d30	007053a0	true	007053a0	FUN_007053a0	64	162
0x005aa730__0x0051bd10	005aa730	true	005aa730	FUN_005aa730	58	168
0x005b0090__0x006ed720	005b0090	true	005b0090	FUN_005b0090	53	161
0x00708060__0x0051bdc0	00708060	true	00708060	FUN_00708060	49	160
0x005a3b70__0x007c4dd0	005a3b70	true	005a3b70	FUN_005a3b70	48	167
0x0058eed0__0x00695b50	0058eed0	true	0058eed0	FUN_0058eed0	45	142
0x006b1da0__0x00872870	006b1da0	true	006b1da0	FUN_006b1da0	44	145
0x00440c10__0x00561a80	00440c10	true	00440c10	FUN_00440c10	41	125
0x00760b30__0x00a7b600	00760b30	true	00760b30	FUN_00760b30	40	179
0x0065a030__0x0056a530	0065a030	true	0065a030	FUN_0065a030	38	91
0x00613600__0x006ed180	00613600	true	00613600	FUN_00613600	37	186
0x004e3f70__0x007e4b80	004e3f70	true	004e3f70	FUN_004e3f70	33	159
0x00643c40__0x007707d0	00643c40	true	00643c40	FUN_00643c40	33	170
0x0067b750__0x00866980	0067b750	true	0067b750	FUN_0067b750	33	93
0x0053e620__0x0088f480	0053e620	true	0053e620	FUN_0053e620	32	87
0x004f5e90__0x008d0750	004f5e90	true	004f5e90	FUN_004f5e90	31	86
0x00628c60__0x006f4df0	00628c60	true	00628c60	FUN_00628c60	31	75
0x00643220__0x00767570	00643220	true	00643220	FUN_00643220	31	143
0x005b4ba0__0x00954040	005b4ba0	true	005b4ba0	FUN_005b4ba0	29	104
0x00687ce0__0x00515760	00687ce0	true	00687ce0	FUN_00687ce0	29	87
0x0073b4f0__0x00a2f720	0073b4f0	true	0073b4f0	FUN_0073b4f0	26	96
0x0057f830__0x008908d0	0057f830	true	0057f830	FUN_0057f830	24	80
0x005d6370__0x0079ee20	005d6370	true	005d6370	FUN_005d6370	24	80
0x006726c0__0x006eea00	006726c0	true	006726c0	FUN_006726c0	24	65
0x004dbeb0__0x0073cb80	004dbeb0	true	004dbeb0	FUN_004dbeb0	23	60
0x005360a0__0x0073e540	005360a0	true	005360a0	FUN_005360a0	23	69
0x0048e7f0__0x006e4890	0048e7f0	true	0048e7f0	FUN_0048e7f0	22	104
0x0056fba0__0x006e05b0	0056fba0	true	0056fba0	FUN_0056fba0	22	92
0x009ffb10__0x00985910	009ffb10	true	009ffb10	FUN_009ffb10	22	117
0x00479bc0__0x00765c60	00479bc0	true	00479bc0	FUN_00479bc0	20	60
0x004863a0__0x0070d600	004863a0	true	004863a0	FUN_004863a0	20	76
0x005a0430__0x0086c680	005a0430	true	005a0430	FUN_005a0430	20	55
0x00739370__0x00a40790	00739370	true	00739370	FUN_00739370	20	93
0x00a46b90__0x00b0e3f0	00a46b90	true	00a46b90	FUN_00a46b90	20	45
0x005380d0__0x00795a70	005380d0	true	005380d0	FUN_005380d0	19	85
0x0068cf30__0x00884ae0	0068cf30	true	0068cf30	FUN_0068cf30	19	72
0x005ca560__0x0073e500	005ca560	true	005ca560	FUN_005ca560	18	62
0x005e24c0__0x007eac20	005e24c0	true	005e24c0	FUN_005e24c0	18	51
0x005fbee0__0x006ef510	005fbee0	true	005fbee0	FUN_005fbee0	18	86
0x006413d0__0x0069bba0	006413d0	true	006413d0	FUN_006413d0	18	63
0x00459d40__0x00519ab0	00459d40	true	00459d40	FUN_00459d40	17	56
0x0058c440__0x0079df60	0058c440	true	0058c440	FUN_0058c440	16	44
0x00603430__0x007922e0	00603430	true	00603430	FUN_00603430	16	49
0x006a53c0__0x008b4340	006a53c0	true	006a53c0	FUN_006a53c0	16	44
0x00435a60__0x007d3210	00435a60	true	00435a60	FUN_00435a60	15	46
0x004362e0__0x006e0230	004362e0	true	004362e0	FUN_004362e0	15	42
0x004b0770__0x006d7c30	004b0770	true	004b0770	FUN_004b0770	15	52
0x00576730__0x008b6af0	00576730	true	00576730	FUN_00576730	15	55
0x005b2500__0x00512f80	005b2500	true	005b2500	FUN_005b2500	15	42
0x00615150__0x00519c00	00615150	true	00615150	FUN_00615150	15	54
0x00773700__0x00a8e080	00773700	true	00773700	FUN_00773700	15	44
0x00553420__0x0079dcc0	00553420	true	00553420	FUN_00553420	14	54
0x00584400__0x00878cd0	00584400	true	00584400	FUN_00584400	14	55
0x00633bb0__0x00720290	00633bb0	true	00633bb0	FUN_00633bb0	14	54
0x004932e0__0x00891030	004932e0	true	004932e0	FUN_004932e0	13	34
0x004a7600__0x0069e710	004a7600	true	004a7600	FUN_004a7600	13	39
0x00418820__0x008d5240	00418820	true	00418820	FUN_00418820	11	29
0x004c1160__0x005b4520	004c1160	true	004c1160	FUN_004c1160	11	31
0x00505e70__0x0079d670	00505e70	true	00505e70	FUN_00505e70	11	41
0x005213e0__0x0079e400	005213e0	true	005213e0	FUN_005213e0	11	36
0x00534f20__0x00564cc0	00534f20	true	00534f20	FUN_00534f20	11	30
0x00543f10__0x008adaf0	00543f10	true	00543f10	FUN_00543f10	11	38
0x00645350__0x007cd6c0	00645350	true	00645350	FUN_00645350	11	43
0x006e69d0__0x008b99f0	006e69d0	true	006e69d0	FUN_006e69d0	11	27
0x00421460__0x007e2050	00421460	true	00421460	FUN_00421460	10	47
0x00474db0__0x006e09b0	00474db0	true	00474db0	FUN_00474db0	10	38
0x0048b6b0__0x0086b470	0048b6b0	true	0048b6b0	FUN_0048b6b0	10	27
0x00629760__0x00565340	00629760	true	00629760	FUN_00629760	10	32
0x006f4810__0x006e0610	006f4810	true	006f4810	FUN_006f4810	10	26
0x004406b0__0x00872e70	004406b0	true	004406b0	FUN_004406b0	9	27
0x004ff490__0x008b3a90	004ff490	true	004ff490	FUN_004ff490	9	45
0x0041af40__0x0070df00	0041af40	true	0041af40	FUN_0041af40	8	24
0x004aea90__0x005617e0	004aea90	true	004aea90	FUN_004aea90	8	26
0x005f77a0__0x006ed920	005f77a0	true	005f77a0	FUN_005f77a0	8	33
0x006203b0__0x006f22e0	006203b0	true	006203b0	FUN_006203b0	8	26
0x00625100__0x00719d20	00625100	true	00625100	FUN_00625100	8	25
0x00731fb0__0x00a24de0	00731fb0	true	00731fb0	FUN_00731fb0	8	35
0x0063df10__0x005ee8a0	0063df10	true	0063df10	FUN_0063df10	21	136
0x0074c7c0__0x00a5c850	0074c7c0	true	0074c7c0	FUN_0074c7c0	10	29
0x00a2d750__0x0055eb30	00a2d750	true	00a2d750	FUN_00a2d750	10	23
0x0057fa00__0x007e0df0	0057fa00	true	0057fa00	FUN_0057fa00	67	234
0x00a50ac0__0x009e4140	00a50ac0	true	00a50ac0	FUN_00a50ac0	40	94
0x006a2c70__0x005b3820	006a2c70	true	006a2c70	FUN_006a2c70	18	61
0x004e7300__0x008aa780	004e7300	true	004e7300	FUN_004e7300	15	35
0x00512650__0x008aa750	00512650	true	00512650	FUN_00512650	15	35
0x0064f330__0x00717220	0064f330	true	0064f330	FUN_0064f330	14	46
0x0048b6d0__0x0086bd10	0048b6d0	true	0048b6d0	FUN_0048b6d0	12	39
0x005f1690__0x006dffe0	005f1690	true	005f1690	FUN_005f1690	8	20
0x004e8500__0x008e9560	004e8500	true	004e8500	FUN_004e8500	92	440
0x00adc3c0__0x00b11580	00adc3c0	true	00adc3c0	FUN_00adc3c0	35	74
0x004653c0__0x007d3d40	004653c0	true	004653c0	FUN_004653c0	34	198
0x005f2870__0x00561370	005f2870	true	005f2870	FUN_005f2870	25	73
0x00710810__0x00a2b870	00710810	true	00710810	FUN_00710810	9	41
