pair_id	function_va	function_name	from_offset	from_va	mnemonic	ref_type	target_va	target_function_va	target_function_name
0x00761200__0x00a8b000	00a8b000	R_RegisterSunDvars	0x11	00a8b011	CALL	UNCONDITIONAL_CALL	00777200	00777200	_Dvar_RegisterString
0x00761200__0x00a8b000	00a8b000	R_RegisterSunDvars	0x56	00a8b056	CALL	UNCONDITIONAL_CALL	00776fb0	00776fb0	_Dvar_RegisterFloat
0x00761200__0x00a8b000	00a8b000	R_RegisterSunDvars	0x71	00a8b071	CALL	UNCONDITIONAL_CALL	00777200	00777200	_Dvar_RegisterString
0x00761200__0x00a8b000	00a8b000	R_RegisterSunDvars	0xa9	00a8b0a9	CALL	UNCONDITIONAL_CALL	00776fb0	00776fb0	_Dvar_RegisterFloat
0x00761200__0x00a8b000	00a8b000	R_RegisterSunDvars	0xe9	00a8b0e9	CALL	UNCONDITIONAL_CALL	00776fb0	00776fb0	_Dvar_RegisterFloat
0x00761200__0x00a8b000	00a8b000	R_RegisterSunDvars	0x129	00a8b129	CALL	UNCONDITIONAL_CALL	00776fb0	00776fb0	_Dvar_RegisterFloat
0x00761200__0x00a8b000	00a8b000	R_RegisterSunDvars	0x169	00a8b169	CALL	UNCONDITIONAL_CALL	00776fb0	00776fb0	_Dvar_RegisterFloat
0x00761200__0x00a8b000	00a8b000	R_RegisterSunDvars	0x1a1	00a8b1a1	CALL	UNCONDITIONAL_CALL	00776fb0	00776fb0	_Dvar_RegisterFloat
0x00761200__0x00a8b000	00a8b000	R_RegisterSunDvars	0x1e1	00a8b1e1	CALL	UNCONDITIONAL_CALL	00776fb0	00776fb0	_Dvar_RegisterFloat
0x00761200__0x00a8b000	00a8b000	R_RegisterSunDvars	0x221	00a8b221	CALL	UNCONDITIONAL_CALL	00776fb0	00776fb0	_Dvar_RegisterFloat
0x00761200__0x00a8b000	00a8b000	R_RegisterSunDvars	0x261	00a8b261	CALL	UNCONDITIONAL_CALL	00776fb0	00776fb0	_Dvar_RegisterFloat
0x00761200__0x00a8b000	00a8b000	R_RegisterSunDvars	0x2a1	00a8b2a1	CALL	UNCONDITIONAL_CALL	00776fb0	00776fb0	_Dvar_RegisterFloat
0x00761200__0x00a8b000	00a8b000	R_RegisterSunDvars	0x2e1	00a8b2e1	CALL	UNCONDITIONAL_CALL	00776fb0	00776fb0	_Dvar_RegisterFloat
0x00761200__0x00a8b000	00a8b000	R_RegisterSunDvars	0x321	00a8b321	CALL	UNCONDITIONAL_CALL	00776fb0	00776fb0	_Dvar_RegisterFloat
0x00761200__0x00a8b000	00a8b000	R_RegisterSunDvars	0x361	00a8b361	CALL	UNCONDITIONAL_CALL	00776fb0	00776fb0	_Dvar_RegisterFloat
0x00761200__0x00a8b000	00a8b000	R_RegisterSunDvars	0x3a1	00a8b3a1	CALL	UNCONDITIONAL_CALL	00776fb0	00776fb0	_Dvar_RegisterFloat
0x00761200__0x00a8b000	00a8b000	R_RegisterSunDvars	0x3e1	00a8b3e1	CALL	UNCONDITIONAL_CALL	00776fb0	00776fb0	_Dvar_RegisterFloat
0x00761200__0x00a8b000	00a8b000	R_RegisterSunDvars	0x421	00a8b421	CALL	UNCONDITIONAL_CALL	00776fb0	00776fb0	_Dvar_RegisterFloat
0x00761200__0x00a8b000	00a8b000	R_RegisterSunDvars	0x461	00a8b461	CALL	UNCONDITIONAL_CALL	00776fb0	00776fb0	_Dvar_RegisterFloat
0x00761200__0x00a8b000	00a8b000	R_RegisterSunDvars	0x4a1	00a8b4a1	CALL	UNCONDITIONAL_CALL	00776fb0	00776fb0	_Dvar_RegisterFloat
0x00761200__0x00a8b000	00a8b000	R_RegisterSunDvars	0x4ed	00a8b4ed	CALL	UNCONDITIONAL_CALL	007770b0	007770b0	_Dvar_RegisterVec3
0x00467020__0x007c5080	007c5080	_tr_flush_block	0x2b	007c50ab	CALL	UNCONDITIONAL_CALL	007c4790	007c4790	set_data_type
0x00467020__0x007c5080	007c5080	_tr_flush_block	0x37	007c50b7	CALL	UNCONDITIONAL_CALL	007c4b10	007c4b10	build_tree
0x00467020__0x007c5080	007c5080	_tr_flush_block	0x43	007c50c3	CALL	UNCONDITIONAL_CALL	007c4b10	007c4b10	build_tree
0x00467020__0x007c5080	007c5080	_tr_flush_block	0x4d	007c50cd	CALL	UNCONDITIONAL_CALL	007c4d00	007c4d00	build_bl_tree
0x00467020__0x007c5080	007c5080	_tr_flush_block	0x90	007c5110	CALL	UNCONDITIONAL_CALL	007c4dd0	007c4dd0	_tr_stored_block
0x00467020__0x007c5080	007c5080	_tr_flush_block	0x141	007c51c1	CALL	UNCONDITIONAL_CALL	007c4110	007c4110	send_all_trees
0x00467020__0x007c5080	007c5080	_tr_flush_block	0x156	007c51d6	CALL	UNCONDITIONAL_CALL	007c4370	007c4370	compress_block
0x00467020__0x007c5080	007c5080	_tr_flush_block	0x1e6	007c5266	CALL	UNCONDITIONAL_CALL	007c4370	007c4370	compress_block
0x00467020__0x007c5080	007c5080	_tr_flush_block	0x1f0	007c5270	CALL	UNCONDITIONAL_CALL	007c3790	007c3790	init_block
0x00467020__0x007c5080	007c5080	_tr_flush_block	0x201	007c5281	JMP	UNCONDITIONAL_CALL	007c48e0	007c48e0	bi_windup
0x0075e420__0x00a87bb0	00a87bb0	R_ShutdownExtraCamRenderTargets	0x35	00a87be5	CALL	UNCONDITIONAL_CALL	00a60160	00a60160	Image_Release
0x0075e420__0x00a87bb0	00a87bb0	R_ShutdownExtraCamRenderTargets	0x83	00a87c33	CALL	UNCONDITIONAL_CALL	00a60160	00a60160	Image_Release
0x0075e420__0x00a87bb0	00a87bb0	R_ShutdownExtraCamRenderTargets	0xd1	00a87c81	CALL	UNCONDITIONAL_CALL	00a60160	00a60160	Image_Release
0x0075e420__0x00a87bb0	00a87bb0	R_ShutdownExtraCamRenderTargets	0x11f	00a87ccf	CALL	UNCONDITIONAL_CALL	00a60160	00a60160	Image_Release
0x0075e420__0x00a87bb0	00a87bb0	R_ShutdownExtraCamRenderTargets	0x16d	00a87d1d	CALL	UNCONDITIONAL_CALL	00a60160	00a60160	Image_Release
0x0075e420__0x00a87bb0	00a87bb0	R_ShutdownExtraCamRenderTargets	0x1bb	00a87d6b	CALL	UNCONDITIONAL_CALL	00a60160	00a60160	Image_Release
0x00450df0__0x007c4e80	007c4e80	_tr_align	0xe0	007c4f60	CALL	UNCONDITIONAL_CALL	007c4860	007c4860	bi_flush
0x00450df0__0x007c4e80	007c4e80	_tr_align	0x1c2	007c5042	CALL	UNCONDITIONAL_CALL	007c4860	007c4860	bi_flush
0x00450df0__0x007c4e80	007c4e80	_tr_align	0x1de	007c505e	CALL	UNCONDITIONAL_CALL	007c4860	007c4860	bi_flush
0x00573290__0x0079ebd0	0079ebd0	Voice_Init	0xf	0079ebdf	CALL	UNCONDITIONAL_CALL	00776e60	00776e60	_Dvar_RegisterBool
0x00573290__0x0079ebd0	0079ebd0	Voice_Init	0x31	0079ec01	CALL	UNCONDITIONAL_CALL	00776ec0	00776ec0	_Dvar_RegisterInt
0x00573290__0x0079ebd0	0079ebd0	Voice_Init	0x49	0079ec19	CALL	UNCONDITIONAL_CALL	00776e60	00776e60	_Dvar_RegisterBool
0x00573290__0x0079ebd0	0079ebd0	Voice_Init	0x8e	0079ec5e	CALL	UNCONDITIONAL_CALL	00776fb0	00776fb0	_Dvar_RegisterFloat
0x00573290__0x0079ebd0	0079ebd0	Voice_Init	0xa6	0079ec76	CALL	UNCONDITIONAL_CALL	00776e60	00776e60	_Dvar_RegisterBool
0x00573290__0x0079ebd0	0079ebd0	Voice_Init	0xc8	0079ec98	CALL	UNCONDITIONAL_CALL	00776ec0	00776ec0	_Dvar_RegisterInt
0x00573290__0x0079ebd0	0079ebd0	Voice_Init	0xdb	0079ecab	CALL	UNCONDITIONAL_CALL	00776850	00776850	Dvar_GetInt
0x00573290__0x0079ebd0	0079ebd0	Voice_Init	0xe5	0079ecb5	CALL	UNCONDITIONAL_CALL	0079e4d0	0079e4d0	Mixer_InitWaveInLineInfo
0x00573290__0x0079ebd0	0079ebd0	Voice_Init	0xf1	0079ecc1	CALL	UNCONDITIONAL_CALL	0079e610	0079e610	Mixer_SetWaveInRecordLevels
0x00573290__0x0079ebd0	0079ebd0	Voice_Init	0xfd	0079eccd	CALL	UNCONDITIONAL_CALL	007767a0	007767a0	Dvar_GetBool
0x00573290__0x0079ebd0	0079ebd0	Voice_Init	0x106	0079ecd6	CALL	UNCONDITIONAL_CALL	0079e8f0	0079e8f0	Mixer_SetWaveInMuteStates
0x00573290__0x0079ebd0	0079ebd0	Voice_Init	0x123	0079ecf3	CALL	UNCONDITIONAL_CALL	0068c0a0	0068c0a0	Record_Init
0x00573290__0x0079ebd0	0079ebd0	Voice_Init	0x140	0079ed10	CALL	UNCONDITIONAL_CALL	0068b280	0068b280	Decode_Init
0x00573290__0x0079ebd0	0079ebd0	Voice_Init	0x14c	0079ed1c	CALL	UNCONDITIONAL_CALL	0068b3b0	0068b3b0	Encode_Init
0x00573290__0x0079ebd0	0079ebd0	Voice_Init	0x15a	0079ed2a	CALL	UNCONDITIONAL_CALL	00aad640	00aad640	memset
0x00573290__0x0079ebd0	0079ebd0	Voice_Init	0x160	0079ed30	CALL	UNCONDITIONAL_CALL	0068b570	0068b570	Sound_Init
0x00573290__0x0079ebd0	0079ebd0	Voice_Init	0x180	0079ed50	CALL	UNCONDITIONAL_CALL	0068b520	0068b520	Sound_NewSample
0x00573290__0x0079ebd0	0079ebd0	Voice_Init	0x18d	0079ed5d	CALL	UNCONDITIONAL_CALL	00776850	00776850	Dvar_GetInt
0x00573290__0x0079ebd0	0079ebd0	Voice_Init	0x196	0079ed66	CALL	UNCONDITIONAL_CALL	0068b560	0068b560	Sound_SetVolume
0x00569ab0__0x00944e70	00944e70	PM_UpdateViewAngles_RangeLimited	0x67	00944ed7	CALL	UNCONDITIONAL_CALL	00764390	00764390	AngleDelta
0x00569ab0__0x00944e70	00944e70	PM_UpdateViewAngles_RangeLimited	0x145	00944fb5	CALL	UNCONDITIONAL_CALL	007642f0	007642f0	AngleNormalize360
0x00569ab0__0x00944e70	00944e70	PM_UpdateViewAngles_RangeLimited	0x180	00944ff0	CALL	UNCONDITIONAL_CALL	007642f0	007642f0	AngleNormalize360
0x007053a0__0x00536d30	00536d30	SHA1_Update	0x4d	00536d7d	CALL	UNCONDITIONAL_CALL	00aae630	00aae630	memcpy
0x007053a0__0x00536d30	00536d30	SHA1_Update	0x57	00536d87	CALL	UNCONDITIONAL_CALL	00535810	00535810	SHA1_Transform
0x007053a0__0x00536d30	00536d30	SHA1_Update	0x70	00536da0	CALL	UNCONDITIONAL_CALL	00535810	00535810	SHA1_Transform
0x007053a0__0x00536d30	00536d30	SHA1_Update	0x96	00536dc6	CALL	UNCONDITIONAL_CALL	00aae630	00aae630	memcpy
0x005aa730__0x0051bd10	0051bd10	bdSingleton<bdSingletonRegistryImpl>::getInstance	0xe	0051bd1e	CALL	UNCONDITIONAL_CALL	009bbbb0	009bbbb0	bdMemory::allocate
0x005aa730__0x0051bd10	0051bd10	bdSingleton<bdSingletonRegistryImpl>::getInstance	0x37	0051bd47	CALL	UNCONDITIONAL_CALL	0051bd10	0051bd10	bdSingleton<bdSingletonRegistryImpl>::getInstance
0x005aa730__0x0051bd10	0051bd10	bdSingleton<bdSingletonRegistryImpl>::getInstance	0x56	0051bd66	CALL	UNCONDITIONAL_CALL	009e4140	009e4140	bdFastArray<void_(__cdecl*)(void)>::increaseCapacity
0x005b0090__0x006ed720	006ed720	SV_ChangeMaxClients	0x7	006ed727	CALL	UNCONDITIONAL_CALL	00776850	00776850	Dvar_GetInt
0x005b0090__0x006ed720	006ed720	SV_ChangeMaxClients	0x3e	006ed75e	CALL	UNCONDITIONAL_CALL	00773df0	00773df0	Dvar_ClearModified
0x005b0090__0x006ed720	006ed720	SV_ChangeMaxClients	0x4a	006ed76a	CALL	UNCONDITIONAL_CALL	00776850	00776850	Dvar_GetInt
0x005b0090__0x006ed720	006ed720	SV_ChangeMaxClients	0x5d	006ed77d	CALL	UNCONDITIONAL_CALL	00778350	00778350	Dvar_SetInt
0x005b0090__0x006ed720	006ed720	SV_ChangeMaxClients	0x6c	006ed78c	CALL	UNCONDITIONAL_CALL	00776850	00776850	Dvar_GetInt
0x005b0090__0x006ed720	006ed720	SV_ChangeMaxClients	0x8f	006ed7af	CALL	UNCONDITIONAL_CALL	00776ec0	00776ec0	_Dvar_RegisterInt
0x00708060__0x0051bdc0	0051bdc0	bdSingleton<bdTrulyRandomImpl>::getInstance	0xb	0051bdcb	CALL	UNCONDITIONAL_CALL	009bbbb0	009bbbb0	bdMemory::allocate
0x00708060__0x0051bdc0	0051bdc0	bdSingleton<bdTrulyRandomImpl>::getInstance	0x19	0051bdd9	CALL	UNCONDITIONAL_CALL	009bbf20	009bbf20	XAnimClientNotifyList::GetNotifyList
0x00708060__0x0051bdc0	0051bdc0	bdSingleton<bdTrulyRandomImpl>::getInstance	0x2d	0051bded	CALL	UNCONDITIONAL_CALL	0051bd10	0051bd10	bdSingleton<bdSingletonRegistryImpl>::getInstance
0x00708060__0x0051bdc0	0051bdc0	bdSingleton<bdTrulyRandomImpl>::getInstance	0x4d	0051be0d	CALL	UNCONDITIONAL_CALL	009e4140	009e4140	bdFastArray<void_(__cdecl*)(void)>::increaseCapacity
0x00708060__0x0051bdc0	0051bdc0	bdSingleton<bdTrulyRandomImpl>::getInstance	0x81	0051be41	CALL	UNCONDITIONAL_CALL	009bbbf0	009bbbf0	bdMemory::deallocate
0x005a3b70__0x007c4dd0	007c4dd0	_tr_stored_block	0x72	007c4e42	CALL	UNCONDITIONAL_CALL	007c4940	007c4940	copy_block
0x005a3b70__0x007c4dd0	007c4dd0	_tr_stored_block	0x9e	007c4e6e	CALL	UNCONDITIONAL_CALL	007c4940	007c4940	copy_block
0x0058eed0__0x00695b50	00695b50	LeagueTeamsData::LeagueTeamsData	0x12	00695b62	CALL	UNCONDITIONAL_CALL	009cf990	009cf990	bdLeagueUserTeamResult::bdLeagueUserTeamResult
0x0058eed0__0x00695b50	00695b50	LeagueTeamsData::LeagueTeamsData	0x3a	00695b8a	CALL	UNCONDITIONAL_CALL	00404520	00404520	`vector_constructor_iterator'
0x0058eed0__0x00695b50	00695b50	LeagueTeamsData::LeagueTeamsData	0x55	00695ba5	CALL	UNCONDITIONAL_CALL	009ce470	009ce470	bdLeagueTeamMemberInfo::bdLeagueTeamMemberInfo
0x0058eed0__0x00695b50	00695b50	LeagueTeamsData::LeagueTeamsData	0x72	00695bc2	CALL	UNCONDITIONAL_CALL	009cf850	009cf850	bdLeagueTeamInfo::bdLeagueTeamInfo
0x0058eed0__0x00695b50	00695b50	LeagueTeamsData::LeagueTeamsData	0x86	00695bd6	CALL	UNCONDITIONAL_CALL	009ce410	009ce410	bdGenericLeagueID::bdGenericLeagueID
0x006b1da0__0x00872870	00872870	Actor_Exposed_Resume	0x48	008728b8	CALL	UNCONDITIONAL_CALL	00776850	00776850	Dvar_GetInt
0x006b1da0__0x00872870	00872870	Actor_Exposed_Resume	0x5c	008728cc	CALL	UNCONDITIONAL_CALL	0085d080	0085d080	Actor_GetTargetSentient
0x006b1da0__0x00872870	00872870	Actor_Exposed_Resume	0x75	008728e5	CALL	UNCONDITIONAL_CALL	0085dd30	0085dd30	Actor_PointAtGoal
0x006b1da0__0x00872870	00872870	Actor_Exposed_Resume	0x87	008728f7	CALL	UNCONDITIONAL_CALL	008666d0	008666d0	Actor_FindPathToSentient
0x00440c10__0x00561a80	00561a80	dwQoSMultiProbeListener::dwQoSMultiProbeListener	0x5	00561a85	CALL	UNCONDITIONAL_CALL	009e6560	009e6560	bdQoSProbeListener::bdQoSProbeListener
0x00440c10__0x00561a80	00561a80	dwQoSMultiProbeListener::dwQoSMultiProbeListener	0x29	00561aa9	CALL	UNCONDITIONAL_CALL	009baae0	009baae0	bdSecurityID::bdSecurityID
0x00440c10__0x00561a80	00561a80	dwQoSMultiProbeListener::dwQoSMultiProbeListener	0x31	00561ab1	CALL	UNCONDITIONAL_CALL	009baa90	009baa90	bdSecurityKey::bdSecurityKey
0x00440c10__0x00561a80	00561a80	dwQoSMultiProbeListener::dwQoSMultiProbeListener	0x59	00561ad9	CALL	UNCONDITIONAL_CALL	009baba0	009baba0	bdAddr::bdAddr
0x00440c10__0x00561a80	00561a80	dwQoSMultiProbeListener::dwQoSMultiProbeListener	0x72	00561af2	CALL	UNCONDITIONAL_CALL	009baae0	009baae0	bdSecurityID::bdSecurityID
0x00440c10__0x00561a80	00561a80	dwQoSMultiProbeListener::dwQoSMultiProbeListener	0x7f	00561aff	CALL	UNCONDITIONAL_CALL	00561990	00561990	dwQoSMultiProbeListener::clean
0x00760b30__0x00a7b600	00a7b600	R_ToggleModelLightingFrame	0x60	00a7b660	CALL	UNCONDITIONAL_CALL	0076b7b0	0076b7b0	Com_Memset
0x0065a030__0x0056a530	0056a530	PrivateTeamProfile::deserialize	0xc	0056a53c	CALL	UNCONDITIONAL_CALL	009bce70	009bce70	bdByteBuffer::readUInt64
0x0065a030__0x0056a530	0056a530	PrivateTeamProfile::deserialize	0x1f	0056a54f	CALL	UNCONDITIONAL_CALL	009bcf20	009bcf20	bdByteBuffer::readString
0x00613600__0x006ed180	006ed180	SV_ConnectionLog_Init	0x36	006ed1b6	CALL	UNCONDITIONAL_CALL	00776fb0	00776fb0	_Dvar_RegisterFloat
0x00613600__0x006ed180	006ed180	SV_ConnectionLog_Init	0x79	006ed1f9	CALL	UNCONDITIONAL_CALL	00776fb0	00776fb0	_Dvar_RegisterFloat
0x00613600__0x006ed180	006ed180	SV_ConnectionLog_Init	0x8f	006ed20f	CALL	UNCONDITIONAL_CALL	00aad640	00aad640	memset
0x00613600__0x006ed180	006ed180	SV_ConnectionLog_Init	0x9d	006ed21d	CALL	UNCONDITIONAL_CALL	00aad640	00aad640	memset
0x004e3f70__0x007e4b80	007e4b80	Phys_EffectsInit	0x33	007e4bb3	CALL	UNCONDITIONAL_CALL	00776fb0	00776fb0	_Dvar_RegisterFloat
0x004e3f70__0x007e4b80	007e4b80	Phys_EffectsInit	0x76	007e4bf6	CALL	UNCONDITIONAL_CALL	00776fb0	00776fb0	_Dvar_RegisterFloat
0x004e3f70__0x007e4b80	007e4b80	Phys_EffectsInit	0x91	007e4c11	CALL	UNCONDITIONAL_CALL	00776e60	00776e60	_Dvar_RegisterBool
0x0067b750__0x00866980	00866980	Actor_BadPlacesChanged	0x4	00866984	CALL	UNCONDITIONAL_CALL	0085bee0	0085bee0	Actor_FirstActor
0x0067b750__0x00866980	00866980	Actor_BadPlacesChanged	0x16	00866996	CALL	UNCONDITIONAL_CALL	00878da0	00878da0	Path_Exists
0x0067b750__0x00866980	00866980	Actor_BadPlacesChanged	0x23	008669a3	CALL	UNCONDITIONAL_CALL	006440c0	006440c0	G_IsSpeciesBigDog
0x0067b750__0x00866980	00866980	Actor_BadPlacesChanged	0x45	008669c5	CALL	UNCONDITIONAL_CALL	0087bd30	0087bd30	Path_TrimToBadPlaceLink
0x0067b750__0x00866980	00866980	Actor_BadPlacesChanged	0x4f	008669cf	CALL	UNCONDITIONAL_CALL	0085bfa0	0085bfa0	Actor_NextActor
0x0053e620__0x0088f480	0088f480	Actor_KnowAboutEnemy	0x3	0088f483	CALL	UNCONDITIONAL_CALL	0085d080	0085d080	Actor_GetTargetSentient
0x004f5e90__0x008d0750	008d0750	search_t::search_t	0x12	008d0762	CALL	UNCONDITIONAL_CALL	009d00d0	009d00d0	bdTag::bdTag
0x004f5e90__0x008d0750	008d0750	search_t::search_t	0x2a	008d077a	CALL	UNCONDITIONAL_CALL	009d1ea0	009d1ea0	bdFileID::bdFileID
0x004f5e90__0x008d0750	008d0750	search_t::search_t	0x42	008d0792	CALL	UNCONDITIONAL_CALL	009d0730	009d0730	bdFileMetaData::bdFileMetaData
0x00628c60__0x006f4df0	006f4df0	SV_MigrationIsWaitingForPlayers	0xc	006f4dfc	CALL	UNCONDITIONAL_CALL	00776850	00776850	Dvar_GetInt
0x005b4ba0__0x00954040	00954040	gjk_query_output::gjk_query_output	0x53	00954093	CALL	UNCONDITIONAL_CALL	007e8600	007e8600	gjk_query_output::reset_cache
0x005b4ba0__0x00954040	00954040	gjk_query_output::gjk_query_output	0x5f	0095409f	CALL	UNCONDITIONAL_CALL	007e53c0	007e53c0	gjk_query_output::accum_query_reset
0x00687ce0__0x00515760	00515760	Party_GetClientTimeout	0x2	00515762	CALL	UNCONDITIONAL_CALL	006b7dc0	006b7dc0	Com_GameMode_IsMode
0x00687ce0__0x00515760	00515760	Party_GetClientTimeout	0xe	0051576e	CALL	UNCONDITIONAL_CALL	00909430	00909430	Demo_IsPlaying
0x00687ce0__0x00515760	00515760	Party_GetClientTimeout	0x17	00515777	CALL	UNCONDITIONAL_CALL	0090f580	0090f580	Demo_HaveAllPlayersFinishedLoadingDemo
0x00687ce0__0x00515760	00515760	Party_GetClientTimeout	0x20	00515780	CALL	UNCONDITIONAL_CALL	0090f460	0090f460	Demo_WasDemoJustLoaded
0x00687ce0__0x00515760	00515760	Party_GetClientTimeout	0x2f	0051578f	CALL	UNCONDITIONAL_CALL	00776850	00776850	Dvar_GetInt
0x00687ce0__0x00515760	00515760	Party_GetClientTimeout	0x3f	0051579f	CALL	UNCONDITIONAL_CALL	00776850	00776850	Dvar_GetInt
0x0073b4f0__0x00a2f720	00a2f720	duck_Update	0x57	00a2f777	CALL	UNCONDITIONAL_CALL	008c1580	008c1580	SND_SetDuck
0x0057f830__0x008908d0	008908d0	Actor_CanSeeEntity	0x13	008908e3	CALL	UNCONDITIONAL_CALL	0085cfd0	0085cfd0	Actor_GetTargetEntity
0x0057f830__0x008908d0	008908d0	Actor_CanSeeEntity	0x48	00890918	CALL	UNCONDITIONAL_CALL	00890110	00890110	Actor_CanSeeEntityEx
0x005d6370__0x0079ee20	0079ee20	Voice_Playback	0xf	0079ee2f	CALL	UNCONDITIONAL_CALL	00776850	00776850	Dvar_GetInt
0x005d6370__0x0079ee20	0079ee20	Voice_Playback	0x25	0079ee45	CALL	UNCONDITIONAL_CALL	0079e610	0079e610	Mixer_SetWaveInRecordLevels
0x005d6370__0x0079ee20	0079ee20	Voice_Playback	0x36	0079ee56	CALL	UNCONDITIONAL_CALL	0068b550	0068b550	Sound_SampleFrame
0x005d6370__0x0079ee20	0079ee20	Voice_Playback	0x4a	0079ee6a	JMP	UNCONDITIONAL_CALL	008c9ad0	008c9ad0	Live_InitiateDemonWareConnect_f
0x006726c0__0x006eea00	006eea00	SV_DropAllClients	0x7	006eea07	CALL	UNCONDITIONAL_CALL	00776850	00776850	Dvar_GetInt
0x006726c0__0x006eea00	006eea00	SV_DropAllClients	0x2d	006eea2d	CALL	UNCONDITIONAL_CALL	006e7530	006e7530	SV_DropClient
0x004dbeb0__0x0073cb80	0073cb80	UI_GetBusyDotsIndicator	0x0	0073cb80	CALL	UNCONDITIONAL_CALL	0079d5d0	0079d5d0	Sys_Milliseconds
0x005360a0__0x0073e540	0073e540	QuitOnError	0x0	0073e540	CALL	UNCONDITIONAL_CALL	00771c40	00771c40	Dvar_IsSystemActive
0x005360a0__0x0073e540	0073e540	QuitOnError	0xf	0073e54f	CALL	UNCONDITIONAL_CALL	007767a0	007767a0	Dvar_GetBool
0x005360a0__0x0073e540	0073e540	QuitOnError	0x22	0073e562	CALL	UNCONDITIONAL_CALL	00776850	00776850	Dvar_GetInt
0x0048e7f0__0x006e4890	006e4890	SV_AddDedicatedCommands	0x5	006e4895	CALL	UNCONDITIONAL_CALL	006b2a80	006b2a80	Cmd_RemoveCommand
0x0048e7f0__0x006e4890	006e4890	SV_AddDedicatedCommands	0xf	006e489f	CALL	UNCONDITIONAL_CALL	006b2a80	006b2a80	Cmd_RemoveCommand
0x0048e7f0__0x006e4890	006e4890	SV_AddDedicatedCommands	0x23	006e48b3	CALL	UNCONDITIONAL_CALL	006b29e0	006b29e0	Cmd_AddCommandInternal
0x0048e7f0__0x006e4890	006e4890	SV_AddDedicatedCommands	0x37	006e48c7	CALL	UNCONDITIONAL_CALL	006b1c70	006b1c70	Cmd_AddServerCommandInternal
0x0048e7f0__0x006e4890	006e4890	SV_AddDedicatedCommands	0x4b	006e48db	CALL	UNCONDITIONAL_CALL	006b29e0	006b29e0	Cmd_AddCommandInternal
0x0048e7f0__0x006e4890	006e4890	SV_AddDedicatedCommands	0x5f	006e48ef	CALL	UNCONDITIONAL_CALL	006b1c70	006b1c70	Cmd_AddServerCommandInternal
0x009ffb10__0x00985910	00985910	jqInit	0x32	00985942	CALL	UNCONDITIONAL_CALL	00987490	00987490	jqAtomicQueue<jqBatch,32>::AllocateNode
0x009ffb10__0x00985910	00985910	jqInit	0x53	00985963	CALL	UNCONDITIONAL_CALL	009873f0	009873f0	jqAtomicQueue<jqBatch,32>::AllocateNodeBlock
0x009ffb10__0x00985910	00985910	jqInit	0x70	00985980	JMP	UNCONDITIONAL_CALL	009855d0	009855d0	_jqInit
0x00479bc0__0x00765c60	00765c60	irand	0x2c	00765c8c	CALL	UNCONDITIONAL_CALL	00ab5630	00ab5630	_allmul
0x004863a0__0x0070d600	0070d600	UI_FriendsRegisterDvars	0xe	0070d60e	CALL	UNCONDITIONAL_CALL	00776e60	00776e60	_Dvar_RegisterBool
0x004863a0__0x0070d600	0070d600	UI_FriendsRegisterDvars	0x26	0070d626	CALL	UNCONDITIONAL_CALL	00776e60	00776e60	_Dvar_RegisterBool
0x004863a0__0x0070d600	0070d600	UI_FriendsRegisterDvars	0x3e	0070d63e	CALL	UNCONDITIONAL_CALL	00776e60	00776e60	_Dvar_RegisterBool
0x005a0430__0x0086c680	0086c680	Path_ShutdownBadPlaces	0x13	0086c693	CALL	UNCONDITIONAL_CALL	00837ad0	00837ad0	Scr_SetString
0x005a0430__0x0086c680	0086c680	Path_ShutdownBadPlaces	0x2c	0086c6ac	CALL	UNCONDITIONAL_CALL	00aad640	00aad640	memset
0x00739370__0x00a40790	00a40790	R_UI3D_Shutdown	0x22	00a407b2	CALL	UNCONDITIONAL_CALL	009de240	009de240	NET_Sleep
0x00739370__0x00a40790	00a40790	R_UI3D_Shutdown	0x3b	00a407cb	CALL	UNCONDITIONAL_CALL	00a87e20	00a87e20	R_ShutdownUI3DRenderTarget
0x005380d0__0x00795a70	00795a70	VCS_Init	0x19	00795a89	CALL	UNCONDITIONAL_CALL	006b29e0	006b29e0	Cmd_AddCommandInternal
0x005380d0__0x00795a70	00795a70	VCS_Init	0x2d	00795a9d	CALL	UNCONDITIONAL_CALL	006b29e0	006b29e0	Cmd_AddCommandInternal
0x005380d0__0x00795a70	00795a70	VCS_Init	0x47	00795ab7	CALL	UNCONDITIONAL_CALL	00776ec0	00776ec0	_Dvar_RegisterInt
0x0068cf30__0x00884ae0	00884ae0	Actor_Negotiation_Start	0x9	00884ae9	CALL	UNCONDITIONAL_CALL	00879030	00879030	Path_HasNegotiationNode
0x0068cf30__0x00884ae0	00884ae0	Actor_Negotiation_Start	0x1b	00884afb	CALL	UNCONDITIONAL_CALL	00886970	00886970	Actor_SetOrientMode
0x005ca560__0x0073e500	0073e500	RefreshQuitOnErrorCondition	0x0	0073e500	CALL	UNCONDITIONAL_CALL	00771c40	00771c40	Dvar_IsSystemActive
0x005ca560__0x0073e500	0073e500	RefreshQuitOnErrorCondition	0xf	0073e50f	CALL	UNCONDITIONAL_CALL	007767a0	007767a0	Dvar_GetBool
0x005ca560__0x0073e500	0073e500	RefreshQuitOnErrorCondition	0x22	0073e522	CALL	UNCONDITIONAL_CALL	00776850	00776850	Dvar_GetInt
0x005e24c0__0x007eac20	007eac20	Phys_EnterPhysicsCriticalSection	0x0	007eac20	CALL	UNCONDITIONAL_CALL	006dfc50	006dfc50	Sys_IsMainThread
0x005e24c0__0x007eac20	007eac20	Phys_EnterPhysicsCriticalSection	0xb	007eac2b	CALL	UNCONDITIONAL_CALL	00792370	00792370	Sys_TryEnterCriticalSection
0x005e24c0__0x007eac20	007eac20	Phys_EnterPhysicsCriticalSection	0x17	007eac37	CALL	UNCONDITIONAL_CALL	0079ef40	0079ef40	IW_task_manager_flush
0x005e24c0__0x007eac20	007eac20	Phys_EnterPhysicsCriticalSection	0x1e	007eac3e	CALL	UNCONDITIONAL_CALL	00792370	00792370	Sys_TryEnterCriticalSection
0x005e24c0__0x007eac20	007eac20	Phys_EnterPhysicsCriticalSection	0x2c	007eac4c	CALL	UNCONDITIONAL_CALL	00792320	00792320	Sys_EnterCriticalSection
0x005fbee0__0x006ef510	006ef510	SV_SaveSystemInfo	0x9	006ef519	CALL	UNCONDITIONAL_CALL	006b5ec0	006b5ec0	Com_LocalClients_GetPrimary
0x005fbee0__0x006ef510	006ef510	SV_SaveSystemInfo	0xf	006ef51f	CALL	UNCONDITIONAL_CALL	006c4040	006c4040	Dvar_InfoString
0x005fbee0__0x006ef510	006ef510	SV_SaveSystemInfo	0x17	006ef527	CALL	UNCONDITIONAL_CALL	006eec40	006eec40	SV_SetConfigstring
0x005fbee0__0x006ef510	006ef510	SV_SaveSystemInfo	0x2f	006ef53f	CALL	UNCONDITIONAL_CALL	006c3f70	006c3f70	SV_SetConfig
0x00459d40__0x00519ab0	00519ab0	Party_ClearTempBannedXuidList	0xe	00519abe	CALL	UNCONDITIONAL_CALL	00aad640	00aad640	memset
0x0058c440__0x0079df60	0079df60	Voice_StopClientSamples	0x17	0079df77	CALL	UNCONDITIONAL_CALL	0068b540	0068b540	Sound_StopSample
0x00435a60__0x007d3210	007d3210	NitrousVehicle::reinit_parms	0x1c	007d322c	CALL	UNCONDITIONAL_CALL	007d27a0	007d27a0	NitrousVehicle::update_parms
0x004b0770__0x006d7c30	006d7c30	Stream_Shutdown	0x10	006d7c40	CALL	UNCONDITIONAL_CALL	006dffd0	006dffd0	Sys_ResetSndInitializedEvent
0x004b0770__0x006d7c30	006d7c30	Stream_Shutdown	0x15	006d7c45	CALL	UNCONDITIONAL_CALL	006dffe0	006dffe0	Sys_QueryStreamPaused
0x004b0770__0x006d7c30	006d7c30	Stream_Shutdown	0x22	006d7c52	CALL	UNCONDITIONAL_CALL	009de240	009de240	NET_Sleep
0x004b0770__0x006d7c30	006d7c30	Stream_Shutdown	0x2a	006d7c5a	CALL	UNCONDITIONAL_CALL	006dffe0	006dffe0	Sys_QueryStreamPaused
0x00576730__0x008b6af0	008b6af0	SND_LoadSoundsWait	0x7	008b6af7	CALL	UNCONDITIONAL_CALL	008ada60	008ada60	SND_Active
0x00576730__0x008b6af0	008b6af0	SND_LoadSoundsWait	0x20	008b6b10	CALL	UNCONDITIONAL_CALL	009de240	009de240	NET_Sleep
0x00576730__0x008b6af0	008b6af0	SND_LoadSoundsWait	0x2f	008b6b1f	CALL	UNCONDITIONAL_CALL	008c3480	008c3480	SND_UpdateWait
0x005b2500__0x00512f80	00512f80	Voice_SendVoiceData	0x6	00512f86	CALL	UNCONDITIONAL_CALL	007767a0	007767a0	Dvar_GetBool
0x005b2500__0x00512f80	00512f80	Voice_SendVoiceData	0x15	00512f95	CALL	UNCONDITIONAL_CALL	004ebb10	004ebb10	IN_IsTalkKeyHeld
0x00584400__0x00878cd0	00878cd0	Path_Begin	0xb	00878cdb	CALL	UNCONDITIONAL_CALL	00aad640	00aad640	memset
0x00633bb0__0x00720290	00720290	UI_ClearErrors	0xb	0072029b	CALL	UNCONDITIONAL_CALL	007784a0	007784a0	Dvar_SetString
0x00633bb0__0x00720290	00720290	UI_ClearErrors	0x1c	007202ac	CALL	UNCONDITIONAL_CALL	007784a0	007784a0	Dvar_SetString
0x00633bb0__0x00720290	00720290	UI_ClearErrors	0x2d	007202bd	CALL	UNCONDITIONAL_CALL	007784a0	007784a0	Dvar_SetString
0x004932e0__0x00891030	00891030	Actor_RecentlySeeEnemy	0x3	00891033	CALL	UNCONDITIONAL_CALL	0085d080	0085d080	Actor_GetTargetSentient
0x004932e0__0x00891030	00891030	Actor_RecentlySeeEnemy	0x15	00891045	CALL	UNCONDITIONAL_CALL	00890920	00890920	Actor_RecentlySeeSentient
0x004932e0__0x00891030	00891030	Actor_RecentlySeeEnemy	0x1d	0089104d	JMP	UNCONDITIONAL_CALL	00890aa0	00890aa0	Actor_CanSeeEnemy
0x004a7600__0x0069e710	0069e710	std::basic_string<char,std::char_traits<char>,std::allocator<char>_>::~basic_string<char,std::char_traits<char>,std::allocator<char>_>	0xc	0069e71c	CALL	UNCONDITIONAL_CALL	00aafd7e	00aafd7e	operator_delete
0x00418820__0x008d5240	008d5240	Session_QoSUpdate_Platform	0x1	008d5241	CALL	UNCONDITIONAL_CALL	00564ce0	00564ce0	dwGetQoSProbe
0x00418820__0x008d5240	008d5240	Session_QoSUpdate_Platform	0x8	008d5248	CALL	UNCONDITIONAL_CALL	008e2db0	008e2db0	CCallback<CSteamAchievements,UserStatsStored_t,0>::GetCallbackSizeBytes
0x00418820__0x008d5240	008d5240	Session_QoSUpdate_Platform	0xe	008d524e	CALL	UNCONDITIONAL_CALL	008d3200	008d3200	Session_GetQosPayloadBuffer
0x00418820__0x008d5240	008d5240	Session_QoSUpdate_Platform	0x16	008d5256	CALL	UNCONDITIONAL_CALL	009e3a00	009e3a00	bdQoSProbe::setData
0x004c1160__0x005b4520	005b4520	FriendInfo::FriendInfo	0xa	005b452a	CALL	UNCONDITIONAL_CALL	009baae0	009baae0	bdSecurityID::bdSecurityID
0x004c1160__0x005b4520	005b4520	FriendInfo::FriendInfo	0x15	005b4535	CALL	UNCONDITIONAL_CALL	009baa90	009baa90	bdSecurityKey::bdSecurityKey
0x005213e0__0x0079e400	0079e400	Voice_IsLocalClientTalking	0x12	0079e412	CALL	UNCONDITIONAL_CALL	004ebb10	004ebb10	IN_IsTalkKeyHeld
0x00534f20__0x00564cc0	00564cc0	dwGetAddressMap	0x0	00564cc0	CALL	UNCONDITIONAL_CALL	0055e780	0055e780	bdSingleton<bdNetImpl>::getInstance
0x00534f20__0x00564cc0	00564cc0	dwGetAddressMap	0xb	00564ccb	CALL	UNCONDITIONAL_CALL	009d8810	009d8810	bdNetImpl::getSocketRouter
0x00534f20__0x00564cc0	00564cc0	dwGetAddressMap	0x16	00564cd6	JMP	UNCONDITIONAL_CALL	009de790	009de790	bdSocketRouter::getAddressMap
0x00543f10__0x008adaf0	008adaf0	SND_ErrorIfSoundGlobalsTrashed	0x1d	008adb0d	CALL	UNCONDITIONAL_CALL	006bc8b0	006bc8b0	Com_Error
0x00421460__0x007e2050	007e2050	prop_system_collision_process	0x22	007e2072	CALL	UNCONDITIONAL_CALL	0099c370	0099c370	phys_task_manager_process
0x00421460__0x007e2050	007e2050	prop_system_collision_process	0x2a	007e207a	JMP	UNCONDITIONAL_CALL	0099c330	0099c330	phys_task_manager_flush
0x00474db0__0x006e09b0	006e09b0	Sys_GumpLoaded	0x5	006e09b5	CALL	UNCONDITIONAL_CALL	006e0930	006e0930	Sys_GumpPrint
0x0048b6b0__0x0086b470	0086b470	Actor_IsAnimScriptAlive	0x12	0086b482	CALL	UNCONDITIONAL_CALL	0083c120	0083c120	Scr_IsThreadAlive
0x00629760__0x00565340	00565340	LeaderboardFileShareRow::LeaderboardFileShareRow	0x3	00565343	CALL	UNCONDITIONAL_CALL	009cdd30	009cdd30	bdStatsInfo::bdStatsInfo
0x004406b0__0x00872e70	00872e70	Actor_Exposed_FindReacquireNode	0x3	00872e73	CALL	UNCONDITIONAL_CALL	0085cfd0	0085cfd0	Actor_GetTargetEntity
0x004ff490__0x008b3a90	008b3a90	SNDL_Shutdown	0x9	008b3a99	CALL	UNCONDITIONAL_CALL	008b6d30	008b6d30	SND_DebugFini
0x004ff490__0x008b3a90	008b3a90	SNDL_Shutdown	0xe	008b3a9e	CALL	UNCONDITIONAL_CALL	008b0370	008b0370	SND_ShutdownVoices
0x004ff490__0x008b3a90	008b3a90	SNDL_Shutdown	0x13	008b3aa3	CALL	UNCONDITIONAL_CALL	008b98f0	008b98f0	SD_Sync
0x004ff490__0x008b3a90	008b3a90	SNDL_Shutdown	0x18	008b3aa8	CALL	UNCONDITIONAL_CALL	008b9940	008b9940	SD_Shutdown
0x004ff490__0x008b3a90	008b3a90	SNDL_Shutdown	0x1d	008b3aad	CALL	UNCONDITIONAL_CALL	008bf860	008bf860	SND_LosOcclusionFini
0x0041af40__0x0070df00	0070df00	UI_Keyboard_EmailEntry_f	0x7	0070df07	CALL	UNCONDITIONAL_CALL	0078e8c0	0078e8c0	va
0x0041af40__0x0070df00	0070df00	UI_Keyboard_EmailEntry_f	0xf	0070df0f	CALL	UNCONDITIONAL_CALL	006b1a90	006b1a90	Cbuf_AddText
0x004aea90__0x005617e0	005617e0	dwClearQoSProbes	0x9	005617e9	CALL	UNCONDITIONAL_CALL	00564ce0	00564ce0	dwGetQoSProbe
0x004aea90__0x005617e0	005617e0	dwClearQoSProbes	0x14	005617f4	JMP	UNCONDITIONAL_CALL	009e6180	009e6180	bdQoSProbe::cancelProbes
0x006203b0__0x006f22e0	006f22e0	SV_KillLocalServer	0x6	006f22e6	CALL	UNCONDITIONAL_CALL	007767a0	007767a0	Dvar_GetBool
0x00625100__0x00719d20	00719d20	Playlist_GetPlaylistFilename	0x2	00719d22	CALL	UNCONDITIONAL_CALL	006bb610	006bb610	Com_SessionMode_IsMode
0x00731fb0__0x00a24de0	00a24de0	R_ExtraCam_Shutdown	0x9	00a24de9	CALL	UNCONDITIONAL_CALL	00a87bb0	00a87bb0	R_ShutdownExtraCamRenderTargets
0x00731fb0__0x00a24de0	00a24de0	R_ExtraCam_Shutdown	0x13	00a24df3	CALL	UNCONDITIONAL_CALL	0078bf80	0078bf80	PMem_Free
0x00a2d750__0x0055eb30	0055eb30	dwLobbyEventHandler::onPlayerBanned	0xb	0055eb3b	CALL	UNCONDITIONAL_CALL	008ca4e0	008ca4e0	LiveAntiCheat_DWPlayerBanned
0x0057fa00__0x007e0df0	007e0df0	broad_phase_info::collision_prolog	0x22	007e0e12	CALL	UNCONDITIONAL_CALL	007ccfb0	007ccfb0	phys_full_multiply_mat
0x0057fa00__0x007e0df0	007e0df0	broad_phase_info::collision_prolog	0xdc	007e0ecc	CALL	UNCONDITIONAL_CALL	00991470	00991470	calc_largest_vel_sq
0x00a50ac0__0x009e4140	009e4140	bdFastArray<void_(__cdecl*)(void)>::increaseCapacity	0x22	009e4162	CALL	UNCONDITIONAL_CALL	009bbbb0	009bbbb0	bdMemory::allocate
0x00a50ac0__0x009e4140	009e4140	bdFastArray<void_(__cdecl*)(void)>::increaseCapacity	0x3f	009e417f	CALL	UNCONDITIONAL_CALL	00aae630	00aae630	memcpy
0x00a50ac0__0x009e4140	009e4140	bdFastArray<void_(__cdecl*)(void)>::increaseCapacity	0x4a	009e418a	CALL	UNCONDITIONAL_CALL	009bbbf0	009bbbf0	bdMemory::deallocate
0x006a2c70__0x005b3820	005b3820	SV_BotNameRandom	0xe	005b382e	CALL	UNCONDITIONAL_CALL	00644180	00644180	G_irand
0x004e7300__0x008aa780	008aa780	SND_AliasGetPfutzLoopAliasId	0x8	008aa788	CALL	UNCONDITIONAL_CALL	008c5e00	008c5e00	SND_HashName
0x004e7300__0x008aa780	008aa780	SND_AliasGetPfutzLoopAliasId	0xe	008aa78e	CALL	UNCONDITIONAL_CALL	008bc5b0	008bc5b0	SND_GetFutz
0x00512650__0x008aa750	008aa750	SND_AliasGetPfutzStartAliasId	0x8	008aa758	CALL	UNCONDITIONAL_CALL	008c5e00	008c5e00	SND_HashName
0x00512650__0x008aa750	008aa750	SND_AliasGetPfutzStartAliasId	0xe	008aa75e	CALL	UNCONDITIONAL_CALL	008bc5b0	008bc5b0	SND_GetFutz
0x0064f330__0x00717220	00717220	UI_Project_AssetCache	0xb	0071722b	CALL	UNCONDITIONAL_CALL	00a2a140	00a2a140	Material_RegisterHandle
0x0064f330__0x00717220	00717220	UI_Project_AssetCache	0x20	00717240	CALL	UNCONDITIONAL_CALL	00a2a140	00a2a140	Material_RegisterHandle
0x0048b6d0__0x0086bd10	0086bd10	Actor_AnimScripted	0x19	0086bd29	CALL	UNCONDITIONAL_CALL	0086b5b0	0086b5b0	Actor_SetAnimScript
0x004e8500__0x008e9560	008e9560	playerFileOperations::~playerFileOperations	0x18	008e9578	CALL	UNCONDITIONAL_CALL	009d1fe0	009d1fe0	bdVoteRankStatsInfo::~bdVoteRankStatsInfo
0x004e8500__0x008e9560	008e9560	playerFileOperations::~playerFileOperations	0x26	008e9586	CALL	UNCONDITIONAL_CALL	009d1ec0	009d1ec0	bdFileID::~bdFileID
0x004e8500__0x008e9560	008e9560	playerFileOperations::~playerFileOperations	0x31	008e9591	CALL	UNCONDITIONAL_CALL	009d1ec0	009d1ec0	bdFileID::~bdFileID
0x004e8500__0x008e9560	008e9560	playerFileOperations::~playerFileOperations	0x3c	008e959c	CALL	UNCONDITIONAL_CALL	009d0630	009d0630	bdFileMetaData::~bdFileMetaData
0x004e8500__0x008e9560	008e9560	playerFileOperations::~playerFileOperations	0x47	008e95a7	CALL	UNCONDITIONAL_CALL	009ce1c0	009ce1c0	bdFileInfo::~bdFileInfo
0x004e8500__0x008e9560	008e9560	playerFileOperations::~playerFileOperations	0x52	008e95b2	CALL	UNCONDITIONAL_CALL	009ce350	009ce350	bdFileData::~bdFileData
0x004e8500__0x008e9560	008e9560	playerFileOperations::~playerFileOperations	0x5d	008e95bd	CALL	UNCONDITIONAL_CALL	009ce1c0	009ce1c0	bdFileInfo::~bdFileInfo
0x004e8500__0x008e9560	008e9560	playerFileOperations::~playerFileOperations	0x68	008e95c8	CALL	UNCONDITIONAL_CALL	009ce350	009ce350	bdFileData::~bdFileData
0x004e8500__0x008e9560	008e9560	playerFileOperations::~playerFileOperations	0x85	008e95e5	CALL	UNCONDITIONAL_CALL	009beff0	009beff0	bdTaskResult::~bdTaskResult
0x004e8500__0x008e9560	008e9560	playerFileOperations::~playerFileOperations	0x93	008e95f3	CALL	UNCONDITIONAL_CALL	009ce1c0	009ce1c0	bdFileInfo::~bdFileInfo
0x004e8500__0x008e9560	008e9560	playerFileOperations::~playerFileOperations	0x9e	008e95fe	CALL	UNCONDITIONAL_CALL	009ce350	009ce350	bdFileData::~bdFileData
0x004e8500__0x008e9560	008e9560	playerFileOperations::~playerFileOperations	0xa9	008e9609	CALL	UNCONDITIONAL_CALL	009ce1c0	009ce1c0	bdFileInfo::~bdFileInfo
0x004e8500__0x008e9560	008e9560	playerFileOperations::~playerFileOperations	0xb4	008e9614	CALL	UNCONDITIONAL_CALL	009ce350	009ce350	bdFileData::~bdFileData
0x004e8500__0x008e9560	008e9560	playerFileOperations::~playerFileOperations	0xbf	008e961f	CALL	UNCONDITIONAL_CALL	009ce1c0	009ce1c0	bdFileInfo::~bdFileInfo
0x004e8500__0x008e9560	008e9560	playerFileOperations::~playerFileOperations	0xca	008e962a	CALL	UNCONDITIONAL_CALL	009ce350	009ce350	bdFileData::~bdFileData
0x004e8500__0x008e9560	008e9560	playerFileOperations::~playerFileOperations	0xd5	008e9635	CALL	UNCONDITIONAL_CALL	009ce1c0	009ce1c0	bdFileInfo::~bdFileInfo
0x004e8500__0x008e9560	008e9560	playerFileOperations::~playerFileOperations	0xe0	008e9640	CALL	UNCONDITIONAL_CALL	009ce350	009ce350	bdFileData::~bdFileData
0x004e8500__0x008e9560	008e9560	playerFileOperations::~playerFileOperations	0xeb	008e964b	CALL	UNCONDITIONAL_CALL	009ce1c0	009ce1c0	bdFileInfo::~bdFileInfo
0x004e8500__0x008e9560	008e9560	playerFileOperations::~playerFileOperations	0xf6	008e9656	CALL	UNCONDITIONAL_CALL	009ce350	009ce350	bdFileData::~bdFileData
0x004e8500__0x008e9560	008e9560	playerFileOperations::~playerFileOperations	0x101	008e9661	CALL	UNCONDITIONAL_CALL	009ce1c0	009ce1c0	bdFileInfo::~bdFileInfo
0x004e8500__0x008e9560	008e9560	playerFileOperations::~playerFileOperations	0x10c	008e966c	CALL	UNCONDITIONAL_CALL	009ce350	009ce350	bdFileData::~bdFileData
0x004e8500__0x008e9560	008e9560	playerFileOperations::~playerFileOperations	0x117	008e9677	CALL	UNCONDITIONAL_CALL	009ce1c0	009ce1c0	bdFileInfo::~bdFileInfo
0x004e8500__0x008e9560	008e9560	playerFileOperations::~playerFileOperations	0x122	008e9682	CALL	UNCONDITIONAL_CALL	009ce350	009ce350	bdFileData::~bdFileData
0x004e8500__0x008e9560	008e9560	playerFileOperations::~playerFileOperations	0x12d	008e968d	CALL	UNCONDITIONAL_CALL	009ce1c0	009ce1c0	bdFileInfo::~bdFileInfo
0x004e8500__0x008e9560	008e9560	playerFileOperations::~playerFileOperations	0x138	008e9698	CALL	UNCONDITIONAL_CALL	009ce350	009ce350	bdFileData::~bdFileData
0x004e8500__0x008e9560	008e9560	playerFileOperations::~playerFileOperations	0x143	008e96a3	CALL	UNCONDITIONAL_CALL	009ce1c0	009ce1c0	bdFileInfo::~bdFileInfo
0x004e8500__0x008e9560	008e9560	playerFileOperations::~playerFileOperations	0x14e	008e96ae	CALL	UNCONDITIONAL_CALL	009ce350	009ce350	bdFileData::~bdFileData
0x004e8500__0x008e9560	008e9560	playerFileOperations::~playerFileOperations	0x159	008e96b9	CALL	UNCONDITIONAL_CALL	009ce1c0	009ce1c0	bdFileInfo::~bdFileInfo
0x004e8500__0x008e9560	008e9560	playerFileOperations::~playerFileOperations	0x164	008e96c4	CALL	UNCONDITIONAL_CALL	009ce350	009ce350	bdFileData::~bdFileData
0x004e8500__0x008e9560	008e9560	playerFileOperations::~playerFileOperations	0x16f	008e96cf	CALL	UNCONDITIONAL_CALL	009ce1c0	009ce1c0	bdFileInfo::~bdFileInfo
0x004e8500__0x008e9560	008e9560	playerFileOperations::~playerFileOperations	0x17a	008e96da	CALL	UNCONDITIONAL_CALL	009ce350	009ce350	bdFileData::~bdFileData
0x004e8500__0x008e9560	008e9560	playerFileOperations::~playerFileOperations	0x185	008e96e5	CALL	UNCONDITIONAL_CALL	009ce1c0	009ce1c0	bdFileInfo::~bdFileInfo
0x004e8500__0x008e9560	008e9560	playerFileOperations::~playerFileOperations	0x190	008e96f0	CALL	UNCONDITIONAL_CALL	009ce350	009ce350	bdFileData::~bdFileData
0x004e8500__0x008e9560	008e9560	playerFileOperations::~playerFileOperations	0x19b	008e96fb	CALL	UNCONDITIONAL_CALL	009ce1c0	009ce1c0	bdFileInfo::~bdFileInfo
0x004e8500__0x008e9560	008e9560	playerFileOperations::~playerFileOperations	0x1a6	008e9706	CALL	UNCONDITIONAL_CALL	009ce350	009ce350	bdFileData::~bdFileData
0x004e8500__0x008e9560	008e9560	playerFileOperations::~playerFileOperations	0x1ae	008e970e	CALL	UNCONDITIONAL_CALL	009ce1c0	009ce1c0	bdFileInfo::~bdFileInfo
0x004e8500__0x008e9560	008e9560	playerFileOperations::~playerFileOperations	0x1b9	008e9719	JMP	UNCONDITIONAL_CALL	009ce350	009ce350	bdFileData::~bdFileData
0x005f2870__0x00561370	00561370	dwNetStop	0x2	00561372	CALL	UNCONDITIONAL_CALL	00792320	00792320	Sys_EnterCriticalSection
0x005f2870__0x00561370	00561370	dwNetStop	0xa	0056137a	CALL	UNCONDITIONAL_CALL	005611a0	005611a0	ClearCommonAddrGroups
0x005f2870__0x00561370	00561370	dwNetStop	0xf	0056137f	CALL	UNCONDITIONAL_CALL	00564cc0	00564cc0	dwGetAddressMap
0x005f2870__0x00561370	00561370	dwNetStop	0x1a	0056138a	CALL	UNCONDITIONAL_CALL	009e3660	009e3660	bdArray<bdReference<bdConnection>_>::~bdArray<bdReference<bdConnection>_>
0x005f2870__0x00561370	00561370	dwNetStop	0x20	00561390	CALL	UNCONDITIONAL_CALL	0055e780	0055e780	bdSingleton<bdNetImpl>::getInstance
0x005f2870__0x00561370	00561370	dwNetStop	0x2d	0056139d	CALL	UNCONDITIONAL_CALL	009d85a0	009d85a0	bdNetImpl::getStatus
0x005f2870__0x00561370	00561370	dwNetStop	0x38	005613a8	CALL	UNCONDITIONAL_CALL	009d8ba0	009d8ba0	bdNetImpl::stop
0x005f2870__0x00561370	00561370	dwNetStop	0x3f	005613af	CALL	UNCONDITIONAL_CALL	007923c0	007923c0	Sys_LeaveCriticalSection
