pair_id	function_va	function_name	from_offset	from_va	target_va	text
0x00761200__0x00a8b000	00a8b000	R_RegisterSunDvars	0x0	00a8b000	00d269b8	name for static sprite; can be any material
0x00761200__0x00a8b000	00a8b000	R_RegisterSunDvars	0x7	00a8b007	00d080d0	sun
0x00761200__0x00a8b000	00a8b000	R_RegisterSunDvars	0xc	00a8b00c	00d265a4	r_sunsprite_shader
0x00761200__0x00a8b000	00a8b000	R_RegisterSunDvars	0x21	00a8b021	00d2698c	diameter in pixels at 640x480 and 80 fov
0x00761200__0x00a8b000	00a8b000	R_RegisterSunDvars	0x4c	00a8b04c	00d26590	r_sunsprite_size
0x00761200__0x00a8b000	00a8b000	R_RegisterSunDvars	0x5b	00a8b05b	00d26960	name for flare effect; can be any material
0x00761200__0x00a8b000	00a8b000	R_RegisterSunDvars	0x62	00a8b062	00d26954	sun_flare
0x00761200__0x00a8b000	00a8b000	R_RegisterSunDvars	0x67	00a8b067	00d2657c	r_sunflare_shader
0x00761200__0x00a8b000	00a8b000	R_RegisterSunDvars	0x81	00a8b081	00d26920	smallest size of flare effect in pixels at 640x480
0x00761200__0x00a8b000	00a8b000	R_RegisterSunDvars	0x9f	00a8b09f	00d26568	r_sunflare_min_size
0x00761200__0x00a8b000	00a8b000	R_RegisterSunDvars	0xb9	00a8b0b9	00d268ec	angle from sun in degrees outside which effect is 0
0x00761200__0x00a8b000	00a8b000	R_RegisterSunDvars	0xdf	00a8b0df	00d26550	r_sunflare_min_angle
0x00761200__0x00a8b000	00a8b000	R_RegisterSunDvars	0xf9	00a8b0f9	00d268b8	largest size of flare effect in pixels at 640x480
0x00761200__0x00a8b000	00a8b000	R_RegisterSunDvars	0x11f	00a8b11f	00d2653c	r_sunflare_max_size
0x00761200__0x00a8b000	00a8b000	R_RegisterSunDvars	0x139	00a8b139	00d26880	angle from sun in degrees inside which effect is max
0x00761200__0x00a8b000	00a8b000	R_RegisterSunDvars	0x15f	00a8b15f	00d26524	r_sunflare_max_angle
0x00761200__0x00a8b000	00a8b000	R_RegisterSunDvars	0x179	00a8b179	00d26850	0-1 vertex color and alpha of sun at max effect
0x00761200__0x00a8b000	00a8b000	R_RegisterSunDvars	0x19c	00a8b19c	00d2650c	r_sunflare_max_alpha
0x00761200__0x00a8b000	00a8b000	R_RegisterSunDvars	0x1b1	00a8b1b1	00d26820	time in seconds to fade alpha from 0% to 100%
0x00761200__0x00a8b000	00a8b000	R_RegisterSunDvars	0x1d7	00a8b1d7	00d264f8	r_sunflare_fadein
0x00761200__0x00a8b000	00a8b000	R_RegisterSunDvars	0x1f1	00a8b1f1	00d267f0	time in seconds to fade alpha from 100% to 0%
0x00761200__0x00a8b000	00a8b000	R_RegisterSunDvars	0x217	00a8b217	00d264e4	r_sunflare_fadeout
0x00761200__0x00a8b000	00a8b000	R_RegisterSunDvars	0x231	00a8b231	00d267b8	angle from sun in degrees outside which blinding is 0
0x00761200__0x00a8b000	00a8b000	R_RegisterSunDvars	0x257	00a8b257	00d264cc	r_sunblind_min_angle
0x00761200__0x00a8b000	00a8b000	R_RegisterSunDvars	0x271	00a8b271	00d26780	angle from sun in degrees inside which blinding is max
0x00761200__0x00a8b000	00a8b000	R_RegisterSunDvars	0x297	00a8b297	00d264b4	r_sunblind_max_angle
0x00761200__0x00a8b000	00a8b000	R_RegisterSunDvars	0x2b1	00a8b2b1	00d26748	0-1 fraction for how black the world is at max blind
0x00761200__0x00a8b000	00a8b000	R_RegisterSunDvars	0x2d7	00a8b2d7	00d2649c	r_sunblind_max_darken
0x00761200__0x00a8b000	00a8b000	R_RegisterSunDvars	0x2f1	00a8b2f1	00d26718	time in seconds to fade blind from 0% to 100%
0x00761200__0x00a8b000	00a8b000	R_RegisterSunDvars	0x31c	00a8b31c	00d26488	r_sunblind_fadein
0x00761200__0x00a8b000	00a8b000	R_RegisterSunDvars	0x331	00a8b331	00d266e8	time in seconds to fade blind from 100% to 0%
0x00761200__0x00a8b000	00a8b000	R_RegisterSunDvars	0x357	00a8b357	00d26474	r_sunblind_fadeout
0x00761200__0x00a8b000	00a8b000	R_RegisterSunDvars	0x371	00a8b371	00d266b0	angle from sun in degrees inside which glare is maximum
0x00761200__0x00a8b000	00a8b000	R_RegisterSunDvars	0x397	00a8b397	00d2645c	r_sunglare_min_angle
0x00761200__0x00a8b000	00a8b000	R_RegisterSunDvars	0x3b1	00a8b3b1	00d26678	angle from sun in degrees inside which glare is minimum
0x00761200__0x00a8b000	00a8b000	R_RegisterSunDvars	0x3d7	00a8b3d7	00d26444	r_sunglare_max_angle
0x00761200__0x00a8b000	00a8b000	R_RegisterSunDvars	0x3f1	00a8b3f1	00d26640	0-1 fraction for how white the world is at max glare
0x00761200__0x00a8b000	00a8b000	R_RegisterSunDvars	0x417	00a8b417	00d2642c	r_sunglare_max_lighten
0x00761200__0x00a8b000	00a8b000	R_RegisterSunDvars	0x431	00a8b431	00d26610	time in seconds to fade glare from 0% to 100%
0x00761200__0x00a8b000	00a8b000	R_RegisterSunDvars	0x457	00a8b457	00d26418	r_sunglare_fadein
0x00761200__0x00a8b000	00a8b000	R_RegisterSunDvars	0x471	00a8b471	00d265e0	time in seconds to fade glare from 100% to 0%
0x00761200__0x00a8b000	00a8b000	R_RegisterSunDvars	0x497	00a8b497	00d26404	r_sunglare_fadeout
0x00761200__0x00a8b000	00a8b000	R_RegisterSunDvars	0x4b1	00a8b4b1	00d265b8	Position in degrees of the sun effect
0x00761200__0x00a8b000	00a8b000	R_RegisterSunDvars	0x4e3	00a8b4e3	00d263f0	r_sun_fx_position
0x00573290__0x0079ebd0	0079ebd0	Voice_Init	0x1	0079ebd1	00c6bb4c	Mute the microphone
0x00573290__0x0079ebd0	0079ebd0	Voice_Init	0xa	0079ebda	00c6bb38	winvoice_mic_mute
0x00573290__0x0079ebd0	0079ebd0	Voice_Init	0x14	0079ebe4	00c6bb1c	Microphone recording level
0x00573290__0x0079ebd0	0079ebd0	Voice_Init	0x27	0079ebf7	00c6bb04	winvoice_mic_reclevel
0x00573290__0x0079ebd0	0079ebd0	Voice_Init	0x36	0079ec06	00c6bae8	Write voice data to a file
0x00573290__0x0079ebd0	0079ebd0	Voice_Init	0x3f	0079ec0f	00c6bad4	winvoice_save_voice
0x00573290__0x0079ebd0	0079ebd0	Voice_Init	0x59	0079ec29	00c6babc	Microphone scaler value
0x00573290__0x0079ebd0	0079ebd0	Voice_Init	0x84	0079ec54	00c6baa8	winvoice_mic_scaler
0x00573290__0x0079ebd0	0079ebd0	Voice_Init	0x93	0079ec63	00c6ba88	Echo microphone input locally
0x00573290__0x0079ebd0	0079ebd0	Voice_Init	0x9c	0079ec6c	00c6ba74	winvoice_loopback
0x00573290__0x0079ebd0	0079ebd0	Voice_Init	0xab	0079ec7b	00c6ba60	Voice scaler value
0x00573290__0x0079ebd0	0079ebd0	Voice_Init	0xbe	0079ec8e	00c6ba48	winvoice_voice_level
0x005b0090__0x006ed720	006ed720	SV_ChangeMaxClients	0x7e	006ed79e	00c3d9ac	The maximum number of clients that can connect to a server
0x005b0090__0x006ed720	006ed720	SV_ChangeMaxClients	0x8a	006ed7aa	00c3d99c	sv_maxclients
0x00613600__0x006ed180	006ed180	SV_ConnectionLog_Init	0x8	006ed188	00c3d7a4	Probability of uploading connection log data.
0x00613600__0x006ed180	006ed180	SV_ConnectionLog_Init	0x31	006ed1b1	00c3d788	sv_connectionLogProbability
0x00613600__0x006ed180	006ed180	SV_ConnectionLog_Init	0x46	006ed1c6	00c3d75c	Number of samples per second per client.
0x00613600__0x006ed180	006ed180	SV_ConnectionLog_Init	0x6f	006ed1ef	00c3d738	sv_connectionLogSamplesPerSecond
0x004e3f70__0x007e4b80	007e4b80	Phys_EffectsInit	0x8	007e4b88	00c76648	Lower limit for the intensity of the impact sounds that the engine triggers.
0x004e3f70__0x007e4b80	007e4b80	Phys_EffectsInit	0x2e	007e4bae	00c76628	phys_impact_intensity_limit
0x004e3f70__0x007e4b80	007e4b80	Phys_EffectsInit	0x43	007e4bc3	00c765b0	Disable effects that are further than distance_cutoff value. Uses the distance /in inches/ to the closes active player.
0x004e3f70__0x007e4b80	007e4b80	Phys_EffectsInit	0x6c	007e4bec	00c76590	phys_impact_distance_cutoff
0x004e3f70__0x007e4b80	007e4b80	Phys_EffectsInit	0x7b	007e4bfb	00c76564	Enable/Disable the physics impact effects.
0x004e3f70__0x007e4b80	007e4b80	Phys_EffectsInit	0x87	007e4c07	00c76554	phys_impact_fx
0x0073b4f0__0x00a2f720	00a2f720	duck_Update	0x50	00a2f770	00d10d0c	cod_matureduck
0x006726c0__0x006eea00	006eea00	SV_DropAllClients	0x27	006eea27	00bbf5ec	EXE_DISCONNECTED
0x004dbeb0__0x0073cb80	0073cb80	UI_GetBusyDotsIndicator	0x24	0073cba4	00c4f88c	   
0x004dbeb0__0x0073cb80	0073cb80	UI_GetBusyDotsIndicator	0x2a	0073cbaa	00b94fb4	...
0x004dbeb0__0x0073cb80	0073cb80	UI_GetBusyDotsIndicator	0x30	0073cbb0	00c4f888	.. 
0x004dbeb0__0x0073cb80	0073cb80	UI_GetBusyDotsIndicator	0x36	0073cbb6	00c4f884	.  
0x0048e7f0__0x006e4890	006e4890	SV_AddDedicatedCommands	0x0	006e4890	00bf3ea0	say
0x0048e7f0__0x006e4890	006e4890	SV_AddDedicatedCommands	0xa	006e489a	00c3b3c4	tell
0x0048e7f0__0x006e4890	006e4890	SV_AddDedicatedCommands	0x1e	006e48ae	00bf3ea0	say
0x0048e7f0__0x006e4890	006e4890	SV_AddDedicatedCommands	0x32	006e48c2	00bf3ea0	say
0x0048e7f0__0x006e4890	006e4890	SV_AddDedicatedCommands	0x46	006e48d6	00c3b3c4	tell
0x0048e7f0__0x006e4890	006e4890	SV_AddDedicatedCommands	0x5a	006e48ea	00c3b3c4	tell
0x004863a0__0x0070d600	0070d600	UI_FriendsRegisterDvars	0x0	0070d600	00c46c68	True when viewing Friends List.
0x004863a0__0x0070d600	0070d600	UI_FriendsRegisterDvars	0x9	0070d609	00c46c54	ui_friendsListOpen
0x004863a0__0x0070d600	0070d600	UI_FriendsRegisterDvars	0x13	0070d613	00c46c28	True when viewing recent met player List.
0x004863a0__0x0070d600	0070d600	UI_FriendsRegisterDvars	0x1c	0070d61c	00c46c14	ui_playerListOpen
0x004863a0__0x0070d600	0070d600	UI_FriendsRegisterDvars	0x2b	0070d62b	00c46bec	True when in game gamercard is open.
0x004863a0__0x0070d600	0070d600	UI_FriendsRegisterDvars	0x34	0070d634	00c46bd8	ui_playercardOpen
0x005380d0__0x00795a70	00795a70	VCS_Init	0xa	00795a7a	00c69524	vcs_start
0x005380d0__0x00795a70	00795a70	VCS_Init	0x28	00795a98	00c69518	vcs_stop
0x005380d0__0x00795a70	00795a70	VCS_Init	0x32	00795aa2	00c694c0	indicates the display state of the vcs system 0=not displayed, 1=windowed, 2=fullscreen
0x005380d0__0x00795a70	00795a70	VCS_Init	0x42	00795ab2	00c694ac	vcs_WindowState
0x00633bb0__0x00720290	00720290	UI_ClearErrors	0x5	00720295	00b8f83f	
0x00633bb0__0x00720290	00720290	UI_ClearErrors	0x16	007202a6	00b8f83f	
0x00633bb0__0x00720290	00720290	UI_ClearErrors	0x27	007202b7	00b8f83f	
0x00543f10__0x008adaf0	008adaf0	SND_ErrorIfSoundGlobalsTrashed	0x16	008adb06	00c9d4dc	The sound globals have been overwritten %x 
0x00474db0__0x006e09b0	006e09b0	Sys_GumpLoaded	0x0	006e09b0	00c3963c	Sys_GumpLoaded set gumpLoadedEvent 
0x0041af40__0x0070df00	0070df00	UI_Keyboard_EmailEntry_f	0x2	0070df02	00c46dc0	ui_keyboard_new %d 
0x00625100__0x00719d20	00719d20	Playlist_GetPlaylistFilename	0xc	00719d2c	00c49b8c	playlists_zm.info
0x00625100__0x00719d20	00719d20	Playlist_GetPlaylistFilename	0x13	00719d33	00c49b78	playlists_mp.info
0x00731fb0__0x00a24de0	00a24de0	R_ExtraCam_Shutdown	0xe	00a24dee	00d0dd5c	ExtraCamHeap
0x004e7300__0x008aa780	008aa780	SND_AliasGetPfutzLoopAliasId	0x1	008aa781	00b93f4c	default
0x00512650__0x008aa750	008aa750	SND_AliasGetPfutzStartAliasId	0x1	008aa751	00b93f4c	default
0x0064f330__0x00717220	00717220	UI_Project_AssetCache	0x6	00717226	00c49490	ui_blur
0x0064f330__0x00717220	00717220	UI_Project_AssetCache	0x16	00717236	00c49480	ui_line_graph
